ResponseID,StartDate,EndDate,Finished,isAppointer,isClaimant,isRespondent,isOutcome,isOrder,iiAppointer,iiClaimant,iiRespondent,iiOutcome,iiDamages,ConsentForm,InvestorStateSeen,isShareFeesRespondent,isClaimantReimbursesAll,isClaimantReimbursesSome,isSplitExpenses,isRespondentReimbursesSome,isRespondentReimbursesAll,isRespondentReimbursesAll2,isRespondentReimbursesSome2,isSplitExpenses2,isClaimantReimbursesSome2,isClaimantReimbursesAll2,isOpenEnded,iiShown,iiClaimantDamages,iiShareFeesRespondent,iiClaimantReimbursesAll,iiClaimantReimbursesSome,iiSplitExpenses,iiRespondentReimbursesSome,iiRespondentReimbursesAll,iiRespondentReimbursesAll2,iiRespondentReimbursesSome2,iiSplitExpenses2,iiClaimantReimbursesSome2,iiClaimantReimbursesAll2,iiOpenEnded,backgroundShown,genderMale,genderFemale,anyUS,anyCommon,anyCivil,employmentPrivate,employmentProfessor,employmentGovt,employmentOther,employmentCoded,educationCoded,educationAnswered,numArbitrations0,numArbitrations1Plus,isDisputeYes,isDisputeNo,randomizer,RowID,isReimbursement,isWinner,isAppointerSide,isReimbursementFolded,isSplit,isSome,isAll,isAny
R_zZqqWxi2HRqa3jX,10/27/2015 13:09,10/27/2015 13:15,1,Parties,a high income economy,a low income economy,Claimant without legal merit,0,by the parties.,Fortune 500 company,Fortune 500 company,by majority,"agreed on an independent expert randomly selected from a pool of qualified experts who calculated damages for US$2,034,040.00.",1,1,0,1,0,0,0,0,NA,NA,NA,NA,NA,On the basis of costs follow the event,1,2034040,100,NA,NA,NA,NA,NA,0,0,0,0,1,"Again, costs follow the event",1,1,0,0,1,0,1,0,0,0,Private,Master's,1,0,1,0,1,Investor-State Vignette|Investor-Investor Vignette,1,1,Respondent,Parties,5,0,0,1,1
R_zVhoxMNuBBQHXAB,10/23/2015 20:02,10/23/2015 20:08,1,Respondent,a middle income economy,a middle income economy,Claimant wins,1,by the respondent.,modest but growing local company in an emerging economy country,Fortune 500 company,by majority,"agreed on an independent expert randomly selected from a pool of qualified experts who calculated damages for US$2,034,040.00.",1,1,75,0,0,0,1,0,0,1,0,0,0,NA,1,2034040,100,NA,NA,NA,NA,NA,1,0,0,0,0,NA,1,1,0,1,1,0,1,0,0,0,Private,Master's,1,0,1,0,1,Investor-Investor Vignette|Investor-State Vignette,2,4,Claimant,Appointed by Loser,4,0,1,0,1
R_ZvCOPyDSnN3vipz,10/27/2015 12:48,10/27/2015 13:02,1,Respondent,a high income economy,a middle income economy,Respondent wins,0,by the respondent.,modest but growing local company in an emerging economy country,Fortune 500 company,by majority,"agreed on an independent expert randomly selected from a pool of qualified experts who calculated damages for US$2,034,040.00.",1,1,80,1,0,0,0,0,NA,NA,NA,NA,NA,It is because it was submitted by both parties that full costs should be borne by the losing party.,1,1850000,100,NA,NA,NA,NA,NA,0,1,0,0,0,The losing party ought to bear the expenses because it had opportunity to have resolved the matter amicably before the Claimant initiated the arbitration proceedings.,1,1,0,0,1,0,1,0,0,0,Private,Bachelor's,1,0,1,0,1,Investor-Investor Vignette|Investor-State Vignette,3,1,Respondent,Appointed by Winner,5,0,0,1,1
R_Zk3fAEXi8hpeUqB,10/23/2015 15:47,10/23/2015 15:59,1,Claimant,a middle income economy,a low income economy,Respondent wins,0,by the claimant.,Fortune 500 company,Fortune 500 company,unanimously,"each presented equally credible witnesses. The claimant’s expert calculated damages for US$4,002,100.00. The respondent’s expert calculated damages for US$1,059,307.00.",1,1,50,0,0,1,0,0,NA,NA,NA,NA,NA,There is no reference to ICSID Rule 41(5) so it must be assumed that this was not a frivolous claim. The cost of defending a normal claim is part of having a BIT and attracting investment.,1,-88,100,0,0,0,0,1,NA,NA,NA,NA,NA,Not enough information to get a fix on the damages -- there are multiple contract clauses and it isn't stated which breach caused what damages. /,1,0,1,1,1,0,1,0,0,0,Private,JD,1,1,0,0,1,Investor-State Vignette|Investor-Investor Vignette,5,3,Respondent,Appointed by Loser,3,1,0,0,0
R_YYL0HViGZ4YV0U9,10/29/2015 6:25,10/29/2015 6:38,1,Respondent,a high income economy,a low income economy,Outside jurisdiction,1,by the respondent.,Fortune 500 company,Fortune 500 company,unanimously,"each presented equally credible witnesses. The claimant’s expert calculated damages for US$4,002,100.00. The respondent’s expert calculated damages for US$1,059,307.00.",1,1,0,1,0,0,0,0,0,0,0,0,1,It is only fair that the claimant who initiated the proceedings at a place where no jurisdiction exists bears the whole risk of the proceedings. This is also normal in state courts. Why should have respondent to bear any costs. It was only by the decision of claimant that these proceedings were initated.,1,1059307,24,NA,NA,NA,NA,NA,0,0,0,1,0,"We do not know what the claiment in its prayer for reliefe claimed. However, if we assume it was the amount the expert of claimant argued for then claimend was claiming far too much. Concerning the proofs at hand only the 1 Mio is proven for sure the rest is difficult to asses. Hence, with no further arguments I would say the court can award 1 Mio. Hence, the claimant is receiving 1 Mio. but asked for 4 hence has to bear the majority of the costs.",1,1,0,0,0,1,1,0,0,0,Private,Doctorate,1,0,1,0,1,Investor-State Vignette|Investor-Investor Vignette,9,1,Respondent,Appointed by Winner,5,0,0,1,1
R_ywJtgbw1nE9bLcR,10/29/2015 14:20,10/29/2015 14:47,1,Respondent,a middle income economy,a middle income economy,Claimant without legal merit,0,by the respondent.,Fortune 500 company,modest but growing local company in an emerging economy country,by majority,"agreed on an independent expert randomly selected from a pool of qualified experts who calculated damages for US$2,034,040.00.",1,1,0,1,0,0,0,0,NA,NA,NA,NA,NA,"Costs follow the event is and should be the prevailing rule, even for investment treaty arbitration. Rule 41(5) dismissal constitutes total success for the Respondent. Only the unreasonableness of the amount of the Respondent's expenses or other exceptional circumstances would justify anything less than 100% recovery by the Respondent. No such circumstances are mentioned.",1,2034040,100,0,0,0,0,1,NA,NA,NA,NA,NA,"Same reasoning as prior question, but for greater absence of details as to factors which might suggest a lesser recovery by the Claimant.",1,1,0,NA,NA,NA,0,0,0,1,Public,JD,1,1,0,0,1,Investor-State Vignette|Investor-Investor Vignette,11,1,Respondent,Appointed by Winner,5,0,0,1,1
R_yqqE1JtiKMH9iBH,10/27/2015 12:38,10/27/2015 12:39,0,Claimant,a middle income economy,a middle income economy,Claimant without legal merit,0,by the claimant.,Fortune 500 company,Fortune 500 company,by majority,"agreed on an independent expert randomly selected from a pool of qualified experts who calculated damages for US$2,034,040.00.",1,NA,NA,NA,NA,NA,NA,NA,NA,NA,NA,NA,NA,NA,NA,NA,NA,NA,NA,NA,NA,NA,NA,NA,NA,NA,NA,NA,NA,NA,NA,NA,NA,NA,NA,NA,NA,NA,NA,NA,NA,NA,NA,NA,NA,Investor-State Vignette|Investor-Investor Vignette,12,NA,Respondent,Appointed by Loser,NA,NA,NA,NA,NA
R_yCOWpFKqOkw1vR7,10/27/2015 13:48,10/27/2015 14:11,1,Blind,a middle income economy,a middle income economy,Respondent wins,1,.,modest but growing local company in an emerging economy country,Fortune 500 company,unanimously,"agreed on an independent expert randomly selected from a pool of qualified experts who calculated damages for US$2,034,040.00.",1,1,25,0,0,1,0,0,0,0,1,0,0,"While more information would be helpful in coming to a decision, in the abstract it seems fair that Claimant should bear a greater than 50% responsibility for fees of the Centre and the tribunal.  Claimant brought proceedings on a claim that was ultimately found not to have been established, and in so doing inflicted financial costs of Respondent.  On the other hand, both parties benefited from the availability of the process to resolve their disputes (one perhaps more directly than the other), and it seems likely that Claimant may have prevailed on at least some issues, such as jurisdiction.  Thus, it may not be equitable to require Claimant to pay all of these costs.  With respect to counsel fees, these are typically much greater than those of the arbitrators.  At first blush, one might conclude that, because these represent a much higher cost to Respondent as a result of the unsuccessful proceedings than do the Centre's and arbitrator's fees, the reasoning above would, a fortiori, require Claimant to pay all or at least part of them.  On the other hand, there are much greater uncertainties with respect to counsel fees, including reasonableness of the basis for the charges, reasonableness of the work done, the extent to which the parties were successful on particular issues, etc.  In addition, the potential risk of having to pay the other side's very large counsel fees may have a very strong chilling effect on Claimants who have good arguable claims, but cannot afford to undertake such a high exposure in order to present them - particularly as the investor-state dispute resolutino process entails a fairly high degree of uncertainty.  In light of these factors, I would be reluctant to require one side to reimburse the other's legal fees in a case where the first party was ""merely"" unsuccessful as to the merits of its claims.",1,2034040,75,0,0,1,0,0,NA,NA,NA,NA,NA,"With respect to fees of the ICC and the arbitrators, the same reasoning applies as with respect to the previous question: ordinarily a majority, but not all, of those expenses ought to be borne by the non-prevailing party.  With respect to apportionment of attorney fees, I would normally follow the so-called ""American Rule"" - that the prevailing party does not recover attorneys' fees unless there is a substantive legal basis (such as contractual provision or provision under applicable substantive law) for doing so - for essentially the same policy reasons as discussed in the preceding answer.",1,1,0,1,1,0,1,0,0,0,Private,JD,1,0,1,0,1,Investor-State Vignette|Investor-Investor Vignette,14,3,Respondent,Blind,3,1,0,0,0
R_YboViFBwLkcMhmV,10/28/2015 7:49,10/28/2015 8:18,1,Blind,a high income economy,a low income economy,Claimant without legal merit,0,.,Fortune 500 company,Fortune 500 company,unanimously,"agreed on an independent expert randomly selected from a pool of qualified experts who calculated damages for US$2,034,040.00.",1,1,0,1,0,0,0,0,NA,NA,NA,NA,NA,"I expect the claimant to be fully grasped with what it is claiming and by going to ICSID, it must be prepared to bear the full costs of its 'enterprise'. In this regard, it must pay for the full costs.",1,2034040,100,0,0,1,0,0,NA,NA,NA,NA,NA,I had acted as an independent reviewer and the amount I came up with was unanimously adopted by the parties. / The costs of the engagement of the counsels should be borne by the engaging party. / The losing party should bear the cost of the arbitration administration handled by ICC.,1,1,0,0,1,0,1,0,0,0,Private,Master's,1,0,1,0,1,Investor-Investor Vignette|Investor-State Vignette,15,1,Respondent,Blind,5,0,0,1,1
R_Y6AdCFpEyiw4N5T,10/28/2015 4:56,10/28/2015 5:12,1,Blind,a middle income economy,a middle income economy,Respondent wins,1,.,Fortune 500 company,modest but growing local company in an emerging economy country,by majority,"each presented equally credible witnesses. The claimant’s expert calculated damages for US$4,002,100.00. The respondent’s expert calculated damages for US$1,059,307.00.",1,1,0,1,0,0,0,0,0,0,0,0,1,Claimant asked for something it had not the right to ask for. It lost the case and shall pay for it.,1,-88,100,0,0,0,0,1,NA,NA,NA,NA,NA,"If respondent did not comply to its duties it shall pay damages; respondet lost the case, thus it shall pay the costs. / I felt I dis not have sufficient information about the amount of losses as the story was told. I would read both experts evaluations and see if I agreed totally or partially",1,1,0,NA,NA,NA,1,0,0,0,Private,Doctorate,1,0,1,1,0,Investor-Investor Vignette|Investor-State Vignette,16,1,Respondent,Blind,5,0,0,1,1
R_XSSLdDd8kPspkqt,10/23/2015 15:47,10/23/2015 18:05,0,Blind,a high income economy,a middle income economy,Outside jurisdiction,1,.,Fortune 500 company,Fortune 500 company,by majority,"agreed on an independent expert randomly selected from a pool of qualified experts who calculated damages for US$2,034,040.00.",1,NA,NA,NA,NA,NA,NA,NA,NA,NA,NA,NA,NA,NA,NA,NA,NA,NA,NA,NA,NA,NA,NA,NA,NA,NA,NA,NA,NA,NA,NA,NA,NA,NA,NA,NA,NA,NA,NA,NA,NA,NA,NA,NA,NA,Investor-State Vignette|Investor-Investor Vignette,18,NA,Respondent,Blind,NA,NA,NA,NA,NA
R_Xp1yvyNT9eHLJ1D,10/28/2015 0:07,10/28/2015 4:54,1,Blind,a high income economy,a low income economy,Claimant without legal merit,0,.,modest but growing local company in an emerging economy country,Fortune 500 company,by majority,"agreed on an independent expert randomly selected from a pool of qualified experts who calculated damages for US$2,034,040.00.",1,1,0,0,1,0,0,0,NA,NA,NA,NA,NA,As the claimant’s claims were manifestly without legal merit it should bear the costs and expenses (save possible deduction of any irrecoverable costs and expenses).,1,2034040,90,0,0,0,1,0,NA,NA,NA,NA,NA,"The Claimant should be compensated for the losses it has suffered and those have been calculated by the expert (unless there is a compelling reason to do otherwise, the expert evidence should be accepted). As the Claimant was successful it should receive its legal costs and expenses (subject to such costs and expenses being recoverable under the institutional rules and/or the applicable procedural law). In reality a small percentage of such costs and expenses may be irrecoverable in any event.",1,1,0,0,1,0,1,0,0,0,Private,Bachelor's,1,0,1,0,1,Investor-Investor Vignette|Investor-State Vignette,19,2,Respondent,Blind,4,0,1,0,1
R_xfMdOYsu9Rvwv5f,10/27/2015 14:59,10/27/2015 20:05,0,Parties,a middle income economy,a low income economy,Outside jurisdiction,0,by the parties.,modest but growing local company in an emerging economy country,modest but growing local company in an emerging economy country,unanimously,"each presented equally credible witnesses. The claimant’s expert calculated damages for US$4,002,100.00. The respondent’s expert calculated damages for US$1,059,307.00.",1,NA,NA,NA,NA,NA,NA,NA,NA,NA,NA,NA,NA,NA,NA,NA,NA,NA,NA,NA,NA,NA,NA,NA,NA,NA,NA,NA,NA,NA,NA,NA,NA,NA,NA,NA,NA,NA,NA,NA,NA,NA,NA,NA,NA,Investor-State Vignette|Investor-Investor Vignette,21,NA,Respondent,Parties,NA,NA,NA,NA,NA
R_xcs0tWQRIW23knD,10/27/2015 6:30,10/27/2015 6:30,0,Parties,a middle income economy,a middle income economy,Claimant without legal merit,0,by the parties.,modest but growing local company in an emerging economy country,Fortune 500 company,unanimously,"each presented equally credible witnesses. The claimant’s expert calculated damages for US$4,002,100.00. The respondent’s expert calculated damages for US$1,059,307.00.",1,NA,NA,NA,NA,NA,NA,NA,NA,NA,NA,NA,NA,NA,NA,NA,NA,NA,NA,NA,NA,NA,NA,NA,NA,NA,NA,NA,NA,NA,NA,NA,NA,NA,NA,NA,NA,NA,NA,NA,NA,NA,NA,NA,NA,Investor-Investor Vignette|Investor-State Vignette,22,NA,Respondent,Parties,NA,NA,NA,NA,NA
R_xarNJac4qLQD9ex,10/27/2015 12:53,10/27/2015 13:00,1,Blind,a middle income economy,a middle income economy,Claimant wins,1,.,Fortune 500 company,Fortune 500 company,by majority,"agreed on an independent expert randomly selected from a pool of qualified experts who calculated damages for US$2,034,040.00.",1,1,100,0,0,0,0,1,1,0,0,0,0,"""After careful consideration of the facts of the case, the tribunal unanimously decided that the respondent unfairly treated and wrongfully expropriated the claimant’s investment and that the claimant is entitled to compensation."" Therefore, due to Respondent's actions Claimant was forced to file for arbitration and the former should bear the burden of expenses.",1,2034000,100,NA,NA,NA,NA,NA,1,0,0,0,0,"""After careful consideration of the facts of the case, the tribunal decided by majority that the respondent breached the contract and that the claimant is entitled to damages."" Same consideration as before.",1,1,0,0,0,1,1,0,0,0,Private,Master's,1,0,1,0,1,Investor-State Vignette|Investor-Investor Vignette,23,5,Claimant,Blind,5,0,0,1,1
R_x60RDECOb9fFdfP,10/27/2015 12:52,10/27/2015 13:46,0,Claimant,a middle income economy,a low income economy,Claimant without legal merit,1,by the claimant.,modest but growing local company in an emerging economy country,Fortune 500 company,unanimously,"each presented equally credible witnesses. The claimant’s expert calculated damages for US$4,002,100.00. The respondent’s expert calculated damages for US$1,059,307.00.",1,NA,NA,NA,NA,NA,NA,NA,NA,NA,NA,NA,NA,NA,NA,NA,NA,NA,NA,NA,NA,NA,NA,NA,NA,NA,NA,NA,NA,NA,NA,NA,NA,NA,NA,NA,NA,NA,NA,NA,NA,NA,NA,NA,NA,Investor-State Vignette|Investor-Investor Vignette,24,NA,Respondent,Appointed by Loser,NA,NA,NA,NA,NA
R_WxveUMYog7FURiN,10/27/2015 13:24,10/28/2015 19:35,1,Parties,a middle income economy,a low income economy,Outside jurisdiction,1,by the parties.,Fortune 500 company,Fortune 500 company,by majority,"agreed on an independent expert randomly selected from a pool of qualified experts who calculated damages for US$2,034,040.00.",1,1,-99,0,0,1,0,0,0,0,1,0,0,There are no facts that support a different outcome.,1,2034040,50,NA,NA,NA,NA,NA,0,0,1,0,0,"Unless there is a reason not to believe the expert and the amount is supported by the evidence, I would adopt the expert's damages calculations. /  / The apportionment is based on the fact that I don't have the rules or the parties' arbitration provision to know what limits on my discretion exist.",1,0,1,1,1,0,0,0,0,1,Private,Master's,1,0,1,0,1,Investor-Investor Vignette|Investor-State Vignette,25,3,Respondent,Parties,3,1,0,0,0
R_Wjso1fr8PvbfIiJ,10/24/2015 11:42,10/24/2015 12:04,1,Parties,a middle income economy,a low income economy,Claimant without legal merit,1,by the parties.,Fortune 500 company,Fortune 500 company,unanimously,"agreed on an independent expert randomly selected from a pool of qualified experts who calculated damages for US$2,034,040.00.",1,1,40,0,1,0,0,0,0,0,0,1,0,"The respondent State should pay some part of the expenses of the Tribunal, etc., because it is to the advantage of the State that an arbitral institution be available for settlement of investment disputes.  A 40/60 split reflects this while imposing the greater burden on the claimant whose claim has been found to be MANIFESTLY without foundation. /  / I would require the Claimant to pay 20% of the Respondent State's expenses for the same reason. /  /  /  /",1,4002100,70,NA,NA,NA,NA,NA,0,1,0,0,0,"The Claimant derives benefit from the availability of the arbitration facilities and should contribute towards that cost. /  / The Respondent should bear a REASONABLE proportion of the Claimant's expenses, but I cannot fix a proportion without some knowledge of the nature and extent of the expenses claimed.",1,1,0,0,1,0,0,1,0,0,Academic,Master's,1,0,1,1,0,Investor-State Vignette|Investor-Investor Vignette,27,2,Respondent,Parties,4,0,1,0,1
R_WAvcR0WriCfmquB,10/24/2015 10:15,10/24/2015 10:17,0,Respondent,a high income economy,a middle income economy,Respondent wins,0,by the respondent.,Fortune 500 company,Fortune 500 company,by majority,"agreed on an independent expert randomly selected from a pool of qualified experts who calculated damages for US$2,034,040.00.",1,NA,NA,NA,NA,NA,NA,NA,NA,NA,NA,NA,NA,NA,NA,NA,NA,NA,NA,NA,NA,NA,NA,NA,NA,NA,NA,NA,NA,NA,NA,NA,NA,NA,NA,NA,NA,NA,NA,NA,NA,NA,NA,NA,NA,Investor-State Vignette|Investor-Investor Vignette,28,NA,Respondent,Appointed by Winner,NA,NA,NA,NA,NA
R_W67694Zdqs1lFQJ,10/27/2015 12:39,10/27/2015 12:48,1,Blind,a high income economy,a middle income economy,Outside jurisdiction,0,.,modest but growing local company in an emerging economy country,Fortune 500 company,by majority,"each presented equally credible witnesses. The claimant’s expert calculated damages for US$4,002,100.00. The respondent’s expert calculated damages for US$1,059,307.00.",1,1,-99,0,0,1,0,0,NA,NA,NA,NA,NA,Both parties were under the misteken belief that the panel had jurisdiction therefore the cost should be borne equally.,1,4002100,82,0,0,0,0,1,NA,NA,NA,NA,NA,The Respondent was found to breach the contract.  Both experts found that there was a significant financial loss as a result of the breach but did not agree on amount.  All other things being equal - as they appear to be here - I would preer the evidence of the expert witness of the non-breaching party.   No compromise is available here based on the facts provided.  The arbitrator must choose one or the ather amount.,1,1,0,0,1,0,1,0,0,0,Private,NA,1,0,1,0,1,Investor-Investor Vignette|Investor-State Vignette,29,3,Respondent,Blind,3,1,0,0,0
R_vZXRVy7S369w56V,10/27/2015 13:45,10/27/2015 14:01,1,Claimant,a high income economy,a low income economy,Claimant wins,0,by the claimant.,Fortune 500 company,Fortune 500 company,unanimously,"agreed on an independent expert randomly selected from a pool of qualified experts who calculated damages for US$2,034,040.00.",1,1,100,0,0,0,0,1,NA,NA,NA,NA,NA,Respondent was wrong and forced the Claimant into proceeding to arbitration.,1,2034040,80,NA,NA,NA,NA,NA,0,1,0,0,0,"The damages experts agreed on a reliable number .  Their expertise  exceeds that of the Tribunal.  However, assuming good faith of both parties I would apply the same 80% split for expenses.",1,1,0,1,1,0,0,0,0,1,Private,JD,1,0,1,1,0,Investor-Investor Vignette|Investor-State Vignette,30,5,Claimant,Appointed by Winner,5,0,0,1,1
R_vTrBMzO0hK8pcsx,10/27/2015 12:51,10/27/2015 12:54,0,Claimant,a high income economy,a low income economy,Outside jurisdiction,1,by the claimant.,Fortune 500 company,Fortune 500 company,by majority,"agreed on an independent expert randomly selected from a pool of qualified experts who calculated damages for US$2,034,040.00.",1,1,-99,-99,-99,-99,-99,-99,-99,-99,-99,-99,-99,NA,1,NA,-99,NA,NA,NA,NA,NA,-99,-99,-99,-99,-99,NA,NA,NA,NA,NA,NA,NA,NA,NA,NA,NA,NA,NA,NA,NA,NA,NA,NA,Investor-Investor Vignette|Investor-State Vignette,31,NA,Respondent,Appointed by Loser,NA,NA,NA,NA,NA
R_vOI6FOyebmiV3ot,10/27/2015 13:04,10/27/2015 13:08,1,Parties,a middle income economy,a middle income economy,Respondent wins,1,by the parties.,Fortune 500 company,Fortune 500 company,unanimously,"agreed on an independent expert randomly selected from a pool of qualified experts who calculated damages for US$2,034,040.00.",1,1,0,0,0,0,0,1,1,0,0,0,0,NA,1,2034040,100,1,0,0,0,0,NA,NA,NA,NA,NA,NA,1,1,0,0,1,0,1,0,0,0,Private,Master's,1,0,1,0,1,Investor-State Vignette|Investor-Investor Vignette,32,5,Respondent,Parties,1,0,0,0,0
R_V3Ycxs3QiYapFMR,10/23/2015 16:49,10/23/2015 16:57,1,Parties,a high income economy,a middle income economy,Outside jurisdiction,0,by the parties.,modest but growing local company in an emerging economy country,modest but growing local company in an emerging economy country,by majority,"agreed on an independent expert randomly selected from a pool of qualified experts who calculated damages for US$2,034,040.00.",1,1,0,1,0,0,0,0,NA,NA,NA,NA,NA,"The claimant has launched a claim wholly dismissed by the tribunal for lack of jurisdiction,  There is no conceivable reason why the Respondent State should bear any part of the costs of such a claim.",1,2034040,100,NA,NA,NA,NA,NA,1,0,0,0,0,"""Costs follow the event"" is a basic principle;  here the Claimant has won all the way so the entire arbitration is the fault of Respondent following its breaches of contract.  It follows that Claimant must receive the entirety of its claim and all arbitration costs",1,1,0,0,1,0,0,0,0,1,Private,Master's,1,0,1,0,1,Investor-Investor Vignette|Investor-State Vignette,33,1,Respondent,Parties,5,0,0,1,1
R_urYVu9CxfsJJl3r,10/28/2015 4:18,10/28/2015 5:29,1,Respondent,a middle income economy,a low income economy,Claimant wins,0,by the respondent.,modest but growing local company in an emerging economy country,modest but growing local company in an emerging economy country,by majority,"each presented equally credible witnesses. The claimant’s expert calculated damages for US$4,002,100.00. The respondent’s expert calculated damages for US$1,059,307.00.",1,1,100,0,0,0,0,1,NA,NA,NA,NA,NA,"Costs follow the event; if the claimant is entitled to compensation on the substantive dispute, it follows that he should also be reimbursed his costs",1,2530000,100,0,0,0,1,0,NA,NA,NA,NA,NA,NA,1,1,0,0,0,1,0,0,1,0,Public,Master's,1,1,0,0,1,Investor-State Vignette|Investor-Investor Vignette,34,5,Claimant,Appointed by Loser,5,0,0,1,1
R_URYjU2Ez20FC4Vj,10/27/2015 15:14,10/27/2015 15:40,1,Respondent,a high income economy,a middle income economy,Respondent wins,1,by the respondent.,Fortune 500 company,modest but growing local company in an emerging economy country,unanimously,"agreed on an independent expert randomly selected from a pool of qualified experts who calculated damages for US$2,034,040.00.",1,1,50,0,0,1,0,0,0,0,1,0,0,NA,1,2034040,-99,0,0,1,0,0,NA,NA,NA,NA,NA,NA,1,1,0,1,1,0,0,0,0,1,NA,JD,1,0,1,0,1,Investor-State Vignette|Investor-Investor Vignette,35,3,Respondent,Appointed by Winner,3,1,0,0,0
R_ulbZS6tdGMaJbot,10/27/2015 12:43,10/27/2015 12:44,0,Respondent,a high income economy,a low income economy,Claimant without legal merit,1,by the respondent.,Fortune 500 company,Fortune 500 company,by majority,"agreed on an independent expert randomly selected from a pool of qualified experts who calculated damages for US$2,034,040.00.",1,1,-99,-99,-99,-99,-99,-99,-99,-99,-99,-99,-99,NA,1,NA,-99,-99,-99,-99,-99,-99,NA,NA,NA,NA,NA,NA,NA,NA,NA,NA,NA,NA,NA,NA,NA,NA,NA,NA,NA,NA,NA,NA,NA,Investor-State Vignette|Investor-Investor Vignette,37,NA,Respondent,Appointed by Winner,NA,NA,NA,NA,NA
R_UhgvBLolRJ7cfN7,10/25/2015 10:49,10/25/2015 11:01,1,Claimant,a middle income economy,a low income economy,Respondent wins,0,by the claimant.,Fortune 500 company,Fortune 500 company,by majority,"agreed on an independent expert randomly selected from a pool of qualified experts who calculated damages for US$2,034,040.00.",1,1,50,0,0,1,0,0,NA,NA,NA,NA,NA,In my cases parties share 50/50 of my professional fees and they assume each one all of others fees or expenses.,1,-88,50,NA,NA,NA,NA,NA,0,0,1,0,0,"Here in Canada and in the Province of Quebec, the usual closes is to the fact that all parties shall be advised that the Fees for the arbitrator, is at 50/50. Unless an understanding between them was disclosed to the arbitrator.",1,1,0,0,1,0,0,0,0,1,Private,NA,1,0,1,0,1,Investor-State Vignette|Investor-Investor Vignette,39,3,Respondent,Appointed by Loser,3,1,0,0,0
R_uftTx3fSuPPkQo1,10/28/2015 5:49,10/28/2015 5:55,1,Blind,a middle income economy,a low income economy,Claimant wins,1,.,Fortune 500 company,Fortune 500 company,by majority,"each presented equally credible witnesses. The claimant’s expert calculated damages for US$4,002,100.00. The respondent’s expert calculated damages for US$1,059,307.00.",1,1,70,0,0,0,1,0,0,1,0,0,0,NA,1,2500000,70,0,1,0,0,0,NA,NA,NA,NA,NA,NA,1,0,1,NA,NA,NA,1,0,0,0,Private,Doctorate,1,0,1,1,0,Investor-State Vignette|Investor-Investor Vignette,40,4,Claimant,Blind,4,0,1,0,1
R_UEDAiG41aEPb9yp,11/11/2015 10:31,11/12/2015 9:47,1,Claimant,a middle income economy,a low income economy,Outside jurisdiction,0,by the claimant.,Fortune 500 company,Fortune 500 company,by majority,"each presented equally credible witnesses. The claimant’s expert calculated damages for US$4,002,100.00. The respondent’s expert calculated damages for US$1,059,307.00.",1,1,50,0,0,1,0,0,NA,NA,NA,NA,NA,h,1,NA,-99,0,0,0,0,1,NA,NA,NA,NA,NA,we,1,1,0,0,0,1,1,0,0,0,Private,NA,1,0,1,0,1,Investor-State Vignette|Investor-Investor Vignette,41,3,Respondent,Appointed by Loser,3,1,0,0,0
R_UAsBT3oPwku0OUp,10/27/2015 23:23,10/28/2015 0:01,1,Respondent,a middle income economy,a middle income economy,Respondent wins,0,by the respondent.,Fortune 500 company,modest but growing local company in an emerging economy country,by majority,"each presented equally credible witnesses. The claimant’s expert calculated damages for US$4,002,100.00. The respondent’s expert calculated damages for US$1,059,307.00.",1,1,0,1,0,0,0,0,NA,NA,NA,NA,NA,"Since the tribunal unanimously decided that the Respondent did NOT unfairly treat nor wrongfully expropriate the Claimant’s investment, the Claiman'ts case should be dismissed. In other words, the Claimant should have lost its case in full. The Respondent suffered expenses due to a wrongfully initiated arbitration case and should thus be compensated for the damages so as to resume the state where no such arbitration case had existed. Also, this is aimed to discourage companies to initiate frivilous cases against countries (which has been an unfortunate circumstance of the current ICSID arbitration).",1,2001050,80,0,0,0,1,0,NA,NA,NA,NA,NA,"As to the damages, since both experts are equally credible, for the sake of balance, 50% of the amount alleged by the Claimant's side, which is also about 50% higher than the amount alleged by the Respondent's side, should be a reasonably balanced amount of compensation.  /  / As to the legal fee, as the losing party, the Respondent should reimburse the Claimants legal costs. Since the Claimant's claim amount is not 100% supported by the Tribunal, a percentage of 80% of the legal costs borne by the Respondent should be a reasonably balanced percentage.",1,0,1,0,0,1,1,0,0,0,Private,Master's,1,1,0,0,1,Investor-State Vignette|Investor-Investor Vignette,42,1,Respondent,Appointed by Winner,5,0,0,1,1
R_uaH1HWtMZugfgFr,10/27/2015 13:01,10/27/2015 13:11,1,Blind,a high income economy,a middle income economy,Respondent wins,1,.,modest but growing local company in an emerging economy country,modest but growing local company in an emerging economy country,by majority,"agreed on an independent expert randomly selected from a pool of qualified experts who calculated damages for US$2,034,040.00.",1,1,0,0,1,0,0,0,0,0,0,1,0,"There is no fact justifying that the winner should be penalized or contribute to financing litigation against it, and none justifying that the loser should have its risks mitigated.",1,2034040,100,0,0,0,1,0,NA,NA,NA,NA,NA,No fact is given justifying departure from the common experts finding. The loser should pay expenses of arbitration unless some fact militates against that.  Difficult to award 100% of winner's costs without knowing what they are.,1,1,0,0,1,0,1,0,0,0,Private,Bachelor's,1,0,1,0,1,Investor-State Vignette|Investor-Investor Vignette,43,2,Respondent,Blind,4,0,1,0,1
R_TvbamtsNtl34Dzb,10/24/2015 9:26,10/24/2015 9:30,1,Parties,a high income economy,a low income economy,Respondent wins,1,by the parties.,Fortune 500 company,modest but growing local company in an emerging economy country,unanimously,"each presented equally credible witnesses. The claimant’s expert calculated damages for US$4,002,100.00. The respondent’s expert calculated damages for US$1,059,307.00.",1,1,2,1,0,0,0,0,0,0,0,0,1,NA,1,3000000,85,0,1,0,0,0,NA,NA,NA,NA,NA,NA,1,1,0,0,0,1,1,0,0,0,Private,NA,1,0,1,0,1,Investor-State Vignette|Investor-Investor Vignette,44,1,Respondent,Parties,5,0,0,1,1
R_T6rdKtL3yE764cp,10/25/2015 13:46,10/25/2015 14:08,1,Parties,a high income economy,a middle income economy,Respondent wins,0,by the parties.,modest but growing local company in an emerging economy country,modest but growing local company in an emerging economy country,by majority,"each presented equally credible witnesses. The claimant’s expert calculated damages for US$4,002,100.00. The respondent’s expert calculated damages for US$1,059,307.00.",1,1,0,0,0,1,0,0,NA,NA,NA,NA,NA,"While the facts of this case attempt to drive a result where the claimant is hit with all or a portion of the fees and expenses of the arbitration, no where do the facts state that the claim was brought in bad faith. Yes, the claimant lost but this is not the same as bad faith.   / As noted in my other response, I am a firm believer that the parties pay their own way rule in arbitration as otherwise, they may chose to litigate in court.  Based on my 36 years practicing law, while I do not always like the decision in an arbitration case, I believe it is a far superior method of resolving disputes than civil litigation, where (unless provided by law or contract) the parties pay their own way.  I fear that a loser pay rule (absent a contract provision) discourages the use of arbitration.",1,2500000,0,0,0,1,0,0,NA,NA,NA,NA,NA,"Both of the experts were credible.  Absent any other evidence, it is clear that damages are due.  I split them in the middle based on the two credible amounts in evidence.   / It is my opinion based on 36 years in the practice of law (34 years in arbitration) that the parties should pay their own expenses; this assumes no contract provision to the contrary. I believe this even in a case such as this where both witnesses found damages due. Arbitration shroud be encouraged  as a way to resolve disputes. The ""loser pay rule chills this goal and may lead parties to seek court resolution where attorneys fees would not be awarded (absent contract provision).",1,0,1,1,1,0,1,0,0,0,Private,JD,1,0,1,0,1,Investor-Investor Vignette|Investor-State Vignette,46,3,Respondent,Parties,3,1,0,0,0
R_T622Dpov7KHJ5XH,11/2/2015 7:53,11/2/2015 8:02,1,Claimant,a high income economy,a low income economy,Claimant without legal merit,0,by the claimant.,modest but growing local company in an emerging economy country,modest but growing local company in an emerging economy country,unanimously,"each presented equally credible witnesses. The claimant’s expert calculated damages for US$4,002,100.00. The respondent’s expert calculated damages for US$1,059,307.00.",1,1,-99,-99,-99,-99,-99,-99,NA,NA,NA,NA,NA,NA,1,NA,-99,-99,-99,-99,-99,-99,NA,NA,NA,NA,NA,NA,1,NA,NA,NA,NA,NA,NA,NA,NA,NA,NA,NA,NA,-99,-99,NA,-99,Investor-Investor Vignette|Investor-State Vignette,47,NA,Respondent,Appointed by Loser,NA,NA,NA,NA,NA
R_szBEV1VxCVyMnmx,10/28/2015 2:39,10/28/2015 3:03,1,Parties,a middle income economy,a middle income economy,Respondent wins,1,by the parties.,Fortune 500 company,modest but growing local company in an emerging economy country,unanimously,"each presented equally credible witnesses. The claimant’s expert calculated damages for US$4,002,100.00. The respondent’s expert calculated damages for US$1,059,307.00.",1,1,65,0,0,0,1,0,0,1,0,0,0,"I have based my answers on the assumption that the respondent is a country with resources much larger than those available to the claimant. A fair compromise in this situation, would be for the respondent to cover those costs which the claimant would not normally be expected to bear unless it is in dispute with a state. Claimant entered into a contract with a country and was aware of the inherent risks in the event of a dispute.",1,2801470,-99,0,0,1,0,0,NA,NA,NA,NA,NA,"The point behind arbitration is a fair compromise for both parties. Damages calculated were 70% of the figure calculated by the claimant's experts and in this case, it's only fair that each party would bear its own expenses.",1,1,0,0,1,0,1,0,0,0,Private,Master's,1,1,0,0,1,Investor-State Vignette|Investor-Investor Vignette,48,4,Respondent,Parties,2,0,0,0,0
R_sTrDRHm2TGrpSp3,10/23/2015 16:55,10/23/2015 17:49,1,Respondent,a high income economy,a middle income economy,Outside jurisdiction,1,by the respondent.,modest but growing local company in an emerging economy country,Fortune 500 company,by majority,"agreed on an independent expert randomly selected from a pool of qualified experts who calculated damages for US$2,034,040.00.",1,1,-99,0,0,1,0,0,0,0,1,0,0,"As neither liability nor damages were determined, and as the counsels for both parties behaved professionally and ethically during the proceedings, there is no basis for determining that either party should pay more than half of the tribunal fees and expenses, or that either party is responsible for any of the costs of the other party. / If the tribunal took the case all the way through to a determination on the merits, then another possibility is that the tribunal should have decided the issue of jurisdiction at the beginning of the process, rather than at the end of it , and a certain percentage of the tribunal fees and expenses should not be charged to either party.",1,2034040,80,NA,NA,NA,NA,NA,0,1,0,0,0,"The damage award of 100% of the amount determined by the expert chosen by both parties. It could be wrong on either side of the final number, but the case information does not show any legal or equitable ground to modify the expert's result. /  / Without knowing more about the behavior of the parties before and during the arbitration process, 80% of the arbitration fees fixed by the tribunal is around the proportion that a respondent tends to be generally responsible for a case to go through the pre-tribunal process all the way to the award stage, even though the original award requested by claimant may have been double  the award granted (that part is unclear in the example. /  / For the same reason as above,  the Respondent in this case to take on some financial responsibility  for the expenses of a claimant who received the award.",1,1,0,1,1,0,1,0,0,0,Private,JD,1,0,1,0,1,Investor-Investor Vignette|Investor-State Vignette,49,3,Respondent,Appointed by Winner,3,1,0,0,0
R_sGxOUbOq4L5rf21,10/28/2015 4:50,10/28/2015 6:33,1,Parties,a high income economy,a middle income economy,Claimant wins,1,by the parties.,modest but growing local company in an emerging economy country,Fortune 500 company,by majority,"each presented equally credible witnesses. The claimant’s expert calculated damages for US$4,002,100.00. The respondent’s expert calculated damages for US$1,059,307.00.",1,1,100,0,0,0,0,1,1,0,0,0,0,The party who has done wrong should bear the costs,1,2800000,29,NA,NA,NA,NA,NA,0,1,0,0,0,"Decision by majority means that there are some facts helping respondents also, therefore entitled for 70%.",1,1,0,0,1,0,1,0,0,0,Private,Master's,1,0,1,0,1,Investor-State Vignette|Investor-Investor Vignette,51,5,Claimant,Parties,5,0,0,1,1
R_SGDryvERdk8NFqF,10/27/2015 13:04,10/27/2015 13:05,0,Blind,a middle income economy,a middle income economy,Claimant without legal merit,1,.,Fortune 500 company,modest but growing local company in an emerging economy country,by majority,"each presented equally credible witnesses. The claimant’s expert calculated damages for US$4,002,100.00. The respondent’s expert calculated damages for US$1,059,307.00.",1,NA,NA,NA,NA,NA,NA,NA,NA,NA,NA,NA,NA,NA,NA,NA,NA,NA,NA,NA,NA,NA,NA,NA,NA,NA,NA,NA,NA,NA,NA,NA,NA,NA,NA,NA,NA,NA,NA,NA,NA,NA,NA,NA,NA,Investor-Investor Vignette|Investor-State Vignette,52,NA,Respondent,Blind,NA,NA,NA,NA,NA
R_scF1qh231A9dsad,10/28/2015 0:49,10/28/2015 1:01,1,Claimant,a middle income economy,a middle income economy,Respondent wins,1,by the claimant.,Fortune 500 company,modest but growing local company in an emerging economy country,unanimously,"agreed on an independent expert randomly selected from a pool of qualified experts who calculated damages for US$2,034,040.00.",1,1,40,0,1,0,0,0,0,0,0,1,0,"if the dispute is genuine and the claimant was prosecuting it bonafidely then it will be unfail to saddle it with the whole costs a, however being a loosing party fairness would be met if it is made to ber 105 of the costs since the Respondent is State.",1,0,61,NA,NA,NA,NA,NA,0,1,0,0,0,"Claimant is a fortune 500 company, Resonmdent is a start up so both parties could pay their legal costs except that Respondant reimburse the Claimant with the Court fees and ICC costs.",1,1,0,0,1,0,1,0,0,0,Private,Bachelor's,1,0,1,0,1,Investor-State Vignette|Investor-Investor Vignette,55,2,Respondent,Appointed by Loser,4,0,1,0,1
R_sAMMeVmOl82rOFj,10/29/2015 0:08,10/29/2015 0:32,1,Parties,a high income economy,a low income economy,Claimant wins,1,by the parties.,Fortune 500 company,modest but growing local company in an emerging economy country,unanimously,"agreed on an independent expert randomly selected from a pool of qualified experts who calculated damages for US$2,034,040.00.",1,1,50,0,0,0,1,0,0,1,0,0,0,"If it were not for the Respondent's unfair treatment and and wrongful expropriation, the Claimant would not have had to pay for cost for legal representatives.",1,2034040,61,NA,NA,NA,NA,NA,0,1,0,0,0,"The losing party should pay for most of the costs as if it weren't for the Respondent's non-compliance with the contract, the Claimant wouldn't have incurred these costs.",1,0,1,0,1,0,0,0,0,1,Private,NA,1,0,1,0,1,Investor-State Vignette|Investor-Investor Vignette,56,4,Claimant,Parties,4,0,1,0,1
R_RwCNy5WBexFeVe9,10/27/2015 13:41,10/27/2015 13:42,0,Blind,a middle income economy,a low income economy,Outside jurisdiction,1,.,Fortune 500 company,modest but growing local company in an emerging economy country,by majority,"agreed on an independent expert randomly selected from a pool of qualified experts who calculated damages for US$2,034,040.00.",1,NA,NA,NA,NA,NA,NA,NA,NA,NA,NA,NA,NA,NA,NA,NA,NA,NA,NA,NA,NA,NA,NA,NA,NA,NA,NA,NA,NA,NA,NA,NA,NA,NA,NA,NA,NA,NA,NA,NA,NA,NA,NA,NA,NA,Investor-State Vignette|Investor-Investor Vignette,57,NA,Respondent,Blind,NA,NA,NA,NA,NA
R_RV7Z1Shh6ae2fv3,10/26/2015 8:44,10/26/2015 8:48,0,Respondent,a high income economy,a low income economy,Claimant without legal merit,0,by the respondent.,Fortune 500 company,Fortune 500 company,unanimously,"each presented equally credible witnesses. The claimant’s expert calculated damages for US$4,002,100.00. The respondent’s expert calculated damages for US$1,059,307.00.",1,NA,NA,NA,NA,NA,NA,NA,NA,NA,NA,NA,NA,NA,NA,NA,NA,NA,NA,NA,NA,NA,NA,NA,NA,NA,NA,NA,NA,NA,NA,NA,NA,NA,NA,NA,NA,NA,NA,NA,NA,NA,NA,NA,NA,Investor-Investor Vignette|Investor-State Vignette,58,NA,Respondent,Appointed by Winner,NA,NA,NA,NA,NA
R_RK6AGKArm574zcJ,10/26/2015 1:36,10/26/2015 1:56,1,Respondent,a middle income economy,a low income economy,Respondent wins,1,by the respondent.,Fortune 500 company,modest but growing local company in an emerging economy country,unanimously,"each presented equally credible witnesses. The claimant’s expert calculated damages for US$4,002,100.00. The respondent’s expert calculated damages for US$1,059,307.00.",1,1,0,1,0,0,0,0,0,0,0,0,1,"The losing party should bear the costs of the other side.  Had there been some areas where each party had lost, then an apportioning of costs would be considered.",1,2530700,50,0,0,0,0,1,NA,NA,NA,NA,NA,"no unusual for cost experts to have large differences in initial findings, however if rules experts that difference can be narrowed down.  With nothing else to go on but 'equal' professionals, split the difference.  Cost of arbitration split as it is the 'foreseen' cost of resolving the dispute, however losing party should pay other party's expenses.",1,1,0,1,1,0,0,0,0,1,Private,Master's,1,0,1,0,1,Investor-State Vignette|Investor-Investor Vignette,59,1,Respondent,Appointed by Winner,5,0,0,1,1
R_Re78xaZHmpUdbd7,10/27/2015 14:19,10/27/2015 14:23,0,Respondent,a middle income economy,a low income economy,Claimant wins,1,by the respondent.,modest but growing local company in an emerging economy country,modest but growing local company in an emerging economy country,by majority,"each presented equally credible witnesses. The claimant’s expert calculated damages for US$4,002,100.00. The respondent’s expert calculated damages for US$1,059,307.00.",1,NA,NA,NA,NA,NA,NA,NA,NA,NA,NA,NA,NA,NA,NA,NA,NA,NA,NA,NA,NA,NA,NA,NA,NA,NA,NA,NA,NA,NA,NA,NA,NA,NA,NA,NA,NA,NA,NA,NA,NA,NA,NA,NA,NA,Investor-Investor Vignette|Investor-State Vignette,60,NA,Claimant,Appointed by Loser,NA,NA,NA,NA,NA
R_R8HLTaarlNgQ9Wx,10/28/2015 5:07,10/28/2015 5:08,1,Blind,a high income economy,a low income economy,Respondent wins,1,.,Fortune 500 company,modest but growing local company in an emerging economy country,by majority,"each presented equally credible witnesses. The claimant’s expert calculated damages for US$4,002,100.00. The respondent’s expert calculated damages for US$1,059,307.00.",1,1,-99,-99,-99,-99,-99,-99,-99,-99,-99,-99,-99,NA,1,NA,-99,-99,-99,-99,-99,-99,NA,NA,NA,NA,NA,NA,1,NA,NA,NA,NA,NA,NA,NA,NA,NA,NA,NA,NA,-99,-99,NA,-99,Investor-State Vignette|Investor-Investor Vignette,62,NA,Respondent,Blind,NA,NA,NA,NA,NA
R_R2ZEeAE3KfwGCJ3,10/23/2015 20:50,10/23/2015 21:05,1,Claimant,a high income economy,a low income economy,Outside jurisdiction,1,by the claimant.,Fortune 500 company,modest but growing local company in an emerging economy country,by majority,"agreed on an independent expert randomly selected from a pool of qualified experts who calculated damages for US$2,034,040.00.",1,1,26,0,1,0,0,0,0,0,0,1,0,"I assume the claimant made the choice of submitting the claim to not his tribunal, and therefore should bear the cost of in essence making an incorrect choice.",1,2034040,100,0,0,0,0,1,NA,NA,NA,NA,NA,The claimant was 100% successful and should be compensated for its costs.,1,1,0,0,1,0,1,0,0,0,Private,Master's,1,1,0,0,1,Investor-State Vignette|Investor-Investor Vignette,63,2,Respondent,Appointed by Loser,4,0,1,0,1
R_r1l8JweZ3eyhpEB,10/23/2015 17:11,10/23/2015 17:13,0,Parties,a high income economy,a middle income economy,Respondent wins,0,by the parties.,Fortune 500 company,Fortune 500 company,by majority,"agreed on an independent expert randomly selected from a pool of qualified experts who calculated damages for US$2,034,040.00.",1,NA,NA,NA,NA,NA,NA,NA,NA,NA,NA,NA,NA,NA,NA,NA,NA,NA,NA,NA,NA,NA,NA,NA,NA,NA,NA,NA,NA,NA,NA,NA,NA,NA,NA,NA,NA,NA,NA,NA,NA,NA,NA,NA,NA,Investor-Investor Vignette|Investor-State Vignette,64,NA,Respondent,Parties,NA,NA,NA,NA,NA
R_qympzUwELG8B5yF,10/27/2015 14:17,10/27/2015 14:17,0,Parties,a high income economy,a middle income economy,Outside jurisdiction,0,by the parties.,modest but growing local company in an emerging economy country,modest but growing local company in an emerging economy country,unanimously,"each presented equally credible witnesses. The claimant’s expert calculated damages for US$4,002,100.00. The respondent’s expert calculated damages for US$1,059,307.00.",1,NA,NA,NA,NA,NA,NA,NA,NA,NA,NA,NA,NA,NA,NA,NA,NA,NA,NA,NA,NA,NA,NA,NA,NA,NA,NA,NA,NA,NA,NA,NA,NA,NA,NA,NA,NA,NA,NA,NA,NA,NA,NA,NA,NA,Investor-Investor Vignette|Investor-State Vignette,65,NA,Respondent,Parties,NA,NA,NA,NA,NA
R_Qnx6djS4ULtPabD,10/27/2015 12:56,10/27/2015 12:59,0,Respondent,a high income economy,a low income economy,Respondent wins,0,by the respondent.,Fortune 500 company,Fortune 500 company,unanimously,"each presented equally credible witnesses. The claimant’s expert calculated damages for US$4,002,100.00. The respondent’s expert calculated damages for US$1,059,307.00.",1,NA,NA,NA,NA,NA,NA,NA,NA,NA,NA,NA,NA,NA,1,NA,-99,NA,NA,NA,NA,NA,-99,-99,-99,-99,-99,There are not enough facts to answer this question,NA,NA,NA,NA,NA,NA,NA,NA,NA,NA,NA,NA,NA,NA,NA,NA,NA,Investor-Investor Vignette|Investor-State Vignette,66,NA,Respondent,Appointed by Winner,NA,NA,NA,NA,NA
R_qEFI9imNGI90SGZ,10/26/2015 13:42,10/26/2015 13:47,0,Blind,a high income economy,a low income economy,Claimant wins,0,.,Fortune 500 company,Fortune 500 company,by majority,"each presented equally credible witnesses. The claimant’s expert calculated damages for US$4,002,100.00. The respondent’s expert calculated damages for US$1,059,307.00.",1,NA,NA,NA,NA,NA,NA,NA,NA,NA,NA,NA,NA,NA,1,-88,-99,-99,-99,-99,-99,-99,NA,NA,NA,NA,NA,NA,NA,NA,NA,NA,NA,NA,NA,NA,NA,NA,NA,NA,NA,NA,NA,NA,NA,Investor-Investor Vignette|Investor-State Vignette,68,NA,Claimant,Blind,NA,NA,NA,NA,NA
R_Q5IBDOUw0jeOfxD,10/27/2015 12:44,10/27/2015 12:55,1,Claimant,a middle income economy,a low income economy,Claimant wins,1,by the claimant.,Fortune 500 company,Fortune 500 company,by majority,"agreed on an independent expert randomly selected from a pool of qualified experts who calculated damages for US$2,034,040.00.",1,1,50,0,0,1,0,0,0,0,1,0,0,Same reason as stated above.,1,2034040,75,0,0,1,0,0,NA,NA,NA,NA,NA,Parties had the benefit of an arbitration. Much less expensive than litigation. Benefits both parties.,1,1,0,1,1,0,1,0,0,0,Private,JD,1,0,1,0,1,Investor-Investor Vignette|Investor-State Vignette,70,3,Claimant,Appointed by Winner,3,1,0,0,0
R_PYszFGWgUYzy7vj,10/27/2015 17:28,10/27/2015 17:40,1,Blind,a middle income economy,a low income economy,Respondent wins,1,.,Fortune 500 company,modest but growing local company in an emerging economy country,by majority,"each presented equally credible witnesses. The claimant’s expert calculated damages for US$4,002,100.00. The respondent’s expert calculated damages for US$1,059,307.00.",1,1,100,0,0,0,0,1,1,0,0,0,0,"Cost are damages. Under the differential hypothesis (Mommsen, 1855) or the but-for premise leading to the expectation interest, the Respondent would have to be left in a situation it had been without the unfounded law suit. This formula corresponds to what would be considered fair in advanced legislations and arbitration rules (UNCITRAL, Stockholm).",1,NA,-99,-99,-99,-99,-99,-99,NA,NA,NA,NA,NA,"The question is methodologically wrong. The amount of damages is the economic effect of the valuation on claimant. The tribunal would have to analyse this on the basis of the files and the expert opinions and has to arrive at a reasoned finding, which is different from a dumb rule of finding of splitting the baby or just determining one or the other number or a number in between. The arbitral tribunal would have to determine the common and diverging assumptions of the expert and perhaps use sensibilities in order to arrive at a reasonable range. Respondent would have to bear the cost of the arbitration independently from the amount of damages.",1,1,0,0,0,1,1,0,0,0,Private,Doctorate,1,0,1,0,1,Investor-State Vignette|Investor-Investor Vignette,72,5,Respondent,Blind,1,0,0,0,0
R_pn7emkhFHROVDnH,10/27/2015 14:02,10/27/2015 14:07,0,Parties,a middle income economy,a low income economy,Claimant without legal merit,1,by the parties.,Fortune 500 company,modest but growing local company in an emerging economy country,by majority,"agreed on an independent expert randomly selected from a pool of qualified experts who calculated damages for US$2,034,040.00.",1,NA,NA,NA,NA,NA,NA,NA,NA,NA,NA,NA,NA,NA,NA,NA,NA,NA,NA,NA,NA,NA,NA,NA,NA,NA,NA,NA,NA,NA,NA,NA,NA,NA,NA,NA,NA,NA,NA,NA,NA,NA,NA,NA,NA,Investor-State Vignette|Investor-Investor Vignette,73,NA,Respondent,Parties,NA,NA,NA,NA,NA
R_pbG7XIi8yFEo5FL,10/28/2015 6:59,10/28/2015 7:00,1,Parties,a middle income economy,a low income economy,Respondent wins,1,by the parties.,Fortune 500 company,modest but growing local company in an emerging economy country,unanimously,"agreed on an independent expert randomly selected from a pool of qualified experts who calculated damages for US$2,034,040.00.",1,1,-99,-99,-99,-99,-99,-99,-99,-99,-99,-99,-99,NA,1,NA,-99,-99,-99,-99,-99,-99,NA,NA,NA,NA,NA,NA,1,NA,NA,NA,NA,NA,NA,NA,NA,NA,NA,NA,NA,-99,-99,NA,-99,Investor-State Vignette|Investor-Investor Vignette,75,NA,Respondent,Parties,NA,NA,NA,NA,NA
R_PB8Y0i8hUMjPTdT,12/6/2015 5:03,12/6/2015 5:25,1,Respondent,a middle income economy,a middle income economy,Respondent wins,1,by the respondent.,modest but growing local company in an emerging economy country,modest but growing local company in an emerging economy country,by majority,"agreed on an independent expert randomly selected from a pool of qualified experts who calculated damages for US$2,034,040.00.",1,1,50,-99,-99,-99,-99,-99,-99,-99,-99,-99,-99,"Since the Tribunal had not found that the Respondent did not act in violation of the 'Fair and Equitable treatment', or wrongfully expropriated the Claimant's investment, it is the Claimant, who bears the expense. However, due to the circumstances, and the claim on 'expropriation' proved to be evident but it was not in violation of the FET standard, parties had to share the costs.",1,1200000,50,NA,NA,NA,NA,NA,-99,-99,-99,-99,-99,NA,1,1,0,0,0,1,0,0,1,0,Public,Master's,1,1,0,0,1,Investor-State Vignette|Investor-Investor Vignette,76,NA,Respondent,Appointed by Winner,NA,NA,NA,NA,NA
R_Os5kL2mm3stq4RH,10/27/2015 13:04,10/27/2015 13:22,1,Parties,a middle income economy,a low income economy,Respondent wins,1,by the parties.,modest but growing local company in an emerging economy country,Fortune 500 company,unanimously,"each presented equally credible witnesses. The claimant’s expert calculated damages for US$4,002,100.00. The respondent’s expert calculated damages for US$1,059,307.00.",1,1,0,1,0,0,0,0,0,0,0,0,1,"In order for an apportionment of fees to be ordered, there should be a good reason. / Your case summary does not disclose any such reason. / The opinion of one arbitrator to the effect that the decision on the allocation of fees should be made in a spirit of compromise is not compelling unless it supported by specific considérations which are not apparent. / Splitting babies by half is not what Justice requires.  If this reasoning is accepted, one may wonder why this reasoning should not be followed also with respect to decisions on the merits. In practice certain arbitrators are inclined to do so in my experience.  I disagree with this approach.  If a careful examination of a case suggests that a party should entirely lose its case, or win its case, arbitrators should in my submission have the courage to make a decision which is based on a proper contractual and legal examination of the case, and not on unprincipled compromise.",1,NA,-99,NA,NA,NA,NA,NA,0,0,0,0,1,"Your case summary does not allow me to answer your questions.   / Your summary makes it clear that the Respondent loses its case on liability; however, your summary says nothing at all on the Parties' case on quantum. / A party may lose on liability, but prevail to an extent on quantum, especially where the claim is inflated. / Conversely, the Claimant will not prevail on quantum simply because the Tribunal is satisfied that it is in principle entitled to compensation, the requirements for an award of damages must be met and the burden of proof is on the Claimant.  The Claimant may also lose its case because it is unable to prove the quantum of its losses. / The costs of the arbitration will have to be split in this case, taking into account the extent of the Claimant's success, if any, on quantum. / I ticked one box by mistake on expenses.",1,1,0,0,0,1,1,0,0,0,Private,Doctorate,1,0,1,1,0,Investor-State Vignette|Investor-Investor Vignette,77,1,Respondent,Parties,5,0,0,1,1
R_OlNDmYDTEcqOooh,10/27/2015 20:05,10/27/2015 20:11,1,Respondent,a high income economy,a middle income economy,Outside jurisdiction,0,by the respondent.,modest but growing local company in an emerging economy country,Fortune 500 company,by majority,"agreed on an independent expert randomly selected from a pool of qualified experts who calculated damages for US$2,034,040.00.",1,1,0,1,0,0,0,0,NA,NA,NA,NA,NA,NA,1,4002100,100,NA,NA,NA,NA,NA,1,0,0,0,0,NA,1,1,0,0,1,0,1,0,0,0,Private,Master's,1,0,1,0,1,Investor-State Vignette|Investor-Investor Vignette,78,1,Respondent,Appointed by Winner,5,0,0,1,1
R_ODmm3s7ArIeflT3,10/27/2015 13:02,10/27/2015 15:08,0,Respondent,a high income economy,a low income economy,Respondent wins,1,by the respondent.,Fortune 500 company,modest but growing local company in an emerging economy country,by majority,"agreed on an independent expert randomly selected from a pool of qualified experts who calculated damages for US$2,034,040.00.",1,NA,NA,NA,NA,NA,NA,NA,NA,NA,NA,NA,NA,NA,1,2034040,100,NA,NA,NA,NA,NA,0,1,0,0,0,Necessary to consider the costs and expenses reasonably and necessarily incurred,NA,NA,NA,NA,NA,NA,NA,NA,NA,NA,NA,NA,NA,NA,NA,NA,NA,Investor-Investor Vignette|Investor-State Vignette,80,NA,Respondent,Appointed by Winner,NA,NA,NA,NA,NA
R_OcyZcb8D5QYpVC1,10/27/2015 15:30,10/27/2015 15:45,1,Parties,a middle income economy,a middle income economy,Claimant wins,1,by the parties.,Fortune 500 company,Fortune 500 company,by majority,"agreed on an independent expert randomly selected from a pool of qualified experts who calculated damages for US$2,034,040.00.",1,1,100,0,0,0,1,0,0,1,0,0,0,The Claimant was forced to seek redress of a wrongful act thus it is legitimate that it does not have to carry the burden of the costs of the tribunal; Had the respondent provided the Claimant with a fair legal judiciary in its own courts arbitration may not have been necessary but the cost would have been left to the respondent to pick up in any event. On balance all parties take some of the risk. In investment arbitration it is ultimately tax payers who have to pay the bill for wrongs of governments. It is by no means obvious that the burden of a party's cost should be carried fully by the respondent regardless of the wrong. It is often reasonable to a portion such costs differently.,1,2034040,100,NA,NA,NA,NA,NA,1,0,0,0,0,This is uncontroversial and in pure commercial arbitrations and between equal parties both are taking the same risk and have the possibilities. The main rule in my tradition the cost follow the event.,1,1,0,0,0,1,1,0,0,0,Private,Master's,1,0,1,0,1,Investor-State Vignette|Investor-Investor Vignette,81,4,Claimant,Parties,4,0,1,0,1
R_NWTLsRJ2ZAnRVRf,10/26/2015 4:15,10/26/2015 4:20,1,Blind,a middle income economy,a middle income economy,Claimant without legal merit,0,.,Fortune 500 company,Fortune 500 company,unanimously,"each presented equally credible witnesses. The claimant’s expert calculated damages for US$4,002,100.00. The respondent’s expert calculated damages for US$1,059,307.00.",1,1,0,1,0,0,0,0,NA,NA,NA,NA,NA,The 100% loser should pay all costs.,1,1059307,28,NA,NA,NA,NA,NA,0,0,0,1,0,Asuumption: Burden of proof is with Claimant.,1,1,0,0,0,1,1,0,0,0,Private,Doctorate,1,0,1,0,1,Investor-Investor Vignette|Investor-State Vignette,82,1,Respondent,Blind,5,0,0,1,1
R_exP9fKgFoj13Jzb,10/27/2015 12:45,10/27/2015 12:47,0,Blind,a middle income economy,a low income economy,Respondent wins,1,.,Fortune 500 company,Fortune 500 company,by majority,"each presented equally credible witnesses. The claimant’s expert calculated damages for US$4,002,100.00. The respondent’s expert calculated damages for US$1,059,307.00.",1,1,-99,-99,-99,-99,-99,-99,-99,-99,-99,-99,-99,NA,1,NA,-99,NA,NA,NA,NA,NA,-99,-99,-99,-99,-99,NA,NA,NA,NA,NA,NA,NA,NA,NA,NA,NA,NA,NA,NA,NA,NA,NA,NA,Investor-State Vignette|Investor-Investor Vignette,84,NA,Respondent,Blind,NA,NA,NA,NA,NA
R_ewYML8k6i9zyiY1,10/27/2015 12:36,10/27/2015 12:42,0,Parties,a high income economy,a middle income economy,Outside jurisdiction,1,by the parties.,Fortune 500 company,Fortune 500 company,by majority,"each presented equally credible witnesses. The claimant’s expert calculated damages for US$4,002,100.00. The respondent’s expert calculated damages for US$1,059,307.00.",1,1,0,1,0,0,0,0,0,0,0,0,1,It is clear that if the Tribunal found that the dispute was outside of the jurisdiction of the Centre (ICSID) and the competence of the tribunal; then the claimant should bear with the fees and expenses.,NA,NA,NA,NA,NA,NA,NA,NA,NA,NA,NA,NA,NA,NA,NA,NA,NA,NA,NA,NA,NA,NA,NA,NA,NA,NA,NA,NA,NA,NA,NA,Investor-State Vignette|Investor-Investor Vignette,85,1,Respondent,Parties,5,0,0,1,1
R_en72ejbfjlNeCmB,10/26/2015 12:07,10/26/2015 12:09,0,Parties,a middle income economy,a low income economy,Claimant without legal merit,1,by the parties.,modest but growing local company in an emerging economy country,modest but growing local company in an emerging economy country,unanimously,"agreed on an independent expert randomly selected from a pool of qualified experts who calculated damages for US$2,034,040.00.",1,NA,NA,NA,NA,NA,NA,NA,NA,NA,NA,NA,NA,NA,NA,NA,NA,NA,NA,NA,NA,NA,NA,NA,NA,NA,NA,NA,NA,NA,NA,NA,NA,NA,NA,NA,NA,NA,NA,NA,NA,NA,NA,NA,NA,Investor-Investor Vignette|Investor-State Vignette,86,NA,Respondent,Parties,NA,NA,NA,NA,NA
R_eJXxDCsI7W2vRwl,10/27/2015 13:04,10/27/2015 13:05,0,Claimant,a high income economy,a low income economy,Respondent wins,0,by the claimant.,modest but growing local company in an emerging economy country,Fortune 500 company,by majority,"each presented equally credible witnesses. The claimant’s expert calculated damages for US$4,002,100.00. The respondent’s expert calculated damages for US$1,059,307.00.",1,NA,NA,NA,NA,NA,NA,NA,NA,NA,NA,NA,NA,NA,NA,NA,NA,NA,NA,NA,NA,NA,NA,NA,NA,NA,NA,NA,NA,NA,NA,NA,NA,NA,NA,NA,NA,NA,NA,NA,NA,NA,NA,NA,NA,Investor-Investor Vignette|Investor-State Vignette,87,NA,Respondent,Appointed by Loser,NA,NA,NA,NA,NA
R_ehXkiDtZxwCJxNT,10/28/2015 9:51,10/28/2015 10:00,1,Parties,a high income economy,a low income economy,Respondent wins,1,by the parties.,Fortune 500 company,modest but growing local company in an emerging economy country,by majority,"each presented equally credible witnesses. The claimant’s expert calculated damages for US$4,002,100.00. The respondent’s expert calculated damages for US$1,059,307.00.",1,1,0,0,1,0,0,0,0,0,0,1,0,100 % of reasonable expenses,1,3000000,99,0,0,0,1,0,NA,NA,NA,NA,NA,The losing party should bear only reasonable costs of the winning party.,1,1,0,0,0,1,1,0,0,0,Private,Master's,1,0,1,0,1,Investor-Investor Vignette|Investor-State Vignette,88,2,Respondent,Parties,4,0,1,0,1
R_eG11GR9KHZyknGF,10/27/2015 12:45,10/27/2015 12:51,1,Blind,a middle income economy,a low income economy,Outside jurisdiction,0,.,modest but growing local company in an emerging economy country,modest but growing local company in an emerging economy country,unanimously,"each presented equally credible witnesses. The claimant’s expert calculated damages for US$4,002,100.00. The respondent’s expert calculated damages for US$1,059,307.00.",1,1,-99,0,0,1,0,0,NA,NA,NA,NA,NA,Nobody won,1,3000000,90,0,0,0,1,0,NA,NA,NA,NA,NA,The claimant won.,1,1,0,1,1,0,1,0,0,0,Private,JD,1,0,1,0,1,Investor-Investor Vignette|Investor-State Vignette,89,3,Respondent,Blind,3,1,0,0,0
R_eFqldiF6SHNOMVz,10/28/2015 1:09,10/28/2015 1:10,1,Parties,a high income economy,a low income economy,Claimant wins,0,by the parties.,Fortune 500 company,modest but growing local company in an emerging economy country,by majority,"agreed on an independent expert randomly selected from a pool of qualified experts who calculated damages for US$2,034,040.00.",1,1,-99,-99,-99,-99,-99,-99,NA,NA,NA,NA,NA,NA,1,NA,-99,NA,NA,NA,NA,NA,0,0,0,0,1,NA,1,NA,NA,NA,NA,NA,NA,NA,NA,NA,NA,NA,NA,-99,-99,NA,-99,Investor-State Vignette|Investor-Investor Vignette,90,NA,Claimant,Parties,NA,NA,NA,NA,NA
R_eepVbOzVDa0M33v,10/28/2015 5:40,10/28/2015 5:52,1,Respondent,a middle income economy,a middle income economy,Claimant wins,0,by the respondent.,modest but growing local company in an emerging economy country,Fortune 500 company,unanimously,"each presented equally credible witnesses. The claimant’s expert calculated damages for US$4,002,100.00. The respondent’s expert calculated damages for US$1,059,307.00.",1,1,100,0,0,0,1,0,NA,NA,NA,NA,NA,Costs follow the event/result. the prevailing party prevails.  However it is very unusual for a party to be awarded all its expenses as on examination there are are usually some which have not been necessarily or reasonably incurred and which will not be reimbursable.,1,-88,100,NA,NA,NA,NA,NA,0,1,0,0,0,The Claimant won so in principle is reimbursed its expenses. It is not possible to assess them on the information provided.  See also answer to question on investor-state arbitration.,1,1,0,0,1,0,1,0,0,0,Private,Master's,1,0,1,0,1,Investor-State Vignette|Investor-Investor Vignette,91,4,Claimant,Appointed by Loser,4,0,1,0,1
R_eaH7bPuQPlw0ps5,10/27/2015 13:04,10/27/2015 13:07,0,Parties,a high income economy,a middle income economy,Outside jurisdiction,0,by the parties.,modest but growing local company in an emerging economy country,Fortune 500 company,by majority,"each presented equally credible witnesses. The claimant’s expert calculated damages for US$4,002,100.00. The respondent’s expert calculated damages for US$1,059,307.00.",1,NA,NA,NA,NA,NA,NA,NA,NA,NA,NA,NA,NA,NA,NA,NA,NA,NA,NA,NA,NA,NA,NA,NA,NA,NA,NA,NA,NA,NA,NA,NA,NA,NA,NA,NA,NA,NA,NA,NA,NA,NA,NA,NA,NA,Investor-Investor Vignette|Investor-State Vignette,92,NA,Respondent,Parties,NA,NA,NA,NA,NA
R_e9dIGqvbilQOnN7,10/24/2015 8:30,10/24/2015 8:36,0,Respondent,a middle income economy,a low income economy,Outside jurisdiction,0,by the respondent.,Fortune 500 company,modest but growing local company in an emerging economy country,unanimously,"each presented equally credible witnesses. The claimant’s expert calculated damages for US$4,002,100.00. The respondent’s expert calculated damages for US$1,059,307.00.",1,NA,NA,NA,NA,NA,NA,NA,NA,NA,NA,NA,NA,NA,NA,NA,NA,NA,NA,NA,NA,NA,NA,NA,NA,NA,NA,NA,NA,NA,NA,NA,NA,NA,NA,NA,NA,NA,NA,NA,NA,NA,NA,NA,NA,Investor-State Vignette|Investor-Investor Vignette,93,NA,Respondent,Appointed by Winner,NA,NA,NA,NA,NA
R_e4KkVWW0wXppNpn,10/23/2015 20:56,10/23/2015 20:57,0,Blind,a high income economy,a middle income economy,Outside jurisdiction,0,.,modest but growing local company in an emerging economy country,modest but growing local company in an emerging economy country,unanimously,"each presented equally credible witnesses. The claimant’s expert calculated damages for US$4,002,100.00. The respondent’s expert calculated damages for US$1,059,307.00.",1,NA,NA,NA,NA,NA,NA,NA,NA,NA,NA,NA,NA,NA,NA,NA,NA,NA,NA,NA,NA,NA,NA,NA,NA,NA,NA,NA,NA,NA,NA,NA,NA,NA,NA,NA,NA,NA,NA,NA,NA,NA,NA,NA,NA,Investor-Investor Vignette|Investor-State Vignette,94,NA,Respondent,Blind,NA,NA,NA,NA,NA
R_DwADUVhi0FEgQj7,10/25/2015 2:25,10/25/2015 2:25,0,Claimant,a high income economy,a middle income economy,Claimant wins,0,by the claimant.,Fortune 500 company,modest but growing local company in an emerging economy country,unanimously,"each presented equally credible witnesses. The claimant’s expert calculated damages for US$4,002,100.00. The respondent’s expert calculated damages for US$1,059,307.00.",1,NA,NA,NA,NA,NA,NA,NA,NA,NA,NA,NA,NA,NA,NA,NA,NA,NA,NA,NA,NA,NA,NA,NA,NA,NA,NA,NA,NA,NA,NA,NA,NA,NA,NA,NA,NA,NA,NA,NA,NA,NA,NA,NA,NA,Investor-State Vignette|Investor-Investor Vignette,95,NA,Claimant,Appointed by Winner,NA,NA,NA,NA,NA
R_DS4QHK1CLUzufFD,11/13/2015 4:38,11/13/2015 4:57,1,Parties,a middle income economy,a low income economy,Outside jurisdiction,1,by the parties.,modest but growing local company in an emerging economy country,Fortune 500 company,unanimously,"agreed on an independent expert randomly selected from a pool of qualified experts who calculated damages for US$2,034,040.00.",1,1,50,0,0,1,0,0,0,0,1,0,0,"Despite hot contentions from either side, neither party ""won"" before this Tribunal. The Tribunal has to be paid so it is equitable that the costs thereof are split equally so as not to signal in any way that one side prevailed over the other and thereby risk prejudice to one of the parties when the next Tribunal is appointed (and hopefully a successor Tribunal with jurisdiction and competence). The outgoing Tribunal should make its fees proportional since it did not address substantive issues and instead based its decision to withdraw on the basis of jurisdictional and competence matters. /  / Each party should bear its own costs and transfer them into the next arbitration for consideration by the Tribunal but provided that the parties broadly maintain rather than re-write their positions.",1,2034040,90,NA,NA,NA,NA,NA,0,1,0,0,0,"Having won on liability, in unanimous terms, it seems that quantum was then relatively uncontentious in that the parties agreed upon a ""single joint expert"" who valued the claim at c$2M and that does not seem to be in dispute. One is left to infer, from the range of damages posed in the question, that the Claimant had claimed c$4M hence there will have been some Tribunal, party and expert time dedicated to investigating damages which were not ultimately sustainable. However, the majority of the effort in the case will have been in deciding liability with quantum merely being the consequence flowing from that decision. The Respondent should meet the majority but not all of the Claimant's and Tribunal's costs. The Respondent should bear all of its own costs. It is also notable that bifurcation gave the Respondent the opportunity to settle the quantum which it did not then take.",1,1,0,0,1,0,1,0,0,0,Private,Master's,1,0,1,0,1,Investor-Investor Vignette|Investor-State Vignette,96,3,Respondent,Parties,3,1,0,0,0
R_DRYJDEy8AJ52MwN,10/27/2015 12:43,10/27/2015 12:47,0,Respondent,a middle income economy,a low income economy,Outside jurisdiction,1,by the respondent.,Fortune 500 company,modest but growing local company in an emerging economy country,by majority,"each presented equally credible witnesses. The claimant’s expert calculated damages for US$4,002,100.00. The respondent’s expert calculated damages for US$1,059,307.00.",1,1,-99,-99,-99,-99,-99,-99,-99,-99,-99,-99,-99,NA,1,NA,-99,NA,NA,NA,NA,NA,-99,-99,-99,-99,-99,NA,NA,NA,NA,NA,NA,NA,NA,NA,NA,NA,NA,NA,NA,NA,NA,NA,NA,Investor-Investor Vignette|Investor-State Vignette,97,NA,Respondent,Appointed by Winner,NA,NA,NA,NA,NA
R_ddrc9aB76e8hX13,10/24/2015 5:46,10/24/2015 6:09,1,Blind,a high income economy,a middle income economy,Claimant without legal merit,1,.,Fortune 500 company,modest but growing local company in an emerging economy country,by majority,"agreed on an independent expert randomly selected from a pool of qualified experts who calculated damages for US$2,034,040.00.",1,1,0,0,0,1,0,0,0,0,1,0,0,"I am of the opinion that fees and expenses of the Tribunal and in fact all arbitration cost should be borne by the loosing party; as the action of that part had resulted in the ensuing proceedings.  /  / With regard to legal cost and attorney costs, each party should bear their own cost, this way, regardless of the outcome of any case, the lawyers and clients will be more inclined to keep an eye on the costs and ensure non-inflation or exagguration.",1,2034040,100,NA,NA,NA,NA,NA,0,0,1,0,0,"If the tribunal resorted to a qualified professional expert, who calculated damages for US$2,034,040.00 there is no reason to diverge from the tribunals initial decision,. /  / Regardless of who the parties are, Tribunal has to be objective. Since Respondent breached the contract and is liable for damages, then respondent shall as a matter of principle bear all arbitration costs.",1,0,1,0,1,0,0,0,1,0,Public,Bachelor's,1,0,1,0,1,Investor-State Vignette|Investor-Investor Vignette,98,3,Respondent,Blind,3,1,0,0,0
R_dcZnpozyyeILmJb,10/27/2015 13:57,10/27/2015 14:12,1,Blind,a middle income economy,a middle income economy,Outside jurisdiction,1,.,Fortune 500 company,modest but growing local company in an emerging economy country,by majority,"each presented equally credible witnesses. The claimant’s expert calculated damages for US$4,002,100.00. The respondent’s expert calculated damages for US$1,059,307.00.",1,1,50,0,0,1,0,0,0,0,1,0,0,No bad faith on either side.  No finding that the Claimant's invocation of jurisdiction was without substantial basis.,1,1500000,70,NA,NA,NA,NA,NA,0,0,1,0,0,"Claimant prevailed on liability, but did not prevail by a preponderance of the evidence on damages.  Neither party's position on any issue was found to be without substantial basis. Given Claimant's burden of proof on the quantum of damages, I would not split the difference between the experts but would move some toward the middle. / The issue of legal costs is difficult, given that Claimant's fees and expenses probably exceed the damages awarded, but I would still require each party to bear its own.",1,1,0,1,1,0,1,0,0,0,Private,Bachelor's,1,0,1,0,1,Investor-State Vignette|Investor-Investor Vignette,99,3,Respondent,Blind,3,1,0,0,0
R_dbrzEvFf6KEStIB,10/26/2015 9:34,10/26/2015 10:40,1,Claimant,a high income economy,a middle income economy,Respondent wins,0,by the claimant.,modest but growing local company in an emerging economy country,Fortune 500 company,by majority,"agreed on an independent expert randomly selected from a pool of qualified experts who calculated damages for US$2,034,040.00.",1,1,-99,-99,-99,-99,-99,-99,NA,NA,NA,NA,NA,NA,1,NA,-99,-99,-99,-99,-99,-99,NA,NA,NA,NA,NA,NA,1,NA,NA,NA,NA,NA,NA,NA,NA,NA,NA,NA,NA,-99,-99,NA,-99,Investor-State Vignette|Investor-Investor Vignette,101,NA,Respondent,Appointed by Loser,NA,NA,NA,NA,NA
R_daGVfUtbipb5SRX,10/31/2015 15:14,10/31/2015 15:48,1,Respondent,a middle income economy,a low income economy,Respondent wins,0,by the respondent.,Fortune 500 company,modest but growing local company in an emerging economy country,by majority,"each presented equally credible witnesses. The claimant’s expert calculated damages for US$4,002,100.00. The respondent’s expert calculated damages for US$1,059,307.00.",1,1,0,1,0,0,0,0,NA,NA,NA,NA,NA,NA,1,1059307,100,NA,NA,NA,NA,NA,1,0,0,0,0,Value of the damages is due to the fact that the respondent is small company. Hitting them with high penalties may adversely affect their financial standing. For fortune 500 company 3mil would makea huge difference. The losing party should generally pay for arbitraton and all legal fees.,1,1,0,0,0,1,0,0,0,1,Private,Master's,1,1,0,0,1,Investor-Investor Vignette|Investor-State Vignette,102,1,Respondent,Appointed by Winner,5,0,0,1,1
R_D8pfd8USybBAQ93,10/24/2015 6:32,10/24/2015 7:02,1,Parties,a middle income economy,a middle income economy,Outside jurisdiction,1,by the parties.,modest but growing local company in an emerging economy country,Fortune 500 company,by majority,"each presented equally credible witnesses. The claimant’s expert calculated damages for US$4,002,100.00. The respondent’s expert calculated damages for US$1,059,307.00.",1,1,0,0,0,1,0,0,0,0,1,0,0,"The Claimant initiated the abortive arbitration (absent jurisdiction there is no arbitration) and must pay for a failed application.  As to the costs of parties, absent jurisdiction the putative tribunal has no arbitral authority and no power to award costs.",1,1059307,71,0,1,0,0,0,NA,NA,NA,NA,NA,"In this matter, the Claimant claimed the higher sum.  In the premises, the Claimant had to prove his assertion, the smaller sum being common ground.  Absent a balance of evidence, the Claimant has lost. / As to costs, the issue is whether or not the tribunal's time was engaged by the (failed) higher claim. / I have allowed that the Claimant has won the liability phase. / The criterion may not be the amount paid, but the items allowed.",1,1,0,0,1,0,0,0,0,1,Private,Master's,1,0,1,0,1,Investor-Investor Vignette|Investor-State Vignette,103,3,Respondent,Parties,3,1,0,0,0
R_d6UOFGvFsKYSHkh,10/23/2015 15:50,11/1/2015 2:36,0,Blind,a middle income economy,a middle income economy,Claimant without legal merit,0,.,modest but growing local company in an emerging economy country,Fortune 500 company,by majority,"each presented equally credible witnesses. The claimant’s expert calculated damages for US$4,002,100.00. The respondent’s expert calculated damages for US$1,059,307.00.",1,1,0,1,0,0,0,0,NA,NA,NA,NA,NA,costs follow the event,NA,NA,NA,NA,NA,NA,NA,NA,NA,NA,NA,NA,NA,NA,NA,NA,NA,NA,NA,NA,NA,NA,NA,NA,NA,NA,NA,NA,NA,NA,NA,Investor-State Vignette|Investor-Investor Vignette,105,1,Respondent,Blind,5,0,0,1,1
R_d1egam34obyLhAx,10/28/2015 5:45,11/13/2015 3:08,1,Parties,a middle income economy,a low income economy,Outside jurisdiction,0,by the parties.,modest but growing local company in an emerging economy country,Fortune 500 company,by majority,"each presented equally credible witnesses. The claimant’s expert calculated damages for US$4,002,100.00. The respondent’s expert calculated damages for US$1,059,307.00.",1,1,78,0,0,0,0,1,NA,NA,NA,NA,NA,NA,1,NA,-99,-99,-99,-99,-99,-99,NA,NA,NA,NA,NA,NA,1,NA,NA,NA,NA,NA,NA,NA,NA,NA,NA,NA,NA,-99,-99,NA,-99,Investor-State Vignette|Investor-Investor Vignette,106,5,Respondent,Parties,1,0,0,0,0
R_d0hS50hJE4mpiXD,10/25/2015 1:45,10/25/2015 1:49,0,Parties,a middle income economy,a middle income economy,Outside jurisdiction,0,by the parties.,modest but growing local company in an emerging economy country,modest but growing local company in an emerging economy country,unanimously,"agreed on an independent expert randomly selected from a pool of qualified experts who calculated damages for US$2,034,040.00.",1,NA,NA,NA,NA,NA,NA,NA,NA,NA,NA,NA,NA,NA,NA,NA,NA,NA,NA,NA,NA,NA,NA,NA,NA,NA,NA,NA,NA,NA,NA,NA,NA,NA,NA,NA,NA,NA,NA,NA,NA,NA,NA,NA,NA,Investor-Investor Vignette|Investor-State Vignette,107,NA,Respondent,Parties,NA,NA,NA,NA,NA
R_cJ7c9KszrrviXBL,10/27/2015 12:58,10/27/2015 13:04,1,Respondent,a high income economy,a middle income economy,Outside jurisdiction,1,by the respondent.,Fortune 500 company,Fortune 500 company,unanimously,"each presented equally credible witnesses. The claimant’s expert calculated damages for US$4,002,100.00. The respondent’s expert calculated damages for US$1,059,307.00.",1,1,0,1,0,0,0,0,0,0,0,0,1,Wrong Forum To Bring Claims,1,4002100,100,0,0,0,0,1,NA,NA,NA,NA,NA,Winner Takes It All,1,1,0,0,1,0,1,0,0,0,Private,NA,1,0,1,0,1,Investor-Investor Vignette|Investor-State Vignette,110,1,Respondent,Appointed by Winner,5,0,0,1,1
R_cCvgNtAPrPwFiv3,10/27/2015 12:37,10/27/2015 14:42,1,Parties,a high income economy,a middle income economy,Respondent wins,0,by the parties.,modest but growing local company in an emerging economy country,Fortune 500 company,by majority,"agreed on an independent expert randomly selected from a pool of qualified experts who calculated damages for US$2,034,040.00.",1,1,50,0,0,1,0,0,NA,NA,NA,NA,NA,"I presume the treaty gives the claimant the right to pursue arbitration.  If not, claimant should reimburse all of respondent's fees.   / The hypothetical does not state that the treaty did contained a fee shifting provision following arbitration.  Absent a fee shifting provision, each party should bear their own costs.",1,2034040,100,0,0,0,0,1,NA,NA,NA,NA,NA,"My answer is based on the assumption that the claimant sought roughly $2M in damages, and therefore was successful in pursuing its claim.  If the damages sought were $2billion, AND the Respondent offered a reasonable amount to settle - something close to $2M, then I would have each party bear its own costs.",1,1,0,1,1,0,1,0,0,0,Private,JD,1,0,1,0,1,Investor-State Vignette|Investor-Investor Vignette,111,3,Respondent,Parties,3,1,0,0,0
R_cCmvukILgujTcJ3,10/26/2015 5:11,10/26/2015 5:13,0,Parties,a middle income economy,a low income economy,Respondent wins,0,by the parties.,modest but growing local company in an emerging economy country,Fortune 500 company,by majority,"agreed on an independent expert randomly selected from a pool of qualified experts who calculated damages for US$2,034,040.00.",1,NA,NA,NA,NA,NA,NA,NA,NA,NA,NA,NA,NA,NA,NA,NA,NA,NA,NA,NA,NA,NA,NA,NA,NA,NA,NA,NA,NA,NA,NA,NA,NA,NA,NA,NA,NA,NA,NA,NA,NA,NA,NA,NA,NA,Investor-Investor Vignette|Investor-State Vignette,112,NA,Respondent,Parties,NA,NA,NA,NA,NA
R_ByQfJZ6zoitjiY9,11/26/2015 9:58,11/26/2015 10:18,1,Respondent,a high income economy,a low income economy,Outside jurisdiction,0,by the respondent.,modest but growing local company in an emerging economy country,Fortune 500 company,by majority,"agreed on an independent expert randomly selected from a pool of qualified experts who calculated damages for US$2,034,040.00.",1,1,50,0,0,1,0,0,NA,NA,NA,NA,NA,The parties have agreed to submit the case to  the Centre (ICSID). Both parties therefore should be jointly liable for the costs and expenses,1,2034040,100,NA,NA,NA,NA,NA,0,1,0,0,0,Reasonable expenses (e.g. 10-15% of the amount of the damages),1,1,0,0,0,1,1,0,0,0,Private,Master's,1,0,1,0,1,Investor-Investor Vignette|Investor-State Vignette,114,3,Respondent,Appointed by Winner,3,1,0,0,0
R_BVRr4qUpp3gg49P,10/25/2015 7:03,10/25/2015 7:04,0,Claimant,a middle income economy,a middle income economy,Outside jurisdiction,1,by the claimant.,Fortune 500 company,modest but growing local company in an emerging economy country,unanimously,"each presented equally credible witnesses. The claimant’s expert calculated damages for US$4,002,100.00. The respondent’s expert calculated damages for US$1,059,307.00.",1,NA,NA,NA,NA,NA,NA,NA,NA,NA,NA,NA,NA,NA,NA,NA,NA,NA,NA,NA,NA,NA,NA,NA,NA,NA,NA,NA,NA,NA,NA,NA,NA,NA,NA,NA,NA,NA,NA,NA,NA,NA,NA,NA,NA,Investor-Investor Vignette|Investor-State Vignette,116,NA,Respondent,Appointed by Loser,NA,NA,NA,NA,NA
R_BPb3JZ6OM358iKR,10/24/2015 13:05,10/24/2015 13:08,1,Blind,a high income economy,a middle income economy,Respondent wins,1,.,Fortune 500 company,modest but growing local company in an emerging economy country,by majority,"each presented equally credible witnesses. The claimant’s expert calculated damages for US$4,002,100.00. The respondent’s expert calculated damages for US$1,059,307.00.",1,1,-99,-99,-99,-99,-99,-99,-99,-99,-99,-99,-99,NA,1,NA,-99,-99,-99,-99,-99,-99,NA,NA,NA,NA,NA,NA,1,NA,NA,NA,NA,NA,NA,NA,NA,NA,NA,NA,NA,-99,-99,NA,-99,Investor-State Vignette|Investor-Investor Vignette,118,NA,Respondent,Blind,NA,NA,NA,NA,NA
R_bKQRtOHkVfPbr37,10/29/2015 0:32,10/29/2015 1:37,1,Parties,a high income economy,a low income economy,Claimant wins,1,by the parties.,Fortune 500 company,Fortune 500 company,unanimously,"each presented equally credible witnesses. The claimant’s expert calculated damages for US$4,002,100.00. The respondent’s expert calculated damages for US$1,059,307.00.",1,1,-99,-99,-99,-99,-99,-99,-99,-99,-99,-99,-99,NA,1,NA,-99,NA,NA,NA,NA,NA,-99,-99,-99,-99,-99,NA,1,1,0,0,0,1,1,0,0,0,Private,NA,NA,0,1,NA,-99,Investor-Investor Vignette|Investor-State Vignette,119,NA,Claimant,Parties,NA,NA,NA,NA,NA
R_basVi5vY9soc0v3,10/23/2015 19:07,10/23/2015 19:18,1,Respondent,a high income economy,a low income economy,Claimant wins,1,by the respondent.,modest but growing local company in an emerging economy country,modest but growing local company in an emerging economy country,unanimously,"agreed on an independent expert randomly selected from a pool of qualified experts who calculated damages for US$2,034,040.00.",1,1,100,0,0,0,1,0,0,1,0,0,0,"There is a distinction between instituional costs (arbitrator fees and expenses, hearing, transcribers, etc) which can typically be paid in full by the losing party, and legal costs which are (almost) never reimbursed in full but may be either (a) reimbursed in part or (b) borne by each party for its own costs.  This usually depends on the particular circumstances of each case.  Note that this represents a shift in investment arbitration away from the traditional approach of each party bearing its own costs, towards the costs-shifting model which is more prevalent in commercial arbitration.",1,2034040,100,NA,NA,NA,NA,NA,0,1,0,0,0,Parties agreed to assessment of damages by an independent expert.  Tribunal should accept the expert's conclusions absent compelling evidence that the expert assessment is unreliable.  Costs scenario indicated above represents (in my experience) the typical and common approach to costs in commercial arbitration.,1,1,0,0,1,0,1,0,0,0,Private,Master's,1,0,1,0,1,Investor-State Vignette|Investor-Investor Vignette,121,4,Claimant,Appointed by Loser,4,0,1,0,1
R_AytgKUaVZQx8Bjj,10/27/2015 12:44,10/27/2015 12:44,0,Claimant,a middle income economy,a low income economy,Claimant without legal merit,0,by the claimant.,modest but growing local company in an emerging economy country,Fortune 500 company,unanimously,"each presented equally credible witnesses. The claimant’s expert calculated damages for US$4,002,100.00. The respondent’s expert calculated damages for US$1,059,307.00.",1,NA,NA,NA,NA,NA,NA,NA,NA,NA,NA,NA,NA,NA,NA,NA,NA,NA,NA,NA,NA,NA,NA,NA,NA,NA,NA,NA,NA,NA,NA,NA,NA,NA,NA,NA,NA,NA,NA,NA,NA,NA,NA,NA,NA,Investor-State Vignette|Investor-Investor Vignette,122,NA,Respondent,Appointed by Loser,NA,NA,NA,NA,NA
R_Ao1PkOCiRW8A7QZ,10/27/2015 14:01,10/27/2015 18:01,1,Blind,a high income economy,a low income economy,Respondent wins,0,.,Fortune 500 company,Fortune 500 company,by majority,"agreed on an independent expert randomly selected from a pool of qualified experts who calculated damages for US$2,034,040.00.",1,1,0,1,0,0,0,0,NA,NA,NA,NA,NA,See prior comment,1,2034040,100,NA,NA,NA,NA,NA,1,0,0,0,0,I am from Canada which has a user pay system.  Such a system is salutary in that it tends to discourage frivolous actions.,1,1,0,0,1,0,1,0,0,0,Private,Bachelor's,1,-99,-99,0,1,Investor-Investor Vignette|Investor-State Vignette,123,1,Respondent,Blind,5,0,0,1,1
R_AMAyoWkpRuUeEnf,10/23/2015 15:59,10/23/2015 16:01,0,Parties,a middle income economy,a middle income economy,Outside jurisdiction,0,by the parties.,modest but growing local company in an emerging economy country,Fortune 500 company,unanimously,"each presented equally credible witnesses. The claimant’s expert calculated damages for US$4,002,100.00. The respondent’s expert calculated damages for US$1,059,307.00.",1,NA,NA,NA,NA,NA,NA,NA,NA,NA,NA,NA,NA,NA,NA,NA,NA,NA,NA,NA,NA,NA,NA,NA,NA,NA,NA,NA,NA,NA,NA,NA,NA,NA,NA,NA,NA,NA,NA,NA,NA,NA,NA,NA,NA,Investor-Investor Vignette|Investor-State Vignette,124,NA,Respondent,Parties,NA,NA,NA,NA,NA
R_aia47FLHNfYqRDX,10/24/2015 5:05,10/24/2015 5:20,1,Blind,a middle income economy,a low income economy,Respondent wins,0,.,Fortune 500 company,Fortune 500 company,unanimously,"agreed on an independent expert randomly selected from a pool of qualified experts who calculated damages for US$2,034,040.00.",1,1,0,0,1,0,0,0,NA,NA,NA,NA,NA,Costs should generally not be born by the innocent party and it's taxpayers.,1,2034040,100,NA,NA,NA,NA,NA,0,1,0,0,0,Respondent failed to achieve commercial settlement and having now lost should pat most of claimants costs.,1,1,0,NA,NA,NA,1,0,0,0,Private,NA,NA,0,1,1,0,Investor-State Vignette|Investor-Investor Vignette,125,2,Respondent,Blind,4,0,1,0,1
R_AaFzZ1tkeGrZ357,10/23/2015 16:10,10/23/2015 16:12,0,Parties,a middle income economy,a middle income economy,Claimant without legal merit,0,by the parties.,modest but growing local company in an emerging economy country,modest but growing local company in an emerging economy country,by majority,"agreed on an independent expert randomly selected from a pool of qualified experts who calculated damages for US$2,034,040.00.",1,NA,NA,NA,NA,NA,NA,NA,NA,NA,NA,NA,NA,NA,NA,NA,NA,NA,NA,NA,NA,NA,NA,NA,NA,NA,NA,NA,NA,NA,NA,NA,NA,NA,NA,NA,NA,NA,NA,NA,NA,NA,NA,NA,NA,Investor-Investor Vignette|Investor-State Vignette,126,NA,Respondent,Parties,NA,NA,NA,NA,NA
R_a9jVbRWqYZWCstv,10/27/2015 12:57,10/27/2015 13:01,0,Parties,a middle income economy,a middle income economy,Respondent wins,1,by the parties.,Fortune 500 company,modest but growing local company in an emerging economy country,by majority,"each presented equally credible witnesses. The claimant’s expert calculated damages for US$4,002,100.00. The respondent’s expert calculated damages for US$1,059,307.00.",1,NA,NA,NA,NA,NA,NA,NA,NA,NA,NA,NA,NA,NA,1,4002100,100,NA,NA,NA,NA,NA,1,0,0,0,0,Reimbursement for Prevailing Party,NA,NA,NA,NA,NA,NA,NA,NA,NA,NA,NA,NA,NA,NA,NA,NA,NA,Investor-Investor Vignette|Investor-State Vignette,127,NA,Respondent,Parties,NA,NA,NA,NA,NA
R_9RiMkvTbQCw7MkN,10/26/2015 3:43,10/26/2015 3:46,0,Blind,a high income economy,a low income economy,Claimant wins,0,.,modest but growing local company in an emerging economy country,modest but growing local company in an emerging economy country,by majority,"each presented equally credible witnesses. The claimant’s expert calculated damages for US$4,002,100.00. The respondent’s expert calculated damages for US$1,059,307.00.",1,NA,NA,NA,NA,NA,NA,NA,NA,NA,NA,NA,NA,NA,NA,NA,NA,NA,NA,NA,NA,NA,NA,NA,NA,NA,NA,NA,NA,NA,NA,NA,NA,NA,NA,NA,NA,NA,NA,NA,NA,NA,NA,NA,NA,Investor-Investor Vignette|Investor-State Vignette,129,NA,Claimant,Blind,NA,NA,NA,NA,NA
R_9pBJxrfn0DxqW6l,10/27/2015 15:53,10/27/2015 16:04,1,Respondent,a middle income economy,a low income economy,Claimant without legal merit,1,by the respondent.,Fortune 500 company,Fortune 500 company,by majority,"agreed on an independent expert randomly selected from a pool of qualified experts who calculated damages for US$2,034,040.00.",1,1,0,1,0,0,0,0,0,0,0,0,1,NA,1,2034040,25,0,0,0,0,1,NA,NA,NA,NA,NA,NA,1,1,0,0,0,1,1,0,0,0,Private,NA,1,0,1,0,1,Investor-Investor Vignette|Investor-State Vignette,130,1,Respondent,Appointed by Winner,5,0,0,1,1
R_9MsUwL1bcDJVXYR,10/27/2015 12:43,10/27/2015 13:08,0,Blind,a high income economy,a middle income economy,Respondent wins,1,.,Fortune 500 company,modest but growing local company in an emerging economy country,unanimously,"each presented equally credible witnesses. The claimant’s expert calculated damages for US$4,002,100.00. The respondent’s expert calculated damages for US$1,059,307.00.",1,NA,NA,NA,NA,NA,NA,NA,NA,NA,NA,NA,NA,NA,NA,NA,NA,NA,NA,NA,NA,NA,NA,NA,NA,NA,NA,NA,NA,NA,NA,NA,NA,NA,NA,NA,NA,NA,NA,NA,NA,NA,NA,NA,NA,Investor-Investor Vignette|Investor-State Vignette,131,NA,Respondent,Blind,NA,NA,NA,NA,NA
R_8nXd85j7bAqFckN,10/25/2015 17:27,10/25/2015 17:44,1,Respondent,a high income economy,a middle income economy,Respondent wins,1,by the respondent.,modest but growing local company in an emerging economy country,modest but growing local company in an emerging economy country,unanimously,"agreed on an independent expert randomly selected from a pool of qualified experts who calculated damages for US$2,034,040.00.",1,1,0,1,0,0,0,0,0,0,0,0,1,Claimant is responsible of introducing an unsustained claim. High income economy firms must be discouraged of overusing arbitration procedures against middle income economy entities.,1,4002100,100,0,0,0,0,1,NA,NA,NA,NA,NA,Why compromise in a situation where damages were suffered and should be compensated. Same for arbitration costs.,1,1,0,0,1,0,1,0,0,0,Private,Master's,1,0,1,0,1,Investor-State Vignette|Investor-Investor Vignette,134,1,Respondent,Appointed by Winner,5,0,0,1,1
R_8kbhn7nSWYVZ2zD,11/8/2015 20:03,11/8/2015 20:25,1,Blind,a high income economy,a low income economy,Outside jurisdiction,1,.,Fortune 500 company,Fortune 500 company,by majority,"each presented equally credible witnesses. The claimant’s expert calculated damages for US$4,002,100.00. The respondent’s expert calculated damages for US$1,059,307.00.",1,1,50,0,0,1,0,0,0,0,1,0,0,"The outcome of the decision, not being a decision on who's at fault nor a binding decision , but rather a juridiction position, each parties are to be liable for their own cost.  Cost of doing business.  /",1,2550000,100,NA,NA,NA,NA,NA,0,0,1,0,0,"Because both expert opinion in damages are not same and facts do not suggest that a third analys was done, simply propose to meet the two damages scénario  in middle value. /  / The one at faut in Law should  near the cost of tribunal. /  / Legal fées : cost of doing business.",1,NA,NA,NA,NA,NA,NA,NA,NA,NA,NA,NA,NA,-99,-99,NA,-99,Investor-State Vignette|Investor-Investor Vignette,136,3,Respondent,Blind,3,1,0,0,0
R_8j371NP6LJyCvIN,10/28/2015 2:15,10/28/2015 2:20,1,Respondent,a middle income economy,a middle income economy,Claimant without legal merit,0,by the respondent.,Fortune 500 company,modest but growing local company in an emerging economy country,unanimously,"agreed on an independent expert randomly selected from a pool of qualified experts who calculated damages for US$2,034,040.00.",1,1,-99,-99,-99,-99,-99,-99,NA,NA,NA,NA,NA,NA,1,NA,-99,-99,-99,-99,-99,-99,NA,NA,NA,NA,NA,NA,1,NA,NA,NA,NA,NA,NA,NA,NA,NA,NA,NA,NA,-99,-99,NA,-99,Investor-State Vignette|Investor-Investor Vignette,137,NA,Respondent,Appointed by Winner,NA,NA,NA,NA,NA
R_8FX1v5XtM6caPGF,10/27/2015 15:17,10/27/2015 15:30,1,Blind,a middle income economy,a low income economy,Respondent wins,0,.,Fortune 500 company,modest but growing local company in an emerging economy country,unanimously,"agreed on an independent expert randomly selected from a pool of qualified experts who calculated damages for US$2,034,040.00.",1,1,0,0,1,0,0,0,NA,NA,NA,NA,NA,"Having defeated the claim, the respondent should be free of arbitration costs.  But allocation of lawyer costs would be punitive.  A compromise is 20%.",1,2034040,20,NA,NA,NA,NA,NA,0,1,0,0,0,I wouldn't want to punish the respondent overly.  But respondent should bear some cost.,1,1,0,1,1,0,1,0,0,0,Private,JD,1,0,1,0,1,Investor-Investor Vignette|Investor-State Vignette,138,2,Respondent,Blind,4,0,1,0,1
R_8Ba9J0AZPzfn9p7,10/24/2015 13:23,10/24/2015 13:35,1,Claimant,a high income economy,a low income economy,Claimant wins,0,by the claimant.,modest but growing local company in an emerging economy country,Fortune 500 company,by majority,"each presented equally credible witnesses. The claimant’s expert calculated damages for US$4,002,100.00. The respondent’s expert calculated damages for US$1,059,307.00.",1,1,100,0,0,0,0,1,NA,NA,NA,NA,NA,NA,1,4002100,71,0,0,0,1,0,NA,NA,NA,NA,NA,"The Claimant also agreed to bifurcate the proceedings, thus prolonging the process. It was not an application made by the Respondent alone nor was it a decision made solely by the Tribunal. Therefore, it is only fair that the Claimant bears some of its own legal costs.",1,0,1,0,0,1,1,0,0,0,Private,Master's,1,1,0,0,1,Investor-Investor Vignette|Investor-State Vignette,140,5,Claimant,Appointed by Winner,5,0,0,1,1
R_8B1hSl3mawGJC49,10/27/2015 14:11,10/27/2015 15:13,0,Claimant,a middle income economy,a low income economy,Claimant without legal merit,1,by the claimant.,Fortune 500 company,Fortune 500 company,unanimously,"each presented equally credible witnesses. The claimant’s expert calculated damages for US$4,002,100.00. The respondent’s expert calculated damages for US$1,059,307.00.",1,NA,NA,NA,NA,NA,NA,NA,NA,NA,NA,NA,NA,NA,NA,NA,NA,NA,NA,NA,NA,NA,NA,NA,NA,NA,NA,NA,NA,NA,NA,NA,NA,NA,NA,NA,NA,NA,NA,NA,NA,NA,NA,NA,NA,Investor-Investor Vignette|Investor-State Vignette,141,NA,Respondent,Appointed by Loser,NA,NA,NA,NA,NA
R_88tCBdbj913D0nX,10/31/2015 17:11,11/13/2015 13:41,1,Claimant,a high income economy,a low income economy,Outside jurisdiction,1,by the claimant.,Fortune 500 company,modest but growing local company in an emerging economy country,unanimously,"agreed on an independent expert randomly selected from a pool of qualified experts who calculated damages for US$2,034,040.00.",1,1,0,0,1,0,0,0,0,0,0,1,0,The case was unsuccessful.,1,2034040,100,0,0,0,1,0,NA,NA,NA,NA,NA,Loser pays. Degree of payment of legal fees may hinge on any offers to settle.,1,1,0,0,1,0,1,0,0,0,Private,Bachelor's,1,1,0,0,1,Investor-State Vignette|Investor-Investor Vignette,142,2,Respondent,Appointed by Loser,4,0,1,0,1
R_81xgLKWeQADS3RL,10/27/2015 16:33,10/27/2015 16:44,1,Respondent,a high income economy,a low income economy,Claimant wins,1,by the respondent.,modest but growing local company in an emerging economy country,modest but growing local company in an emerging economy country,by majority,"agreed on an independent expert randomly selected from a pool of qualified experts who calculated damages for US$2,034,040.00.",1,1,60,0,0,0,1,0,0,1,0,0,0,Same reasoning as with the prior scenario.,1,2034040,61,NA,NA,NA,NA,NA,0,1,0,0,0,"Absent a good reason for the respondent paying all the costs of the proceeding, a fair order is what is know as ""partial indemnity costs"", that is, costs that are most of but not all the costs of the winning party. If the respondent has acted in some way to prolong the hearing or otherwise improperly, then I would award the full costs of the claimant against the respondent.",1,1,0,0,1,0,0,0,0,1,Private,Bachelor's,1,0,1,0,1,Investor-Investor Vignette|Investor-State Vignette,143,4,Claimant,Appointed by Loser,4,0,1,0,1
R_80MgDpPdSOteDU5,10/29/2015 13:24,10/29/2015 13:36,1,Blind,a middle income economy,a middle income economy,Claimant wins,1,.,modest but growing local company in an emerging economy country,modest but growing local company in an emerging economy country,by majority,"each presented equally credible witnesses. The claimant’s expert calculated damages for US$4,002,100.00. The respondent’s expert calculated damages for US$1,059,307.00.",1,1,100,0,0,0,0,1,1,0,0,0,0,Simple considerations of fairness dictate that a party who has unsuccessfully resisted a valid claim should bear the expenses of the arbitration and compensate the successful party for its expenses in establishing the validity of its claim.,1,-88,-99,NA,NA,NA,NA,NA,0,0,1,0,0,"The assumed facts do not allow a judicial answer tot he question, which would require evaluation of the testimony of the experts.  Assuming an award between the two positions each side may be said to have had a measure of success and should not have to bear any of the other party's costs",1,1,0,0,1,0,1,0,0,0,Private,Master's,1,0,1,1,0,Investor-State Vignette|Investor-Investor Vignette,144,5,Claimant,Blind,5,0,0,1,1
R_6XMqG6SANjCBZpT,10/28/2015 7:31,10/28/2015 7:54,1,Parties,a middle income economy,a low income economy,Claimant wins,1,by the parties.,modest but growing local company in an emerging economy country,Fortune 500 company,unanimously,"each presented equally credible witnesses. The claimant’s expert calculated damages for US$4,002,100.00. The respondent’s expert calculated damages for US$1,059,307.00.",1,1,100,0,0,0,0,1,1,0,0,0,0,the claimant won,1,2500000,100,0,0,0,0,1,NA,NA,NA,NA,NA,"claimant won, so expenses shall be fully refunded.  On damages, in the absence of clear evidence, an equitable solution is the only option",1,1,0,0,0,1,1,0,0,0,Private,Doctorate,1,0,1,0,1,Investor-Investor Vignette|Investor-State Vignette,146,5,Claimant,Parties,5,0,0,1,1
R_6lOGpTJZ7AE3s3j,10/27/2015 12:53,10/28/2015 6:13,0,Claimant,a high income economy,a low income economy,Claimant without legal merit,1,by the claimant.,Fortune 500 company,modest but growing local company in an emerging economy country,by majority,"agreed on an independent expert randomly selected from a pool of qualified experts who calculated damages for US$2,034,040.00.",1,NA,NA,NA,NA,NA,NA,NA,NA,NA,NA,NA,NA,NA,NA,NA,NA,NA,NA,NA,NA,NA,NA,NA,NA,NA,NA,NA,NA,NA,NA,NA,NA,NA,NA,NA,NA,NA,NA,NA,NA,NA,NA,NA,NA,Investor-Investor Vignette|Investor-State Vignette,148,NA,Respondent,Appointed by Loser,NA,NA,NA,NA,NA
R_5nyZQ34KVLhTWE1,10/27/2015 12:53,10/27/2015 12:54,0,Blind,a middle income economy,a middle income economy,Claimant wins,0,.,Fortune 500 company,modest but growing local company in an emerging economy country,unanimously,"each presented equally credible witnesses. The claimant’s expert calculated damages for US$4,002,100.00. The respondent’s expert calculated damages for US$1,059,307.00.",1,NA,NA,NA,NA,NA,NA,NA,NA,NA,NA,NA,NA,NA,NA,NA,NA,NA,NA,NA,NA,NA,NA,NA,NA,NA,NA,NA,NA,NA,NA,NA,NA,NA,NA,NA,NA,NA,NA,NA,NA,NA,NA,NA,NA,Investor-State Vignette|Investor-Investor Vignette,151,NA,Claimant,Blind,NA,NA,NA,NA,NA
R_5bgM2drMyhqPYsN,11/3/2015 17:25,11/3/2015 17:31,1,Claimant,a middle income economy,a low income economy,Respondent wins,1,by the claimant.,Fortune 500 company,Fortune 500 company,by majority,"each presented equally credible witnesses. The claimant’s expert calculated damages for US$4,002,100.00. The respondent’s expert calculated damages for US$1,059,307.00.",1,1,0,0,0,1,0,0,0,0,1,0,0,NA,1,-88,-99,0,0,1,0,0,NA,NA,NA,NA,NA,The tribunal has to reach a decision based on evidence and cannot adjucitae a figure that has no supporting evidence. The tribunal would have to decide between eitehr figure or be able to justify a third one.,1,0,1,0,0,1,1,0,0,0,Private,NA,1,0,1,0,1,Investor-Investor Vignette|Investor-State Vignette,154,3,Respondent,Appointed by Loser,3,1,0,0,0
R_55szuy7Ozx2xSbH,10/27/2015 11:00,10/30/2015 10:45,1,Respondent,a middle income economy,a middle income economy,Respondent wins,1,by the respondent.,Fortune 500 company,Fortune 500 company,unanimously,"agreed on an independent expert randomly selected from a pool of qualified experts who calculated damages for US$2,034,040.00.",1,1,48,0,0,1,0,0,0,0,1,0,0,NA,1,NA,-99,-99,-99,-99,-99,-99,NA,NA,NA,NA,NA,NA,1,NA,NA,NA,NA,NA,NA,NA,NA,NA,NA,NA,NA,-99,-99,NA,-99,Investor-State Vignette|Investor-Investor Vignette,155,3,Respondent,Appointed by Winner,3,1,0,0,0
R_4VFaKAvOC68rMGh,10/23/2015 17:36,10/26/2015 12:38,1,Parties,a high income economy,a low income economy,Claimant without legal merit,1,by the parties.,modest but growing local company in an emerging economy country,modest but growing local company in an emerging economy country,unanimously,"agreed on an independent expert randomly selected from a pool of qualified experts who calculated damages for US$2,034,040.00.",1,1,0,1,0,0,0,0,0,0,0,0,1,Please note my previous answer.,1,2034040,92,0,0,0,0,1,NA,NA,NA,NA,NA,"Regarding the amount of the damages, I consider that value determined by the expert should be its measure, mainly because the parties agreed to use this method and the expert assignment was performed independently. /  / Regarding the distribution of the expenses of the proceeding, I consider these should be borne by the losing party. /",1,0,1,0,0,1,1,0,0,0,Private,Master's,1,0,1,0,1,Investor-Investor Vignette|Investor-State Vignette,156,1,Respondent,Parties,5,0,0,1,1
R_4TTNRNIeVwQME3b,11/10/2015 22:24,11/10/2015 22:36,1,Parties,a middle income economy,a middle income economy,Outside jurisdiction,0,by the parties.,Fortune 500 company,Fortune 500 company,unanimously,"each presented equally credible witnesses. The claimant’s expert calculated damages for US$4,002,100.00. The respondent’s expert calculated damages for US$1,059,307.00.",1,1,-99,0,0,1,0,0,NA,NA,NA,NA,NA,It is fair that the expenses of the parties to be bore by each of them.,1,2500000,-99,0,0,1,0,0,NA,NA,NA,NA,NA,"Since the claimant's claim is partially granted, the legal cost should be borne equally between the parties.",1,1,0,0,0,1,0,1,0,0,Academic,Doctorate,1,0,1,1,0,Investor-State Vignette|Investor-Investor Vignette,157,3,Respondent,Parties,3,1,0,0,0
R_4GFq0X8qaK7iE8R,10/27/2015 17:11,10/27/2015 17:18,1,Blind,a middle income economy,a low income economy,Respondent wins,0,.,Fortune 500 company,Fortune 500 company,unanimously,"agreed on an independent expert randomly selected from a pool of qualified experts who calculated damages for US$2,034,040.00.",1,1,0,0,1,0,0,0,NA,NA,NA,NA,NA,"Generally the costs should follow the event, because this is part of the consequences of a wrongful act or of an improperly brought claim.  Naturally, it is rare that either side wins 100% in terms of the arguments presented, so it is rare that 100% cost shifting is appropriate.  But that should generally be the tendency.  Otherwise, there will be insufficient deterrent to frivolous claims and frivolous defences.",1,2034040,100,NA,NA,NA,NA,NA,0,1,0,0,0,Same as for the prior question.  There is no information given that suggests the Responent was successful on any part of its case.,1,1,0,1,1,1,1,0,0,0,Private,JD,1,0,1,1,0,Investor-State Vignette|Investor-Investor Vignette,159,2,Respondent,Blind,4,0,1,0,1
R_3xYi36DMWxe2svL,10/27/2015 22:30,10/27/2015 22:50,1,Blind,a high income economy,a middle income economy,Respondent wins,1,.,Fortune 500 company,modest but growing local company in an emerging economy country,by majority,"agreed on an independent expert randomly selected from a pool of qualified experts who calculated damages for US$2,034,040.00.",1,1,0,1,0,0,0,0,0,0,0,0,1,"The decision was unanimous, indicating the Claimant has brought forth a case with not much merits.  Hence, should bear the consequences of the action.",1,2000000,50,0,0,1,0,0,NA,NA,NA,NA,NA,"The Claimant won 50% of the claim, so should pay 50% of the fees.  As for expenses, since both parties are only 50% correct, they should bear their own legal costs.",1,1,0,0,1,0,1,0,0,0,Private,Master's,1,0,1,0,1,Investor-Investor Vignette|Investor-State Vignette,160,1,Respondent,Blind,5,0,0,1,1
R_3xeZsHZvkSTTiU1,10/23/2015 15:58,10/23/2015 16:54,0,Claimant,a high income economy,a low income economy,Claimant wins,0,by the claimant.,Fortune 500 company,modest but growing local company in an emerging economy country,by majority,"each presented equally credible witnesses. The claimant’s expert calculated damages for US$4,002,100.00. The respondent’s expert calculated damages for US$1,059,307.00.",1,NA,NA,NA,NA,NA,NA,NA,NA,NA,NA,NA,NA,NA,1,2500000,-99,NA,NA,NA,NA,NA,0,0,1,0,0,"Regarding the amount of damages, I was taking the median, since I was not provided a complete information regarding the case, I cannot make a proper assessment about damages. / Regarding the share of arbitration costs, it is the parties' consensus to have the case heard through arbitration and as part of that consensus, shall bear the arbitration costs evenly. / Regarding the legal expenses, each party must bear its own expenses, as in some jurisdiction having an international arbitration award which require one party (the losing party) to bear the legal expenses of the other (the winning party) would result in the rejection of enforcement of the award by the national court system, as it is against the law. This part must be considered meticulously based on the national law of the country where the arbitration award will be enforced.",NA,NA,NA,NA,NA,NA,NA,NA,NA,NA,NA,NA,NA,NA,NA,NA,NA,Investor-Investor Vignette|Investor-State Vignette,161,NA,Claimant,Appointed by Winner,NA,NA,NA,NA,NA
R_3XbbHgt5SD6UJkp,10/23/2015 22:10,10/23/2015 22:29,1,Parties,a high income economy,a middle income economy,Outside jurisdiction,1,by the parties.,modest but growing local company in an emerging economy country,Fortune 500 company,by majority,"agreed on an independent expert randomly selected from a pool of qualified experts who calculated damages for US$2,034,040.00.",1,1,65,0,0,0,1,0,0,1,0,0,0,"By accepting the randomly selected expert without another expert to challenge the expert's findings the respondent has saved a huge amount of trouble and expense and I am therefore sympathetic to the respondent on costs, although I recognise that the claimant has won on merits.",1,2034040,-99,NA,NA,NA,NA,NA,0,1,0,0,0,"By accepting the randomly selected expert without another expert to challenge the expert's findings the respondent has saved a huge amount of trouble and expense and I am therefore sympathetic to the respondent on costs, although I recognise that the claimant has won on merits.",1,1,0,1,1,0,1,0,0,0,Private,Bachelor's,1,1,0,0,1,Investor-Investor Vignette|Investor-State Vignette,162,4,Respondent,Parties,2,0,0,0,0
R_3vHGCfgCPJQqZEt,10/28/2015 2:02,10/28/2015 2:27,1,Parties,a middle income economy,a low income economy,Claimant wins,1,by the parties.,modest but growing local company in an emerging economy country,modest but growing local company in an emerging economy country,by majority,"each presented equally credible witnesses. The claimant’s expert calculated damages for US$4,002,100.00. The respondent’s expert calculated damages for US$1,059,307.00.",1,1,-99,-99,-99,-99,-99,-99,-99,-99,-99,-99,-99,NA,1,NA,-99,NA,NA,NA,NA,NA,-99,-99,-99,-99,-99,NA,1,NA,NA,NA,NA,NA,NA,NA,NA,NA,NA,NA,NA,-99,-99,NA,-99,Investor-Investor Vignette|Investor-State Vignette,163,NA,Claimant,Parties,NA,NA,NA,NA,NA
R_3UFFmkHlkDhv2zn,10/29/2015 9:55,10/29/2015 10:10,1,Respondent,a high income economy,a middle income economy,Outside jurisdiction,1,by the respondent.,modest but growing local company in an emerging economy country,Fortune 500 company,by majority,"each presented equally credible witnesses. The claimant’s expert calculated damages for US$4,002,100.00. The respondent’s expert calculated damages for US$1,059,307.00.",1,1,50,0,0,1,0,0,0,0,1,0,0,"This has been a decision on jurisdiction only. Both parties have equal opportunity to proceed with the matter further in another forum. This benefits both parties equally. There is no clear winner or looser. / There was no challenge by the respondent on jurisdiction, otherwise respondent would be the winner.",1,NA,-99,NA,NA,NA,NA,NA,1,0,0,0,0,The facts and witness statements are not available to me so I can't answer on the quantum to be awarded.,1,1,0,NA,NA,NA,0,0,0,1,Private,Master's,1,0,1,0,1,Investor-State Vignette|Investor-Investor Vignette,164,3,Respondent,Appointed by Winner,3,1,0,0,0
R_3szZqqaIwfBaB4a,10/27/2015 13:18,10/27/2015 13:32,1,Respondent,a high income economy,a low income economy,Claimant without legal merit,0,by the respondent.,Fortune 500 company,modest but growing local company in an emerging economy country,by majority,"agreed on an independent expert randomly selected from a pool of qualified experts who calculated damages for US$2,034,040.00.",1,1,0,1,0,0,0,0,NA,NA,NA,NA,NA,NA,1,2000000,-99,NA,NA,NA,NA,NA,0,0,1,0,0,NA,1,1,0,1,1,0,1,0,0,0,Private,JD,1,0,1,0,1,Investor-State Vignette|Investor-Investor Vignette,165,1,Respondent,Appointed by Winner,5,0,0,1,1
R_3siRMU7nqxEjPBk,10/24/2015 8:11,10/24/2015 8:24,1,Respondent,a middle income economy,a low income economy,Claimant without legal merit,0,by the respondent.,Fortune 500 company,modest but growing local company in an emerging economy country,unanimously,"each presented equally credible witnesses. The claimant’s expert calculated damages for US$4,002,100.00. The respondent’s expert calculated damages for US$1,059,307.00.",1,1,0,1,0,0,0,0,NA,NA,NA,NA,NA,NA,1,1059307,50,NA,NA,NA,NA,NA,0,1,0,0,0,NA,1,1,0,0,1,0,1,0,0,0,Private,NA,1,1,0,0,1,Investor-Investor Vignette|Investor-State Vignette,166,1,Respondent,Appointed by Winner,5,0,0,1,1
R_3scfUTuAYLvoR5P,10/23/2015 16:26,10/23/2015 16:27,0,Claimant,a high income economy,a middle income economy,Outside jurisdiction,1,by the claimant.,modest but growing local company in an emerging economy country,Fortune 500 company,by majority,"agreed on an independent expert randomly selected from a pool of qualified experts who calculated damages for US$2,034,040.00.",1,NA,NA,NA,NA,NA,NA,NA,NA,NA,NA,NA,NA,NA,NA,NA,NA,NA,NA,NA,NA,NA,NA,NA,NA,NA,NA,NA,NA,NA,NA,NA,NA,NA,NA,NA,NA,NA,NA,NA,NA,NA,NA,NA,NA,Investor-State Vignette|Investor-Investor Vignette,168,NA,Respondent,Appointed by Loser,NA,NA,NA,NA,NA
R_3sB95G1uGURvxdZ,10/26/2015 10:37,10/26/2015 10:40,0,Parties,a high income economy,a low income economy,Outside jurisdiction,0,by the parties.,Fortune 500 company,modest but growing local company in an emerging economy country,by majority,"each presented equally credible witnesses. The claimant’s expert calculated damages for US$4,002,100.00. The respondent’s expert calculated damages for US$1,059,307.00.",1,1,-99,-99,-99,-99,-99,-99,NA,NA,NA,NA,NA,NA,1,NA,-99,NA,NA,NA,NA,NA,-99,-99,-99,-99,-99,"This is a ridiculous survey. Damages and costs decisions are not made in a vacuum, but in the context of the dispute. I cannot accept that there is no basis to distinguish the damages analyses presented by the parties, for example.",NA,NA,NA,NA,NA,NA,NA,NA,NA,NA,NA,NA,NA,NA,NA,NA,NA,Investor-Investor Vignette|Investor-State Vignette,169,NA,Respondent,Parties,NA,NA,NA,NA,NA
R_3rIO0LxoXsP0PiD,10/29/2015 10:28,10/29/2015 10:37,1,Parties,a high income economy,a low income economy,Respondent wins,0,by the parties.,Fortune 500 company,Fortune 500 company,by majority,"agreed on an independent expert randomly selected from a pool of qualified experts who calculated damages for US$2,034,040.00.",1,1,0,0,0,1,0,0,NA,NA,NA,NA,NA,"I generally follow the ""American"" rule, whereby each party is responsible for their own legal expenses unless there is a clear violation of law or public policy, or the parties' agreement expressly provides for a different allocation of ""legal"" expenses (as opposed to arbitration expenses).  Arbitration expenses (as opposed to ""legal"" expenses) are put on the party that does not prevail.",1,2034040,100,0,0,1,0,0,NA,NA,NA,NA,NA,See answer to previous scenario,1,0,1,1,1,0,0,0,0,1,Private,Master's,1,0,1,0,1,Investor-State Vignette|Investor-Investor Vignette,172,3,Respondent,Parties,3,1,0,0,0
R_3RfKhT9m58Bbkvg,10/27/2015 12:41,10/27/2015 12:43,0,Respondent,a middle income economy,a middle income economy,Claimant wins,1,by the respondent.,modest but growing local company in an emerging economy country,Fortune 500 company,unanimously,"each presented equally credible witnesses. The claimant’s expert calculated damages for US$4,002,100.00. The respondent’s expert calculated damages for US$1,059,307.00.",1,1,80,0,0,0,0,1,1,0,0,0,0,NA,1,2000000,81,0,0,0,0,1,NA,NA,NA,NA,NA,NA,NA,NA,NA,NA,NA,NA,NA,NA,NA,NA,NA,NA,NA,NA,NA,NA,NA,Investor-State Vignette|Investor-Investor Vignette,174,5,Claimant,Appointed by Loser,5,0,0,1,1
R_3r3kHDg2mrXwZr3,10/27/2015 14:06,10/27/2015 14:07,0,Parties,a high income economy,a middle income economy,Outside jurisdiction,1,by the parties.,Fortune 500 company,modest but growing local company in an emerging economy country,unanimously,"each presented equally credible witnesses. The claimant’s expert calculated damages for US$4,002,100.00. The respondent’s expert calculated damages for US$1,059,307.00.",1,1,-99,0,0,1,0,0,0,0,1,0,0,NA,NA,NA,NA,NA,NA,NA,NA,NA,NA,NA,NA,NA,NA,NA,NA,NA,NA,NA,NA,NA,NA,NA,NA,NA,NA,NA,NA,NA,NA,NA,NA,Investor-State Vignette|Investor-Investor Vignette,175,3,Respondent,Parties,3,1,0,0,0
R_3QXBYAzafXeHOUs,10/24/2015 17:40,10/24/2015 17:48,1,Respondent,a high income economy,a middle income economy,Claimant without legal merit,0,by the respondent.,Fortune 500 company,Fortune 500 company,by majority,"agreed on an independent expert randomly selected from a pool of qualified experts who calculated damages for US$2,034,040.00.",1,1,99,1,0,0,0,0,NA,NA,NA,NA,NA,Costs should follow the event,1,2000000,100,NA,NA,NA,NA,NA,1,0,0,0,0,Costs should follow the event and in terms of quantum experts are likely to have pitched quantum at the highest level so some discounting would apply in my view. This is very difficult to do in isolation on the facts we have,1,1,0,0,1,0,1,0,0,0,Private,Bachelor's,1,1,0,0,1,Investor-Investor Vignette|Investor-State Vignette,177,1,Respondent,Appointed by Winner,5,0,0,1,1
R_3qX8towXMJZ6hS0,10/27/2015 12:52,10/27/2015 13:06,1,Respondent,a high income economy,a middle income economy,Outside jurisdiction,0,by the respondent.,Fortune 500 company,modest but growing local company in an emerging economy country,by majority,"each presented equally credible witnesses. The claimant’s expert calculated damages for US$4,002,100.00. The respondent’s expert calculated damages for US$1,059,307.00.",1,1,0,0,0,1,0,0,NA,NA,NA,NA,NA,"Claimant choose a wrong jurisdiction, Respondent shall not be penalised for it, however cost as to legal expenses (Lawyer's Fee, etc.) shall be born by both parties themselves since that is the minimal risk in business.",1,3000000,50,NA,NA,NA,NA,NA,0,0,1,0,0,NA,1,1,0,0,1,0,1,0,0,0,Private,Master's,1,0,1,0,1,Investor-State Vignette|Investor-Investor Vignette,178,3,Respondent,Appointed by Winner,3,1,0,0,0
R_3qspCmdN6uTMNQq,10/27/2015 13:41,10/31/2015 15:11,1,Blind,a high income economy,a low income economy,Respondent wins,1,.,modest but growing local company in an emerging economy country,modest but growing local company in an emerging economy country,by majority,"each presented equally credible witnesses. The claimant’s expert calculated damages for US$4,002,100.00. The respondent’s expert calculated damages for US$1,059,307.00.",1,1,-99,0,0,0,0,1,1,0,0,0,0,"A different conclusion might possibly follow if the outcome on the merits remains the same, but the Respondent unsuccessfully contested jurisdiction. Or, if the Respondent did not produce critical evidence at an earlier stage, and this led to protracted proceedings. Such indicators could prompt sharing of costs and expenses. Without such or similar circmstances, I think that a 100% success on the merits should yield to the conclusion I opted for.",1,2500000,-99,0,0,1,0,0,NA,NA,NA,NA,NA,"Assuming jurisdiction was not contested, and assuming no party can be blamed for a particular delay or additional expenses, and considering that the Claimant was successful in about 50% (according to my opinion), I think the most suitable option is that each party should bear its own expenses.",1,1,0,0,0,1,0,1,0,0,Academic,Doctorate,1,0,1,1,0,Investor-State Vignette|Investor-Investor Vignette,179,5,Respondent,Blind,1,0,0,0,0
R_3qkD85SkF4EWO7M,10/27/2015 13:52,10/27/2015 13:52,0,Claimant,a middle income economy,a middle income economy,Outside jurisdiction,1,by the claimant.,modest but growing local company in an emerging economy country,modest but growing local company in an emerging economy country,by majority,"agreed on an independent expert randomly selected from a pool of qualified experts who calculated damages for US$2,034,040.00.",1,NA,NA,NA,NA,NA,NA,NA,NA,NA,NA,NA,NA,NA,NA,NA,NA,NA,NA,NA,NA,NA,NA,NA,NA,NA,NA,NA,NA,NA,NA,NA,NA,NA,NA,NA,NA,NA,NA,NA,NA,NA,NA,NA,NA,Investor-State Vignette|Investor-Investor Vignette,181,NA,Respondent,Appointed by Loser,NA,NA,NA,NA,NA
R_3qIGBf4IL5vb19f,10/28/2015 6:39,10/28/2015 9:56,1,Respondent,a middle income economy,a low income economy,Claimant wins,1,by the respondent.,Fortune 500 company,Fortune 500 company,by majority,"each presented equally credible witnesses. The claimant’s expert calculated damages for US$4,002,100.00. The respondent’s expert calculated damages for US$1,059,307.00.",1,1,-99,-99,-99,-99,-99,-99,-99,-99,-99,-99,-99,NA,1,NA,-99,NA,NA,NA,NA,NA,-99,-99,-99,-99,-99,NA,1,NA,NA,NA,NA,NA,NA,NA,NA,NA,NA,NA,NA,-99,-99,NA,-99,Investor-Investor Vignette|Investor-State Vignette,182,NA,Claimant,Appointed by Loser,NA,NA,NA,NA,NA
R_3QFplbMWsn0l885,10/27/2015 13:05,10/27/2015 13:05,0,Claimant,a middle income economy,a low income economy,Outside jurisdiction,0,by the claimant.,Fortune 500 company,modest but growing local company in an emerging economy country,by majority,"agreed on an independent expert randomly selected from a pool of qualified experts who calculated damages for US$2,034,040.00.",1,NA,NA,NA,NA,NA,NA,NA,NA,NA,NA,NA,NA,NA,NA,NA,NA,NA,NA,NA,NA,NA,NA,NA,NA,NA,NA,NA,NA,NA,NA,NA,NA,NA,NA,NA,NA,NA,NA,NA,NA,NA,NA,NA,NA,Investor-Investor Vignette|Investor-State Vignette,183,NA,Respondent,Appointed by Loser,NA,NA,NA,NA,NA
R_3qE9nT5hvrcSE7O,10/27/2015 12:37,10/27/2015 12:49,0,Parties,a middle income economy,a low income economy,Outside jurisdiction,1,by the parties.,Fortune 500 company,Fortune 500 company,unanimously,"agreed on an independent expert randomly selected from a pool of qualified experts who calculated damages for US$2,034,040.00.",1,1,-99,0,0,1,0,0,0,0,1,0,0,"I would need to consult the ICSID Rules first for any relevant provisions.  Absent any such provision, I believe each party would normally bear its own expenses as well as 50% of the costs of the arbitration proceedings.",NA,NA,NA,NA,NA,NA,NA,NA,NA,NA,NA,NA,NA,NA,NA,NA,NA,NA,NA,NA,NA,NA,NA,NA,NA,NA,NA,NA,NA,NA,NA,Investor-State Vignette|Investor-Investor Vignette,186,3,Respondent,Parties,3,1,0,0,0
R_3q0xW40mrDpDROF,10/27/2015 12:51,10/27/2015 12:56,1,Blind,a middle income economy,a middle income economy,Claimant without legal merit,1,.,modest but growing local company in an emerging economy country,modest but growing local company in an emerging economy country,unanimously,"agreed on an independent expert randomly selected from a pool of qualified experts who calculated damages for US$2,034,040.00.",1,1,0,1,0,0,0,0,0,0,0,0,1,"If the claim had no merit, claimants should bear the costs.",1,2034.04,100,0,0,0,0,1,NA,NA,NA,NA,NA,NA,1,1,0,1,1,0,1,0,0,0,Private,JD,1,0,1,1,0,Investor-State Vignette|Investor-Investor Vignette,187,1,Respondent,Blind,5,0,0,1,1
R_3ptiafnqiqzh8yf,10/26/2015 6:13,10/26/2015 6:13,0,Claimant,a high income economy,a low income economy,Claimant without legal merit,1,by the claimant.,Fortune 500 company,Fortune 500 company,unanimously,"agreed on an independent expert randomly selected from a pool of qualified experts who calculated damages for US$2,034,040.00.",1,NA,NA,NA,NA,NA,NA,NA,NA,NA,NA,NA,NA,NA,NA,NA,NA,NA,NA,NA,NA,NA,NA,NA,NA,NA,NA,NA,NA,NA,NA,NA,NA,NA,NA,NA,NA,NA,NA,NA,NA,NA,NA,NA,NA,Investor-Investor Vignette|Investor-State Vignette,188,NA,Respondent,Appointed by Loser,NA,NA,NA,NA,NA
R_3PsN4cOxAlbfjQu,11/11/2015 18:20,12/2/2015 2:10,1,Parties,a high income economy,a low income economy,Outside jurisdiction,1,by the parties.,modest but growing local company in an emerging economy country,Fortune 500 company,by majority,"each presented equally credible witnesses. The claimant’s expert calculated damages for US$4,002,100.00. The respondent’s expert calculated damages for US$1,059,307.00.",1,1,-99,-99,-99,-99,-99,-99,-99,-99,-99,-99,-99,NA,1,NA,-99,-99,-99,-99,-99,-99,NA,NA,NA,NA,NA,NA,1,NA,NA,NA,NA,NA,NA,NA,NA,NA,NA,NA,NA,-99,-99,NA,-99,Investor-State Vignette|Investor-Investor Vignette,189,NA,Respondent,Parties,NA,NA,NA,NA,NA
R_3PdY45JrYNTCkGe,10/27/2015 13:28,10/27/2015 13:31,1,Claimant,a middle income economy,a middle income economy,Respondent wins,0,by the claimant.,Fortune 500 company,modest but growing local company in an emerging economy country,unanimously,"agreed on an independent expert randomly selected from a pool of qualified experts who calculated damages for US$2,034,040.00.",1,1,-99,-99,-99,-99,-99,-99,NA,NA,NA,NA,NA,NA,1,NA,-99,NA,NA,NA,NA,NA,-99,-99,-99,-99,-99,NA,1,NA,NA,NA,NA,NA,NA,NA,NA,NA,NA,NA,NA,-99,-99,NA,-99,Investor-Investor Vignette|Investor-State Vignette,191,NA,Respondent,Appointed by Loser,NA,NA,NA,NA,NA
R_3O2KR6BObmofDy0,10/27/2015 12:38,10/27/2015 13:32,1,Respondent,a high income economy,a low income economy,Outside jurisdiction,0,by the respondent.,Fortune 500 company,Fortune 500 company,by majority,"agreed on an independent expert randomly selected from a pool of qualified experts who calculated damages for US$2,034,040.00.",1,1,0,1,0,0,0,0,NA,NA,NA,NA,NA,Claimant put respondent to unnecessary expense,1,NA,-99,-99,-99,-99,-99,-99,NA,NA,NA,NA,NA,"If I grant all the relief sought by the claimant, or deny all his/her claims,  I am normally inclined to allocate all the winner's expenses to be paid by the loser.  If I award less than the amount sought, the allocation of expenses depends largely on the facts of the dispute and, to a lesser degree, on the conduct of the parties.  If both the claim and a counterclaim have merit, or if the winner's demand for legal fees and out of pocket costs are too much under the circumstances, I might award less than all of either or both.",1,1,0,1,1,0,1,0,0,0,Private,Bachelor's,1,0,1,0,1,Investor-Investor Vignette|Investor-State Vignette,193,1,Respondent,Appointed by Winner,5,0,0,1,1
R_3nxyMZJp5hKCbpZ,10/27/2015 17:32,10/27/2015 17:56,1,Blind,a high income economy,a middle income economy,Outside jurisdiction,1,.,Fortune 500 company,modest but growing local company in an emerging economy country,unanimously,"agreed on an independent expert randomly selected from a pool of qualified experts who calculated damages for US$2,034,040.00.",1,1,0,1,0,0,0,0,0,0,0,0,1,"If a claim has been filed in a forum which does not have the jurisdiction, the Claimant who filed the Claim has unreasonably caused the litigation. The Claimant must bear the entire expenses. The Respondent must not be penalised for the Claimant's fault.",1,2034040,-99,0,0,1,0,0,NA,NA,NA,NA,NA,"Once the claim is proved and the independent assessment of damages have been made, the assessed damage must be awarded. All are equal in the eyes of the Tribunal and the fact of the Respondent being a comparatively economically weaker organisation is not the consideration at all. With regard to the costs of Arbitration, the Claimantand the Respondent are to bear their own expenses, because it is not known if the Respondent would be able to meet even the damages fully given the Respondent's financial status. It is therefore practical to order each party to bear its own expenses",1,1,0,0,1,0,1,0,0,0,Private,Bachelor's,1,0,1,0,1,Investor-Investor Vignette|Investor-State Vignette,194,1,Respondent,Blind,5,0,0,1,1
R_3nMCfWPNIi0dPJb,10/27/2015 15:55,10/27/2015 16:08,1,Claimant,a middle income economy,a middle income economy,Outside jurisdiction,0,by the claimant.,Fortune 500 company,modest but growing local company in an emerging economy country,by majority,"agreed on an independent expert randomly selected from a pool of qualified experts who calculated damages for US$2,034,040.00.",1,1,-99,0,0,1,0,0,NA,NA,NA,NA,NA,There is no prevailing party so no reason to allocate costs solely to one party or the other.,1,2034040,-99,0,0,1,0,0,NA,NA,NA,NA,NA,"Apparently the only information re damages came from a mutually selected expert - the panel has no reason not to accept his figure, anything else is pure speculation.  Since counsel acted totally professionally, there is no basis for sanctions or punitive damages.  In the absence of a contract provision re allocation of costs and attorneys fees, they normally would be shared and parties would absorb their own costs.",1,1,0,1,1,0,0,0,0,1,Private,JD,1,0,1,0,1,Investor-Investor Vignette|Investor-State Vignette,198,3,Respondent,Appointed by Loser,3,1,0,0,0
R_3nkjrV1cJ0WBVZz,10/27/2015 13:25,10/27/2015 13:31,1,Respondent,a high income economy,a low income economy,Claimant wins,0,by the respondent.,Fortune 500 company,Fortune 500 company,unanimously,"agreed on an independent expert randomly selected from a pool of qualified experts who calculated damages for US$2,034,040.00.",1,1,-99,0,0,1,0,0,NA,NA,NA,NA,NA,same as previous question,1,2034040,-99,NA,NA,NA,NA,NA,0,0,1,0,0,"I would award the damages identified by the agreed upon expert.  parties ordinarily should bear their own legal expenses and split the arbitration cost absent a good reason to do otherwise, which is not present here.",1,1,0,NA,NA,NA,0,0,0,1,Private,JD,1,0,1,0,1,Investor-Investor Vignette|Investor-State Vignette,199,3,Claimant,Appointed by Loser,3,1,0,0,0
R_3nJyexDQDC0tng8,10/24/2015 10:14,10/24/2015 12:16,0,Respondent,a middle income economy,a middle income economy,Respondent wins,1,by the respondent.,modest but growing local company in an emerging economy country,Fortune 500 company,by majority,"agreed on an independent expert randomly selected from a pool of qualified experts who calculated damages for US$2,034,040.00.",1,NA,NA,NA,NA,NA,NA,NA,NA,NA,NA,NA,NA,NA,1,2034040,60,0,0,0,1,0,NA,NA,NA,NA,NA,"The winning party ought to be reimbursed for the cost. However if the claimant asked for more than the actual damage thwn the defendant rightly defended itself, and in this respect the claimant does not deserve any payment of costs. If the defendant agreed in the first l=place to pay the amount actually ruled, then the claimant needs to pay the defendant.",NA,NA,NA,NA,NA,NA,NA,NA,NA,NA,NA,NA,NA,NA,NA,NA,NA,Investor-Investor Vignette|Investor-State Vignette,200,NA,Respondent,Appointed by Winner,NA,NA,NA,NA,NA
R_3nGeYwa96HPGUd7,10/27/2015 13:21,11/3/2015 11:09,0,Respondent,a middle income economy,a middle income economy,Claimant without legal merit,1,by the respondent.,Fortune 500 company,modest but growing local company in an emerging economy country,by majority,"agreed on an independent expert randomly selected from a pool of qualified experts who calculated damages for US$2,034,040.00.",1,1,10,1,0,0,0,0,0,0,0,0,1,"Claimant's claims were manifestly without merit and it should not have initiated an arbitration. Regardless of counsel's professional and ethical conduct during the proceedings, Claimant's counsel should have advised its client against the initiation of an arbitration.",NA,NA,NA,NA,NA,NA,NA,NA,NA,NA,NA,NA,NA,NA,NA,NA,NA,NA,NA,NA,NA,NA,NA,NA,NA,NA,NA,NA,NA,NA,NA,Investor-State Vignette|Investor-Investor Vignette,203,1,Respondent,Appointed by Winner,5,0,0,1,1
R_3nf2L8idTLEhFIQ,10/24/2015 17:13,10/24/2015 17:13,0,Claimant,a high income economy,a middle income economy,Outside jurisdiction,0,by the claimant.,modest but growing local company in an emerging economy country,Fortune 500 company,by majority,"agreed on an independent expert randomly selected from a pool of qualified experts who calculated damages for US$2,034,040.00.",1,NA,NA,NA,NA,NA,NA,NA,NA,NA,NA,NA,NA,NA,NA,NA,NA,NA,NA,NA,NA,NA,NA,NA,NA,NA,NA,NA,NA,NA,NA,NA,NA,NA,NA,NA,NA,NA,NA,NA,NA,NA,NA,NA,NA,Investor-Investor Vignette|Investor-State Vignette,204,NA,Respondent,Appointed by Loser,NA,NA,NA,NA,NA
R_3nf2F0UsOoBGi6U,10/25/2015 15:53,10/25/2015 16:03,1,Respondent,a high income economy,a middle income economy,Claimant wins,0,by the respondent.,Fortune 500 company,modest but growing local company in an emerging economy country,unanimously,"each presented equally credible witnesses. The claimant’s expert calculated damages for US$4,002,100.00. The respondent’s expert calculated damages for US$1,059,307.00.",1,1,-99,0,0,1,0,0,NA,NA,NA,NA,NA,"One must presume that the state acted in good faith. Having been declared in the wrong it must compensate but is not responsible for the respondent,s legal fees. There is no requirement in OCSID proceedings that winner takes all.",1,-88,-99,0,0,1,0,0,NA,NA,NA,NA,NA,There is clearly outstanding doubt concerning damages.,1,1,0,0,1,1,0,0,0,1,Academic,Master's,1,0,1,1,0,Investor-State Vignette|Investor-Investor Vignette,205,3,Claimant,Appointed by Loser,3,1,0,0,0
R_3n1abR6ypvf3M9J,10/27/2015 13:28,10/27/2015 13:37,1,Claimant,a middle income economy,a low income economy,Outside jurisdiction,1,by the claimant.,modest but growing local company in an emerging economy country,Fortune 500 company,by majority,"agreed on an independent expert randomly selected from a pool of qualified experts who calculated damages for US$2,034,040.00.",1,1,-99,-99,-99,-99,-99,-99,-99,-99,-99,-99,-99,NA,1,NA,100,NA,NA,NA,NA,NA,-99,-99,-99,-99,-99,NA,1,NA,NA,NA,NA,NA,NA,NA,NA,NA,NA,NA,NA,-99,-99,NA,-99,Investor-Investor Vignette|Investor-State Vignette,206,NA,Respondent,Appointed by Loser,NA,NA,NA,NA,NA
R_3n0Es43LmRZ4uUq,10/23/2015 16:11,10/23/2015 16:30,1,Claimant,a high income economy,a low income economy,Outside jurisdiction,1,by the claimant.,Fortune 500 company,modest but growing local company in an emerging economy country,unanimously,"each presented equally credible witnesses. The claimant’s expert calculated damages for US$4,002,100.00. The respondent’s expert calculated damages for US$1,059,307.00.",1,1,-99,-99,-99,-99,-99,-99,-99,-99,-99,-99,-99,NA,1,1059307,60,0,0,1,0,0,NA,NA,NA,NA,NA,"Damages - the onus of proof lies on the claimant throughout and because the witnesses were of equal credibility, the claimant failed to prove an entitlement to more than the lower amount. /  / Arbitration costs - I do not see the respondent as a ""loser"" in relation to damages, because the claimant recovered only 25% of what  it claimed. It is therefore appropriate to soften the costs award compared with the position if the claimant recovered more. The respondent incurred the costs of proving 75% was not recoverable! The award should acknowledge that the claimant should recover full costs for proving liability. /  / Party costs - similar reasoning. /  / I would also take into account that if the claimant had expressed a willingness to accept $1m before the hearing, the matter may have settled for that figure because of the costs of pursuing an ICC arbitration.",1,1,0,0,1,0,1,0,0,0,Private,NA,1,0,1,0,1,Investor-Investor Vignette|Investor-State Vignette,208,NA,Respondent,Appointed by Loser,NA,NA,NA,NA,NA
R_3Mtb1P5pZdOvWFB,10/24/2015 2:43,10/24/2015 2:49,1,Respondent,a high income economy,a low income economy,Outside jurisdiction,1,by the respondent.,modest but growing local company in an emerging economy country,Fortune 500 company,by majority,"agreed on an independent expert randomly selected from a pool of qualified experts who calculated damages for US$2,034,040.00.",1,1,-99,0,0,1,0,0,0,0,1,0,0,NA,1,2034040,100,NA,NA,NA,NA,NA,1,0,0,0,0,NA,1,1,0,0,0,1,0,1,0,0,Academic,Doctorate,1,0,1,0,1,Investor-State Vignette|Investor-Investor Vignette,209,3,Respondent,Appointed by Winner,3,1,0,0,0
R_3MSBRPd8d5YRmNY,10/24/2015 8:55,10/24/2015 8:56,0,Respondent,a middle income economy,a middle income economy,Claimant wins,1,by the respondent.,Fortune 500 company,modest but growing local company in an emerging economy country,by majority,"each presented equally credible witnesses. The claimant’s expert calculated damages for US$4,002,100.00. The respondent’s expert calculated damages for US$1,059,307.00.",1,NA,NA,NA,NA,NA,NA,NA,NA,NA,NA,NA,NA,NA,NA,NA,NA,NA,NA,NA,NA,NA,NA,NA,NA,NA,NA,NA,NA,NA,NA,NA,NA,NA,NA,NA,NA,NA,NA,NA,NA,NA,NA,NA,NA,Investor-Investor Vignette|Investor-State Vignette,210,NA,Claimant,Appointed by Loser,NA,NA,NA,NA,NA
R_3Msb8mIuuCOv4kg,10/30/2015 10:34,10/30/2015 10:56,1,Blind,a middle income economy,a low income economy,Outside jurisdiction,1,.,Fortune 500 company,modest but growing local company in an emerging economy country,by majority,"each presented equally credible witnesses. The claimant’s expert calculated damages for US$4,002,100.00. The respondent’s expert calculated damages for US$1,059,307.00.",1,1,-99,0,1,0,0,0,0,0,0,1,0,"Although the successful party, in my view, is entitled to be reimbursed for all expenses incurred in prosecuting their case before a tribunal, it will leave an indelibly bitter taste in the mouth of the loser if after all of it he is mulcted with costs on a full indemnity basis. There is a sense in which I believe the drive to promote arbitration will not yield its impact if losers feel literally crushed after their case. There should be some balance in order not to give the impression that you must be absolutely certain of winning before you go to arbitration.",1,2000000,-99,NA,NA,NA,NA,NA,0,0,1,0,0,The scales in this matter appear to be balanced. Each party presented a case that reasonably had merits. The dispute related mainly to the amount actually due the claimant. It is fair in such circumstances to allow each party to bear their own expenses. I believe such an award is fair.,1,1,0,0,1,0,1,0,0,0,Private,Master's,1,0,1,0,1,Investor-State Vignette|Investor-Investor Vignette,211,2,Respondent,Blind,4,0,1,0,1
R_3MPsspqzaetYqR6,10/27/2015 15:11,10/27/2015 15:26,1,Parties,a high income economy,a low income economy,Respondent wins,0,by the parties.,modest but growing local company in an emerging economy country,Fortune 500 company,unanimously,"agreed on an independent expert randomly selected from a pool of qualified experts who calculated damages for US$2,034,040.00.",1,1,31,0,1,0,0,0,NA,NA,NA,NA,NA,"The explanation is brief, but the Tribunal unanimously rejected the two claims or grounds made by the claimant. However claimant probably have some merits to bring the dispute (solely based on the fact that some of the other arbitrators is suggesting a compromise on the fees and expenses. In the event that there were no merits at all, respondent should pay no cost and should be reimbursed for its reasonable costs.",1,2034040,30,NA,NA,NA,NA,NA,0,0,1,0,0,Damages are determine by the independent expert. There is no ground for other damages in the case description.,1,1,0,0,0,1,1,0,0,0,Private,Master's,1,0,1,0,1,Investor-State Vignette|Investor-Investor Vignette,212,2,Respondent,Parties,4,0,1,0,1
R_3MfymdyfhYHRAKK,10/27/2015 16:28,10/27/2015 16:34,1,Blind,a middle income economy,a middle income economy,Respondent wins,0,.,Fortune 500 company,Fortune 500 company,unanimously,"agreed on an independent expert randomly selected from a pool of qualified experts who calculated damages for US$2,034,040.00.",1,1,0,1,0,0,0,0,NA,NA,NA,NA,NA,NA,1,2000000,81,NA,NA,NA,NA,NA,0,0,1,0,0,NA,1,0,1,0,0,1,1,0,0,0,Private,NA,NA,0,1,1,0,Investor-State Vignette|Investor-Investor Vignette,214,1,Respondent,Blind,5,0,0,1,1
R_3MEVWhGFNt3vre2,10/24/2015 3:22,10/25/2015 15:05,1,Claimant,a middle income economy,a middle income economy,Claimant without legal merit,0,by the claimant.,Fortune 500 company,modest but growing local company in an emerging economy country,unanimously,"agreed on an independent expert randomly selected from a pool of qualified experts who calculated damages for US$2,034,040.00.",1,1,0,1,0,0,0,0,NA,NA,NA,NA,NA,NA,1,2034040,-99,-99,-99,-99,-99,-99,NA,NA,NA,NA,NA,Impossible to decide since we do not know what were the amounts of damages claimed by the claimant.,1,1,0,0,0,1,0,1,0,0,Academic,Doctorate,1,0,1,0,1,Investor-State Vignette|Investor-Investor Vignette,215,1,Respondent,Appointed by Loser,5,0,0,1,1
R_3MEFxg29BLnKgwW,10/27/2015 12:42,10/27/2015 12:42,0,Parties,a middle income economy,a low income economy,Claimant without legal merit,0,by the parties.,Fortune 500 company,Fortune 500 company,by majority,"each presented equally credible witnesses. The claimant’s expert calculated damages for US$4,002,100.00. The respondent’s expert calculated damages for US$1,059,307.00.",1,NA,NA,NA,NA,NA,NA,NA,NA,NA,NA,NA,NA,NA,NA,NA,NA,NA,NA,NA,NA,NA,NA,NA,NA,NA,NA,NA,NA,NA,NA,NA,NA,NA,NA,NA,NA,NA,NA,NA,NA,NA,NA,NA,NA,Investor-State Vignette|Investor-Investor Vignette,216,NA,Respondent,Parties,NA,NA,NA,NA,NA
R_3m7w11upTIkLc2U,10/28/2015 4:05,11/4/2015 4:08,1,Claimant,a high income economy,a middle income economy,Claimant wins,0,by the claimant.,Fortune 500 company,Fortune 500 company,by majority,"each presented equally credible witnesses. The claimant’s expert calculated damages for US$4,002,100.00. The respondent’s expert calculated damages for US$1,059,307.00.",1,1,50,0,0,0,1,0,NA,NA,NA,NA,NA,The Claimant is entitled to be reimbursed cost in proportion to the success percentage of his demand i.e. to be paid in the ratio of his success amount to demand amount.,1,2500000,50,NA,NA,NA,NA,NA,0,0,1,0,0,"The consensus has been on sharing the damages in a fair value and therefore, the fair value in present case should be what is recommended, as it is nearly sharing the difference of estimate. As for the sharing of cost is concerned, both parties should bear their own cost considering that no parties has either failed or succeeded exclusively.",1,1,0,0,1,0,0,0,0,1,Private,Doctorate,1,0,1,1,0,Investor-State Vignette|Investor-Investor Vignette,217,4,Claimant,Appointed by Winner,4,0,1,0,1
R_3m51bmjVYSI13pJ,10/26/2015 5:00,10/26/2015 5:10,1,Respondent,a high income economy,a middle income economy,Claimant without legal merit,1,by the respondent.,modest but growing local company in an emerging economy country,modest but growing local company in an emerging economy country,unanimously,"each presented equally credible witnesses. The claimant’s expert calculated damages for US$4,002,100.00. The respondent’s expert calculated damages for US$1,059,307.00.",1,1,50,1,0,0,0,0,0,0,0,0,1,If the claimant's claim is manifestly without legal merits is should not have initiated the arbitration,1,85000,-99,NA,NA,NA,NA,NA,1,0,0,0,0,NA,1,1,0,0,0,1,1,0,0,0,Private,JD,1,0,1,0,1,Investor-State Vignette|Investor-Investor Vignette,219,1,Respondent,Appointed by Winner,5,0,0,1,1
R_3m48SbU6COFksOb,10/27/2015 12:49,10/27/2015 12:51,0,Claimant,a high income economy,a middle income economy,Outside jurisdiction,1,by the claimant.,Fortune 500 company,modest but growing local company in an emerging economy country,by majority,"agreed on an independent expert randomly selected from a pool of qualified experts who calculated damages for US$2,034,040.00.",1,NA,NA,NA,NA,NA,NA,NA,NA,NA,NA,NA,NA,NA,NA,NA,NA,NA,NA,NA,NA,NA,NA,NA,NA,NA,NA,NA,NA,NA,NA,NA,NA,NA,NA,NA,NA,NA,NA,NA,NA,NA,NA,NA,NA,Investor-State Vignette|Investor-Investor Vignette,220,NA,Respondent,Appointed by Loser,NA,NA,NA,NA,NA
R_3M3TEvbFWjHWUiI,10/27/2015 12:58,10/27/2015 13:07,1,Respondent,a high income economy,a middle income economy,Claimant wins,1,by the respondent.,modest but growing local company in an emerging economy country,modest but growing local company in an emerging economy country,by majority,"agreed on an independent expert randomly selected from a pool of qualified experts who calculated damages for US$2,034,040.00.",1,1,50,0,0,1,0,0,0,0,1,0,0,Except in extraordinary circumstances (fraud) or as allowed by agreement or statute it is my opinion the each party should bear their costs of suit.,1,2034040,100,0,0,1,0,0,NA,NA,NA,NA,NA,"Liability has been found against Respondent and is the only evidence before the tribunal. Therefore, that amount should be determined as damages.  As he Respondent lost, the costs of the Tribunal should be assessed against them and each party bears their own attorney's fees as there are no extraordinary (fraud, agreement or statute) to base allocating fees.",1,1,0,1,1,0,1,0,0,0,Private,Master's,1,0,1,0,1,Investor-State Vignette|Investor-Investor Vignette,221,3,Claimant,Appointed by Loser,3,1,0,0,0
R_3m1rP3FoA887EyD,10/27/2015 12:44,10/27/2015 12:45,0,Claimant,a middle income economy,a low income economy,Claimant wins,1,by the claimant.,Fortune 500 company,modest but growing local company in an emerging economy country,unanimously,"each presented equally credible witnesses. The claimant’s expert calculated damages for US$4,002,100.00. The respondent’s expert calculated damages for US$1,059,307.00.",1,NA,NA,NA,NA,NA,NA,NA,NA,NA,NA,NA,NA,NA,NA,NA,NA,NA,NA,NA,NA,NA,NA,NA,NA,NA,NA,NA,NA,NA,NA,NA,NA,NA,NA,NA,NA,NA,NA,NA,NA,NA,NA,NA,NA,Investor-State Vignette|Investor-Investor Vignette,222,NA,Claimant,Appointed by Winner,NA,NA,NA,NA,NA
R_3LZQ35qev2UHU25,10/27/2015 12:45,10/27/2015 12:57,1,Parties,a middle income economy,a middle income economy,Respondent wins,0,by the parties.,modest but growing local company in an emerging economy country,Fortune 500 company,by majority,"agreed on an independent expert randomly selected from a pool of qualified experts who calculated damages for US$2,034,040.00.",1,1,-99,0,0,1,0,0,NA,NA,NA,NA,NA,I do not know how clear the proper result was to the panel. If a close call they should have settled it.,1,NA,-99,NA,NA,NA,NA,NA,0,0,1,0,0,"Once again: How clear was the result?  In this and the prior example, rules or guidelines are not relevant to me.",1,1,0,1,1,0,1,0,0,0,Private,JD,1,0,1,0,1,Investor-State Vignette|Investor-Investor Vignette,223,3,Respondent,Parties,3,1,0,0,0
R_3kuOjvbNWRwuyoo,10/27/2015 12:41,10/27/2015 12:43,0,Claimant,a high income economy,a low income economy,Claimant wins,1,by the claimant.,Fortune 500 company,Fortune 500 company,by majority,"each presented equally credible witnesses. The claimant’s expert calculated damages for US$4,002,100.00. The respondent’s expert calculated damages for US$1,059,307.00.",1,NA,NA,NA,NA,NA,NA,NA,NA,NA,NA,NA,NA,NA,NA,NA,NA,NA,NA,NA,NA,NA,NA,NA,NA,NA,NA,NA,NA,NA,NA,NA,NA,NA,NA,NA,NA,NA,NA,NA,NA,NA,NA,NA,NA,Investor-State Vignette|Investor-Investor Vignette,228,NA,Claimant,Appointed by Winner,NA,NA,NA,NA,NA
R_3KOWZuU31xVZWuW,10/23/2015 16:15,10/23/2015 16:32,1,Claimant,a middle income economy,a low income economy,Claimant without legal merit,1,by the claimant.,Fortune 500 company,modest but growing local company in an emerging economy country,unanimously,"agreed on an independent expert randomly selected from a pool of qualified experts who calculated damages for US$2,034,040.00.",1,1,0,1,0,0,0,0,0,0,0,0,1,"The claim was held to be manifestly without legal merit and, therefore, ought not to have been brought.  The Respondent is a low income country and should not have to bear any burden for having to defend a manifestly unmeritorious claim.",1,2034040,100,1,0,0,0,0,NA,NA,NA,NA,NA,"The respondent lost the case.  The general rule in arbitration in common law traditions is that  costs follow the event, and the victorious party is, generally, entitled to be reimbursed its costs.  It does not appear that there are any reasons to warrant a departure from this rule.",1,1,0,0,1,0,1,0,0,0,Private,Bachelor's,1,0,1,0,1,Investor-State Vignette|Investor-Investor Vignette,229,1,Respondent,Appointed by Loser,5,0,0,1,1
R_3khoBAMnNE24usG,10/29/2015 13:57,11/3/2015 12:55,1,Respondent,a high income economy,a low income economy,Respondent wins,1,by the respondent.,Fortune 500 company,Fortune 500 company,unanimously,"agreed on an independent expert randomly selected from a pool of qualified experts who calculated damages for US$2,034,040.00.",1,1,0,0,1,0,0,0,0,0,0,1,0,"Since the Respondent was not considered liable for any violation, it should not pay the fees and expenses of the members of the Tribunal and the charges for the use of the facilities of the Centre. For the same reason (lack of violation by the Respondent) the Claimant should reiumburse some of the Respondent's expenses, but not all, since there is no evidence that the Claimant acted in bad faith in the case and it is acceptable that companies may have some expenses with legal representation in cases like this.",1,2034040,100,0,0,0,1,0,NA,NA,NA,NA,NA,"The Respondent should pay all the fees and expenses of the arbitrators and the ICC administrative expenses fixed by the Court, since it was unanimously decided that it breached the contract and that it should compensate the Claimant for the damages stemming from such violations.The Respondent should reimburse some (but not all) of the Claimant's expenses with legal representation, since there is no evidence that it acted in bad faith during the proceedings and it is acceptable that companies should have expenses with legal representations in cases like this.",1,1,0,0,0,1,1,0,0,0,Private,Master's,1,0,1,0,1,Investor-State Vignette|Investor-Investor Vignette,230,2,Respondent,Appointed by Winner,4,0,1,0,1
R_3KBdccd8kfnaFyr,10/29/2015 3:13,10/29/2015 3:25,1,Parties,a high income economy,a middle income economy,Claimant without legal merit,1,by the parties.,Fortune 500 company,modest but growing local company in an emerging economy country,by majority,"each presented equally credible witnesses. The claimant’s expert calculated damages for US$4,002,100.00. The respondent’s expert calculated damages for US$1,059,307.00.",1,1,0,0,1,0,0,0,0,0,0,1,0,"If the claim was ungrounded, the claimant should compensate Reasonable R's expenses",1,2001050,55,0,0,1,0,0,NA,NA,NA,NA,NA,If RELIABLE experts set such differend damage callculation it might be that there is a fault of both parties,1,0,1,0,0,1,1,0,0,0,Private,Master's,1,0,1,0,1,Investor-Investor Vignette|Investor-State Vignette,231,2,Respondent,Parties,4,0,1,0,1
R_3KB1sRvhmqkPpXk,10/23/2015 19:09,10/23/2015 19:16,1,Parties,a high income economy,a low income economy,Outside jurisdiction,0,by the parties.,Fortune 500 company,modest but growing local company in an emerging economy country,by majority,"each presented equally credible witnesses. The claimant’s expert calculated damages for US$4,002,100.00. The respondent’s expert calculated damages for US$1,059,307.00.",1,1,-99,0,0,1,0,0,NA,NA,NA,NA,NA,I tend to fall back on the American rule in a case like this.,1,1059000,50,NA,NA,NA,NA,NA,0,0,1,0,0,"Claimant failed to carry the burden of proof above $1,059,,000.00.  Expenses and counsel fees should be shared equally in light of this failure.",1,1,0,1,1,0,0,0,0,1,Private,Bachelor's,1,0,1,0,1,Investor-Investor Vignette|Investor-State Vignette,232,3,Respondent,Parties,3,1,0,0,0
R_3KAW5SQRGh9mxvP,10/27/2015 14:57,10/27/2015 15:13,1,Respondent,a middle income economy,a middle income economy,Respondent wins,1,by the respondent.,modest but growing local company in an emerging economy country,modest but growing local company in an emerging economy country,by majority,"each presented equally credible witnesses. The claimant’s expert calculated damages for US$4,002,100.00. The respondent’s expert calculated damages for US$1,059,307.00.",1,1,-99,0,0,1,0,0,0,0,1,0,0,"Without referring to the Rules, which I do not have memorized, I would be inclined to let member states share costs of arbitration equally and bear their own expenses. I would treat them differently than individual parties or companies unless there was a perceived imbalance in power between the states.",1,4002100,100,NA,NA,NA,NA,NA,0,0,1,0,0,"Without having heard the experts it is impossible to strike a compromise based on logic or facts.  Since the claimant won, I picked the claimant's # for damages. Had I heard the evidence, I would have analyzed it for weaknesses to achieve a compromise if warranted.   Having had to go to arbitration, I believe the claimant should not bear the cost of the proceeding once it prevailed.  Without seeing the agreement to arbitrate, I don't know the provisions on shifting of expenses, so I had each side bear it's own, which is a bias I acknowledge being used to the American Rule on expenses and fees.",1,1,0,1,1,0,1,0,0,0,Private,JD,1,0,1,0,1,Investor-Investor Vignette|Investor-State Vignette,233,3,Respondent,Appointed by Winner,3,1,0,0,0
R_3JxESPYI2ozE90q,10/24/2015 4:02,10/24/2015 4:19,1,Parties,a high income economy,a middle income economy,Outside jurisdiction,1,by the parties.,Fortune 500 company,modest but growing local company in an emerging economy country,by majority,"agreed on an independent expert randomly selected from a pool of qualified experts who calculated damages for US$2,034,040.00.",1,1,0,1,0,0,0,0,0,0,0,0,1,"Claimant brought the case before a tribunal that had no jurisdiction and, absent any factors justifying another solution, should bear the consequences.",1,2034040,-99,0,0,1,0,0,NA,NA,NA,NA,NA,"In the above hypothetical, I assume that the claim was US$ 4,002,100.00 although this is not stated as being the claim. However, the number is mentionded in connection with the damage and without claim, the AT would not be allowed to award US$ 4,002,100.00 to claimant.",1,1,0,0,0,1,1,0,0,0,Private,Doctorate,1,0,1,1,0,Investor-State Vignette|Investor-Investor Vignette,234,1,Respondent,Parties,5,0,0,1,1
R_3Jk0eqoYTjnkH6Z,10/28/2015 3:53,10/28/2015 4:07,1,Claimant,a high income economy,a middle income economy,Outside jurisdiction,1,by the claimant.,Fortune 500 company,Fortune 500 company,unanimously,"each presented equally credible witnesses. The claimant’s expert calculated damages for US$4,002,100.00. The respondent’s expert calculated damages for US$1,059,307.00.",1,1,0,1,0,0,0,0,0,0,0,0,1,"My reply presumes that the Treaty does not provide any relevant rules and that no such rules was agreed or follow from the law of the venue. If so, I would say that costs follows the event. Here, C is lossing fully. Hence, C should carry costs and expences, including reasonable cfosts of R (I stress, reasonable!)",1,1059307,63,0,0,0,1,0,NA,NA,NA,NA,NA,"The faxcts are not enough for the response. The matter was bifurcated. Thus, C succeeded on liability. On quantum, expert should hopefully not be the only evidence avtailable; there ought to be more, and a possibility to assess not the credibility but logic of the experts. Failing that, quantum will have to follow the burden of evidence and C suffer the consequences of his failure to fully evidence the loss. / The costs/expences of liability/quantum phase should be possible to separate; R should carry the costs of the liability phasee. I have presumed, that those equates 50% of the total. As to quantum, C won only 1/4. R should carry a share responding to that. Hence R should carry abt 65% of the total. R should carry also parts of C's expences.",1,1,0,0,0,1,1,0,0,0,Private,Master's,1,0,1,0,1,Investor-Investor Vignette|Investor-State Vignette,236,1,Respondent,Appointed by Loser,5,0,0,1,1
R_3JDCE2m80vaKp17,11/10/2015 10:17,11/10/2015 10:21,1,Parties,a high income economy,a low income economy,Respondent wins,1,by the parties.,Fortune 500 company,Fortune 500 company,by majority,"each presented equally credible witnesses. The claimant’s expert calculated damages for US$4,002,100.00. The respondent’s expert calculated damages for US$1,059,307.00.",1,1,-99,0,0,1,0,0,0,0,1,0,0,NA,1,NA,-99,NA,NA,NA,NA,NA,0,0,1,0,0,NA,1,1,0,0,0,1,1,0,0,0,Private,Master's,1,0,1,0,1,Investor-State Vignette|Investor-Investor Vignette,237,3,Respondent,Parties,3,1,0,0,0
R_3j3DsT8OrcveNGM,10/27/2015 13:50,10/27/2015 13:58,1,Blind,a high income economy,a middle income economy,Claimant wins,1,.,Fortune 500 company,modest but growing local company in an emerging economy country,by majority,"agreed on an independent expert randomly selected from a pool of qualified experts who calculated damages for US$2,034,040.00.",1,1,50,0,0,1,0,0,0,0,1,0,0,"Again, unless the ICSIC provides otherwise, or the agreement between the parties provides otherwise, each side should pay its own.  It states parties and counsels behaved ethically so there is no incident of one side unduly prolonging the proceedings and their attendant expense.",1,2034040,50,NA,NA,NA,NA,NA,0,0,1,0,0,"The neutral damages evaluation should be used.  Unless there is other agreement, I do not believe that the ICC rules permit or require the sharing of the tribunal or legal expenses.",1,0,1,1,1,0,1,0,0,0,Private,JD,1,0,1,0,1,Investor-Investor Vignette|Investor-State Vignette,239,3,Claimant,Blind,3,1,0,0,0
R_3j2SSWXdbPC5pAv,10/24/2015 1:53,10/24/2015 2:51,1,Parties,a middle income economy,a low income economy,Claimant wins,0,by the parties.,Fortune 500 company,modest but growing local company in an emerging economy country,unanimously,"each presented equally credible witnesses. The claimant’s expert calculated damages for US$4,002,100.00. The respondent’s expert calculated damages for US$1,059,307.00.",1,1,100,0,0,0,0,1,NA,NA,NA,NA,NA,"Rules 28, 47 (1) (j) of the applicable ICSID Rules appear to give no guidance. Assuming discretion, I would be inclined to apply the ""costs follow the event"" rule, restricetd to reasonable costs. Contractual violations of Claimant, if any, might be considered as quasi contributory cause to the (over-)reaction of the Respondent. That might justify a de duction from the 100% starting point suggested by the ""costs follow the event"" rule.",1,3042893,74,NA,NA,NA,NA,NA,0,1,0,0,0,"Subject to the applicable agreements, arbitration rules and laws which might indicate otherwise, if I am free in my decision and have discretion, I would balance on the one hand the risk exposure to Respondent by the full claim (assuming for th epurposes of this survy that the amount calculated by Claimant's expert corresponds to the claim filed by the Claimant) and on the other hand the part (of ca. 26%) by which Respondent was successful. I would then combine all costs of both parties (again: resonableness assumed for this survey) and divide it  74:26.",1,1,0,0,0,1,1,0,0,0,Private,Doctorate,1,0,1,0,1,Investor-Investor Vignette|Investor-State Vignette,240,5,Claimant,Parties,5,0,0,1,1
R_3IYQE5FYKASsc1I,10/27/2015 18:43,10/27/2015 18:54,1,Parties,a high income economy,a middle income economy,Claimant wins,1,by the parties.,modest but growing local company in an emerging economy country,modest but growing local company in an emerging economy country,unanimously,"agreed on an independent expert randomly selected from a pool of qualified experts who calculated damages for US$2,034,040.00.",1,1,-99,0,0,1,0,0,0,0,1,0,0,Same above reasons,1,2034040,-99,NA,NA,NA,NA,NA,0,0,1,0,0,Parties financial conditions therefore each shall bear what he could afford otherwise Arbitration may be financially not doable to less financial capabilities and will become a monopoly of the wealthy party,1,1,0,0,1,0,1,0,0,0,Private,Master's,1,0,1,0,1,Investor-Investor Vignette|Investor-State Vignette,241,3,Claimant,Parties,3,1,0,0,0
R_3ivRcCHPmGvU6i0,10/23/2015 17:17,10/23/2015 17:17,0,Blind,a high income economy,a middle income economy,Respondent wins,0,.,modest but growing local company in an emerging economy country,Fortune 500 company,by majority,"each presented equally credible witnesses. The claimant’s expert calculated damages for US$4,002,100.00. The respondent’s expert calculated damages for US$1,059,307.00.",1,NA,NA,NA,NA,NA,NA,NA,NA,NA,NA,NA,NA,NA,NA,NA,NA,NA,NA,NA,NA,NA,NA,NA,NA,NA,NA,NA,NA,NA,NA,NA,NA,NA,NA,NA,NA,NA,NA,NA,NA,NA,NA,NA,NA,Investor-State Vignette|Investor-Investor Vignette,242,NA,Respondent,Blind,NA,NA,NA,NA,NA
R_3isQWa3RbAq0IdK,11/12/2015 8:52,11/12/2015 9:03,1,Parties,a middle income economy,a low income economy,Claimant wins,0,by the parties.,Fortune 500 company,modest but growing local company in an emerging economy country,unanimously,"agreed on an independent expert randomly selected from a pool of qualified experts who calculated damages for US$2,034,040.00.",1,1,100,0,0,0,1,0,NA,NA,NA,NA,NA,NA,1,2034040,100,NA,NA,NA,NA,NA,0,1,0,0,0,NA,1,1,0,0,0,1,1,0,0,0,Private,Master's,1,1,0,0,1,Investor-Investor Vignette|Investor-State Vignette,244,4,Claimant,Parties,4,0,1,0,1
R_3ISI3mzaliOZ6TB,10/26/2015 4:06,10/26/2015 5:53,1,Respondent,a middle income economy,a middle income economy,Respondent wins,0,by the respondent.,Fortune 500 company,Fortune 500 company,by majority,"agreed on an independent expert randomly selected from a pool of qualified experts who calculated damages for US$2,034,040.00.",1,1,100,0,0,0,1,0,NA,NA,NA,NA,NA,"My choice is explained by the circumstances of the given case. The investor appears to have frivoulosly resorted to arbitration, after it had already received compensation from the state whereas none of the investment protection standards have been found to be breached by the state.",1,2034040,100,0,0,1,0,0,NA,NA,NA,NA,NA,"I would opt for the rule 'costs follow the event' applied in a less rigid manner . Parties from certain jurisdictions, especially accross Eurpean jurisdictions, have an expectation, when concluding an agreement to arbitrate, that the loosing party will be ""penalised"" by bearing the costs involved in the dispute resolution. However, multinational companies usually consider possible variations in the apportionment made on the costs of arbitration, especially as regars the legal costs. Therefore, in the case at hand I would have proposed the 'costs follow the event' rule for the administrative costs (administrative costs allocated proportionally to the outcome as opposed to the amount initially claimed) and each party bearing its own legal expenses. The example above does not mention the amount claimed, therefore it is not clear whether the losing party should bear 100% of the administrative costs. I would opt for this solution (i.e. more flexible approach on the legal costs) also considering that the dispute appears to be a complex one, bifurcated, with an initial phase on the merits, which indicates that it could not have been regarded from the outset by any of the parties as manifestly ungrounded and abusive. Also, the claim needed an expert evaluation. Against this background each of the parties involved legal costs to defend its legal interests and respondent should not be penalised for doing likewise.",1,NA,NA,NA,NA,NA,1,0,0,0,Private,NA,NA,0,1,0,1,Investor-Investor Vignette|Investor-State Vignette,245,4,Respondent,Appointed by Winner,2,0,0,0,0
R_3imzxxlPSHRd58X,10/28/2015 3:24,10/28/2015 4:24,1,Parties,a high income economy,a low income economy,Outside jurisdiction,1,by the parties.,modest but growing local company in an emerging economy country,Fortune 500 company,unanimously,"agreed on an independent expert randomly selected from a pool of qualified experts who calculated damages for US$2,034,040.00.",1,1,35,0,0,1,0,0,0,0,1,0,0,"in a nutshell both parties made a wrong analysis/assessment of the jurisdiction issue, and none of them can be seen as the ""winner"" on the jurisdictional questions. Basically each of them should bear its costs, and pay 50% of the arbitration costs and expenses. In light of the obvious financial disparity between the parties as described in your case, I would tend to advocate in favour of a 30-40% share of the tribunal's costs to be paid by the state, instead of 50%. As far as the costs for legal services are concerned, each party should bear its costs/fees. There is no reason to deviate from the 50-50 rule, the state opened very likely a bid process before engaging its legal representative and took the decision on the basis of a budget.",1,2034000,100,NA,NA,NA,NA,NA,1,0,0,0,0,"My answers are based on the assumption that the damages calculated by the expert cover effectively the entire harm suffered by the claimant, and correspond to what the claimant has sought as an initial prayer for relief. Had the claimant claimed the payment of let's say USD 4 million and got only a portion  of it (e.g. USD 2'034'000), then I would apportion the costs, fees and expenses of the arbitration in the same proportion, so roughly 50%-50%... But if what is finally awarded corresponds to what was initially asked for, I consider that the claimant is the winner, and I apply quite strictly the ""costs follow the event"" rule.",1,1,0,0,0,1,1,0,0,0,Private,Doctorate,1,0,1,1,0,Investor-Investor Vignette|Investor-State Vignette,246,3,Respondent,Parties,3,1,0,0,0
R_3ilNMr52vmDQuRt,10/27/2015 13:01,10/27/2015 13:03,0,Respondent,a high income economy,a middle income economy,Claimant wins,1,by the respondent.,Fortune 500 company,Fortune 500 company,unanimously,"each presented equally credible witnesses. The claimant’s expert calculated damages for US$4,002,100.00. The respondent’s expert calculated damages for US$1,059,307.00.",1,NA,NA,NA,NA,NA,NA,NA,NA,NA,NA,NA,NA,NA,NA,NA,NA,NA,NA,NA,NA,NA,NA,NA,NA,NA,NA,NA,NA,NA,NA,NA,NA,NA,NA,NA,NA,NA,NA,NA,NA,NA,NA,NA,NA,Investor-Investor Vignette|Investor-State Vignette,247,NA,Claimant,Appointed by Loser,NA,NA,NA,NA,NA
R_3iJY8DBil9ue9hm,10/27/2015 12:52,10/27/2015 12:53,0,Parties,a middle income economy,a low income economy,Claimant without legal merit,1,by the parties.,Fortune 500 company,Fortune 500 company,unanimously,"each presented equally credible witnesses. The claimant’s expert calculated damages for US$4,002,100.00. The respondent’s expert calculated damages for US$1,059,307.00.",1,NA,NA,NA,NA,NA,NA,NA,NA,NA,NA,NA,NA,NA,NA,NA,NA,NA,NA,NA,NA,NA,NA,NA,NA,NA,NA,NA,NA,NA,NA,NA,NA,NA,NA,NA,NA,NA,NA,NA,NA,NA,NA,NA,NA,Investor-Investor Vignette|Investor-State Vignette,248,NA,Respondent,Parties,NA,NA,NA,NA,NA
R_3HZh77A7LabXDTX,10/23/2015 16:00,10/23/2015 16:06,1,Claimant,a high income economy,a middle income economy,Claimant without legal merit,1,by the claimant.,Fortune 500 company,Fortune 500 company,by majority,"agreed on an independent expert randomly selected from a pool of qualified experts who calculated damages for US$2,034,040.00.",1,1,-99,0,0,1,0,0,0,0,1,0,0,NA,1,2000000,50,NA,NA,NA,NA,NA,-99,-99,-99,-99,-99,NA,1,1,0,0,0,1,1,0,0,0,Private,NA,NA,0,1,0,1,Investor-Investor Vignette|Investor-State Vignette,249,3,Respondent,Appointed by Loser,3,1,0,0,0
R_3HUrb1Mh9EhgWRc,10/28/2015 9:23,10/28/2015 9:38,1,Parties,a middle income economy,a low income economy,Claimant wins,1,by the parties.,Fortune 500 company,Fortune 500 company,unanimously,"agreed on an independent expert randomly selected from a pool of qualified experts who calculated damages for US$2,034,040.00.",1,1,50,0,0,1,0,0,0,0,1,0,0,"THE USE OF AN ARBITRATION OFFICE AS PER THE ARBITRATION REGULATIONS IS TO BE SHARED 50-50 BY BOTH PARTIES. / FOR LEGAL REPRESENTATION , EACH PARTY BEARS ITS OWN EXPENSES",1,2034040,100,0,0,1,0,0,NA,NA,NA,NA,NA,NA,1,1,0,1,1,1,0,0,0,1,Private,Master's,1,0,1,0,1,Investor-State Vignette|Investor-Investor Vignette,250,3,Claimant,Parties,3,1,0,0,0
R_3HUoIAzHq62P8Zx,10/24/2015 2:34,10/24/2015 2:43,1,Blind,a middle income economy,a middle income economy,Respondent wins,1,.,Fortune 500 company,Fortune 500 company,by majority,"each presented equally credible witnesses. The claimant’s expert calculated damages for US$4,002,100.00. The respondent’s expert calculated damages for US$1,059,307.00.",1,1,0,0,1,0,0,0,0,0,0,1,0,Costs should follow the event of a cleat dismissal. However indemnity costs should not be awarded save in exceptional circumstances /,1,-88,100,0,0,0,1,0,NA,NA,NA,NA,NA,Indemnity costs awarded only in exceptional circumstances.,1,1,0,0,1,0,0,0,0,1,Private,Doctorate,1,0,1,1,0,Investor-State Vignette|Investor-Investor Vignette,251,2,Respondent,Blind,4,0,1,0,1
R_3HRGC0ZtqIj0OCr,10/26/2015 6:47,10/26/2015 6:59,1,Parties,a middle income economy,a low income economy,Claimant wins,0,by the parties.,modest but growing local company in an emerging economy country,modest but growing local company in an emerging economy country,by majority,"each presented equally credible witnesses. The claimant’s expert calculated damages for US$4,002,100.00. The respondent’s expert calculated damages for US$1,059,307.00.",1,1,100,0,0,0,0,1,NA,NA,NA,NA,NA,This most closely places the claimant in the position in which it would have been in had the respondent not committed the wrong.,1,-88,-99,NA,NA,NA,NA,NA,-99,-99,-99,-99,-99,"Respondent should pay all costs of the liability phase. Costs of the quantum phase should depend on the outcome. The question does not give enough information for mew to say how I would decide the liability phase: this would require evaluation of the evidence of the two experts, possibly other evidence, and, no doubt, consideration of the applicable law.",1,1,0,1,1,0,1,0,0,0,Private,Master's,1,0,1,0,1,Investor-State Vignette|Investor-Investor Vignette,255,5,Claimant,Parties,5,0,0,1,1
R_3hoKAMMSey1C0w8,10/27/2015 12:44,10/27/2015 12:56,1,Claimant,a high income economy,a low income economy,Claimant wins,0,by the claimant.,modest but growing local company in an emerging economy country,modest but growing local company in an emerging economy country,by majority,"each presented equally credible witnesses. The claimant’s expert calculated damages for US$4,002,100.00. The respondent’s expert calculated damages for US$1,059,307.00.",1,1,20,0,0,0,1,0,NA,NA,NA,NA,NA,"As a matter of principle, the losing party should pay the winning sides costs and expenses. In the case at hand, I would take into consideration that the playing field is not level (developing country vs. developed country) and the economic burden of the case on the parties.",1,2500000,100,0,0,0,0,1,NA,NA,NA,NA,NA,"There is an equal playing field (both companies start-ups). Unclear from the description, how to value the damages (what are they based on etc.), therefore a compromise. No compromise on cost allocation (allocate all for the loser to bear).",1,0,1,0,1,1,1,0,0,0,Private,NA,1,0,1,0,1,Investor-State Vignette|Investor-Investor Vignette,256,4,Claimant,Appointed by Winner,4,0,1,0,1
R_3hmYGr5Xv2whKWU,10/28/2015 1:55,10/28/2015 2:20,1,Claimant,a high income economy,a middle income economy,Respondent wins,0,by the claimant.,modest but growing local company in an emerging economy country,Fortune 500 company,unanimously,"agreed on an independent expert randomly selected from a pool of qualified experts who calculated damages for US$2,034,040.00.",1,1,61,0,0,1,0,0,NA,NA,NA,NA,NA,NA,1,NA,39,0,0,0,1,0,NA,NA,NA,NA,NA,NA,1,1,0,0,1,0,0,0,0,1,NA,Master's,1,0,1,0,1,Investor-State Vignette|Investor-Investor Vignette,257,3,Respondent,Appointed by Loser,3,1,0,0,0
R_3hiJxQNGwLChCSQ,10/28/2015 11:47,10/28/2015 11:59,1,Respondent,a middle income economy,a middle income economy,Outside jurisdiction,0,by the respondent.,Fortune 500 company,Fortune 500 company,by majority,"agreed on an independent expert randomly selected from a pool of qualified experts who calculated damages for US$2,034,040.00.",1,1,75,0,0,0,1,0,NA,NA,NA,NA,NA,NA,1,1000000,75,0,1,0,0,0,NA,NA,NA,NA,NA,NA,1,1,0,0,0,1,1,0,0,0,Private,Doctorate,1,0,1,0,1,Investor-State Vignette|Investor-Investor Vignette,258,4,Respondent,Appointed by Winner,2,0,0,0,0
R_3hGA4MmKvuUSggG,10/26/2015 0:13,10/26/2015 0:27,1,Blind,a high income economy,a middle income economy,Claimant without legal merit,0,.,Fortune 500 company,modest but growing local company in an emerging economy country,by majority,"agreed on an independent expert randomly selected from a pool of qualified experts who calculated damages for US$2,034,040.00.",1,1,82,0,1,0,0,0,NA,NA,NA,NA,NA,"Same logic as the previous answer only in reverse, If a party does not have a good claim but brings it anyway and looses then they should reimburse the other party most of their costs.",1,2034040,71,0,0,0,1,0,NA,NA,NA,NA,NA,"If Respondent continued to breach the contract such that Claimant was forced to arbitrate and the findings supported Claimant, should not have had to arbitrate the matter in the first place and should recover a majority of their costs, assuming they were reasonable and they did not over pack with lawyers.",1,1,0,1,1,0,0,0,0,1,Private,JD,1,0,1,0,1,Investor-Investor Vignette|Investor-State Vignette,259,2,Respondent,Blind,4,0,1,0,1
R_3haRLNzwqSj375x,10/27/2015 12:41,10/27/2015 12:50,1,Respondent,a middle income economy,a middle income economy,Claimant without legal merit,1,by the respondent.,Fortune 500 company,modest but growing local company in an emerging economy country,by majority,"agreed on an independent expert randomly selected from a pool of qualified experts who calculated damages for US$2,034,040.00.",1,1,81,0,1,0,0,0,0,0,0,1,0,manifestly without legal merit determination suggests a more complete indemnity,1,2034040,80,0,0,0,1,0,NA,NA,NA,NA,NA,"a winning party should achieve the benefit of being an ""innocent"" party",1,1,0,0,1,0,1,0,0,0,Private,Master's,1,0,1,0,1,Investor-Investor Vignette|Investor-State Vignette,260,2,Respondent,Appointed by Winner,4,0,1,0,1
R_3GfAeEtvhXLrXJ9,10/27/2015 13:05,10/27/2015 13:20,1,Parties,a high income economy,a low income economy,Outside jurisdiction,1,by the parties.,Fortune 500 company,modest but growing local company in an emerging economy country,unanimously,"each presented equally credible witnesses. The claimant’s expert calculated damages for US$4,002,100.00. The respondent’s expert calculated damages for US$1,059,307.00.",1,1,100,0,0,0,0,1,1,0,0,0,0,All facts occurred in Respondent country.  Facts are strong that Respondent has expropriated Claimant's investment although ICSID has no jurisdiction.,1,1059307,100,NA,NA,NA,NA,NA,1,0,0,0,0,Respondent is liable; Respondent's expert damages are credible; Respondent should be responsible for all Claimant's fees and costs especially that I have awarded Respondent's damages amount.,1,1,0,1,1,0,1,0,0,0,Private,JD,1,0,1,0,1,Investor-Investor Vignette|Investor-State Vignette,262,5,Respondent,Parties,1,0,0,0,0
R_3GEcWHRK5t31LLH,11/4/2015 3:18,11/4/2015 3:22,1,Parties,a high income economy,a middle income economy,Claimant without legal merit,0,by the parties.,Fortune 500 company,Fortune 500 company,unanimously,"each presented equally credible witnesses. The claimant’s expert calculated damages for US$4,002,100.00. The respondent’s expert calculated damages for US$1,059,307.00.",1,1,0,1,0,0,0,0,NA,NA,NA,NA,NA,NA,1,-88,100,NA,NA,NA,NA,NA,1,0,0,0,0,NA,1,1,0,0,0,1,1,0,0,0,Private,NA,1,0,1,0,1,Investor-State Vignette|Investor-Investor Vignette,263,1,Respondent,Parties,5,0,0,1,1
R_3G7XGEB8Zaanjjy,10/26/2015 7:03,10/26/2015 7:04,0,Blind,a high income economy,a middle income economy,Claimant without legal merit,0,.,Fortune 500 company,Fortune 500 company,by majority,"agreed on an independent expert randomly selected from a pool of qualified experts who calculated damages for US$2,034,040.00.",1,NA,NA,NA,NA,NA,NA,NA,NA,NA,NA,NA,NA,NA,NA,NA,NA,NA,NA,NA,NA,NA,NA,NA,NA,NA,NA,NA,NA,NA,NA,NA,NA,NA,NA,NA,NA,NA,NA,NA,NA,NA,NA,NA,NA,Investor-Investor Vignette|Investor-State Vignette,265,NA,Respondent,Blind,NA,NA,NA,NA,NA
R_3fHJXRHXS2AGgGm,10/27/2015 15:01,10/27/2015 15:02,0,Respondent,a middle income economy,a middle income economy,Claimant wins,0,by the respondent.,Fortune 500 company,modest but growing local company in an emerging economy country,by majority,"each presented equally credible witnesses. The claimant’s expert calculated damages for US$4,002,100.00. The respondent’s expert calculated damages for US$1,059,307.00.",1,NA,NA,NA,NA,NA,NA,NA,NA,NA,NA,NA,NA,NA,NA,NA,NA,NA,NA,NA,NA,NA,NA,NA,NA,NA,NA,NA,NA,NA,NA,NA,NA,NA,NA,NA,NA,NA,NA,NA,NA,NA,NA,NA,NA,Investor-State Vignette|Investor-Investor Vignette,269,NA,Claimant,Appointed by Loser,NA,NA,NA,NA,NA
R_3ezqYmu5GOFGw6S,10/27/2015 9:07,10/27/2015 9:08,0,Parties,a middle income economy,a middle income economy,Claimant without legal merit,0,by the parties.,Fortune 500 company,Fortune 500 company,by majority,"each presented equally credible witnesses. The claimant’s expert calculated damages for US$4,002,100.00. The respondent’s expert calculated damages for US$1,059,307.00.",1,NA,NA,NA,NA,NA,NA,NA,NA,NA,NA,NA,NA,NA,NA,NA,NA,NA,NA,NA,NA,NA,NA,NA,NA,NA,NA,NA,NA,NA,NA,NA,NA,NA,NA,NA,NA,NA,NA,NA,NA,NA,NA,NA,NA,Investor-State Vignette|Investor-Investor Vignette,270,NA,Respondent,Parties,NA,NA,NA,NA,NA
R_3EzHBeyHdNwHjQv,10/28/2015 13:07,10/28/2015 13:22,1,Parties,a middle income economy,a middle income economy,Claimant wins,1,by the parties.,Fortune 500 company,Fortune 500 company,by majority,"agreed on an independent expert randomly selected from a pool of qualified experts who calculated damages for US$2,034,040.00.",1,1,100,0,0,0,0,1,1,0,0,0,0,If the respondent had obtained nothing in the judgment then I believe the case has full merit and therefore it is respondent fault the existence of the trial.,1,2034040,-99,0,0,1,0,0,NA,NA,NA,NA,NA,I assume the plaintiff sued for much more of what the experts found in their report. Then the respondent was not totally defeated. In that case I believe there was a legitimate cause for respondent and each party should bear their own costs.,1,1,0,0,0,1,1,0,0,0,Private,JD,1,0,1,0,1,Investor-State Vignette|Investor-Investor Vignette,271,5,Claimant,Parties,5,0,0,1,1
R_3ExMKiDvV77o8Ws,10/27/2015 13:29,10/27/2015 13:38,1,Respondent,a middle income economy,a middle income economy,Outside jurisdiction,1,by the respondent.,modest but growing local company in an emerging economy country,modest but growing local company in an emerging economy country,by majority,"each presented equally credible witnesses. The claimant’s expert calculated damages for US$4,002,100.00. The respondent’s expert calculated damages for US$1,059,307.00.",1,1,50,0,0,1,0,0,0,0,1,0,0,Given the fact that the present dispute was outside of the jurisdiction of the Centre (ICSID) and the competence of the tribunal it is only fair that each party bears its own expenses,1,3000000,72,NA,NA,NA,NA,NA,0,0,1,0,0,"normally the respondent should bear all costs but given the damages awarded and its' position as a company in an emerging environment, the costs is only fair to be borne by each party",1,0,1,0,0,1,1,0,0,0,Private,Doctorate,1,0,1,1,0,Investor-Investor Vignette|Investor-State Vignette,272,3,Respondent,Appointed by Winner,3,1,0,0,0
R_3EWom7OFzRB55rv,11/5/2015 5:00,11/5/2015 5:05,1,Parties,a high income economy,a middle income economy,Claimant wins,1,by the parties.,Fortune 500 company,modest but growing local company in an emerging economy country,unanimously,"each presented equally credible witnesses. The claimant’s expert calculated damages for US$4,002,100.00. The respondent’s expert calculated damages for US$1,059,307.00.",1,1,75,0,0,0,1,0,0,1,0,0,0,I would make the state pay all only where it's bad faith is affirmatively established (even if not expressed as such in the final award).,1,1059307,-99,NA,NA,NA,NA,NA,0,1,0,0,0,Claimant had burden of proof so loses out on damages. Respondent should pay some of the expeses as in breach in any event. Not all as award less than claim.,1,1,0,0,1,0,1,0,0,0,Private,Master's,1,0,1,0,1,Investor-State Vignette|Investor-Investor Vignette,274,4,Claimant,Parties,4,0,1,0,1
R_3etwS4gyI9R5nlQ,10/27/2015 13:40,10/27/2015 13:45,1,Blind,a high income economy,a middle income economy,Outside jurisdiction,1,.,modest but growing local company in an emerging economy country,modest but growing local company in an emerging economy country,by majority,"agreed on an independent expert randomly selected from a pool of qualified experts who calculated damages for US$2,034,040.00.",1,1,-99,0,0,1,0,0,0,0,1,0,0,Jurisdictional question -  both parties should bear its own expenses.,1,2034040,100,0,1,0,0,0,NA,NA,NA,NA,NA,"Based on the behavior of the respondent's counsel, who was ethical and professional I do not see as to why his client should bear the 100 percent of the legal fees of the claimant.",1,1,0,0,1,0,1,0,0,0,Private,Master's,1,0,1,0,1,Investor-Investor Vignette|Investor-State Vignette,276,3,Respondent,Blind,3,1,0,0,0
R_3ET0ZUhzFEyhy28,10/28/2015 0:58,10/28/2015 1:15,1,Parties,a high income economy,a low income economy,Claimant wins,1,by the parties.,Fortune 500 company,Fortune 500 company,unanimously,"agreed on an independent expert randomly selected from a pool of qualified experts who calculated damages for US$2,034,040.00.",1,1,100,0,0,0,0,1,1,0,0,0,0,Each party requested that the loosing party bear all the costs.,1,2034040,100,NA,NA,NA,NA,NA,1,0,0,0,0,There was consensus with the choice of the expert and there is no mention of disagreement,1,1,0,0,0,1,1,0,0,0,Private,Master's,1,0,1,0,1,Investor-Investor Vignette|Investor-State Vignette,277,5,Claimant,Parties,5,0,0,1,1
R_3erwhhSraUSMd3i,10/27/2015 12:50,10/27/2015 12:55,0,Blind,a middle income economy,a low income economy,Outside jurisdiction,1,.,modest but growing local company in an emerging economy country,modest but growing local company in an emerging economy country,unanimously,"each presented equally credible witnesses. The claimant’s expert calculated damages for US$4,002,100.00. The respondent’s expert calculated damages for US$1,059,307.00.",1,1,0,1,0,0,0,0,0,0,0,0,1,C has decisively lost.,1,NA,-99,NA,NA,NA,NA,NA,-99,-99,-99,-99,-99,NA,NA,NA,NA,NA,NA,NA,NA,NA,NA,NA,NA,NA,NA,NA,NA,NA,NA,Investor-Investor Vignette|Investor-State Vignette,278,1,Respondent,Blind,5,0,0,1,1
R_3eksx359beRaOC9,10/23/2015 16:00,10/23/2015 16:01,0,Parties,a middle income economy,a middle income economy,Outside jurisdiction,0,by the parties.,Fortune 500 company,modest but growing local company in an emerging economy country,by majority,"each presented equally credible witnesses. The claimant’s expert calculated damages for US$4,002,100.00. The respondent’s expert calculated damages for US$1,059,307.00.",1,NA,NA,NA,NA,NA,NA,NA,NA,NA,NA,NA,NA,NA,NA,NA,NA,NA,NA,NA,NA,NA,NA,NA,NA,NA,NA,NA,NA,NA,NA,NA,NA,NA,NA,NA,NA,NA,NA,NA,NA,NA,NA,NA,NA,Investor-State Vignette|Investor-Investor Vignette,280,NA,Respondent,Parties,NA,NA,NA,NA,NA
R_3eh7fcDpIs5f5pE,10/28/2015 6:59,10/28/2015 7:21,1,Claimant,a middle income economy,a low income economy,Claimant without legal merit,1,by the claimant.,modest but growing local company in an emerging economy country,modest but growing local company in an emerging economy country,by majority,"each presented equally credible witnesses. The claimant’s expert calculated damages for US$4,002,100.00. The respondent’s expert calculated damages for US$1,059,307.00.",1,1,50,0,0,1,0,0,0,0,1,0,0,N/A,1,NA,-99,NA,NA,NA,NA,NA,0,0,1,0,0,NOT APPLICABLE,1,1,0,0,0,1,1,0,0,0,Private,Master's,1,0,1,1,0,Investor-State Vignette|Investor-Investor Vignette,282,3,Respondent,Appointed by Loser,3,1,0,0,0
R_3eeryVPb2O9WGkO,10/23/2015 16:57,10/23/2015 17:13,1,Blind,a high income economy,a low income economy,Claimant wins,0,.,modest but growing local company in an emerging economy country,Fortune 500 company,unanimously,"each presented equally credible witnesses. The claimant’s expert calculated damages for US$4,002,100.00. The respondent’s expert calculated damages for US$1,059,307.00.",1,1,100,0,0,1,0,0,NA,NA,NA,NA,NA,"Respondent lost the case, it shall bear the costs in its entirety. As to the legal expenses the claimant is an investor experienced in these issues and shall have a legal team for this purposes. The costs of any potential legal claim were included in the investment agreement already.",1,2800000,75,0,0,0,1,0,NA,NA,NA,NA,NA,"As to the substance. The Respondent is the losing party. As to the damages, with equal convincing arguments panel shall use its discretion and found a number ""somewhere in the middle"" of both extremes. Costs and expenses are connected to the substance were the Respondent was defeated. Hence it shall pay costs and some of the claimant's expenses.",1,1,0,0,0,1,1,0,0,0,Private,Doctorate,1,0,1,0,1,Investor-Investor Vignette|Investor-State Vignette,283,3,Claimant,Blind,3,1,0,0,0
R_3dYUkMYIWl28K8J,10/27/2015 13:04,10/27/2015 13:47,1,Claimant,a middle income economy,a low income economy,Claimant wins,0,by the claimant.,Fortune 500 company,Fortune 500 company,unanimously,"agreed on an independent expert randomly selected from a pool of qualified experts who calculated damages for US$2,034,040.00.",1,1,100,0,0,0,1,0,NA,NA,NA,NA,NA,Costs are in the discretion of the tribunal.  A full indemnity to the successful claimant may be unreasonable.  The costs incurred would have to be examined.  What proportion the claimant would be entitled to be reimbursed for would be dependent on how the case was proceeded with.  Efficiency on the part of the claimant in the arbitral proceedings from the advance of the claim to the award is more likely to be rewarded with a higher level of indemnity.,1,2034040,100,NA,NA,NA,NA,NA,0,1,0,0,0,"This question is silly.  What were the submissions of the parties during the arbitration as to the entitlement to costs.  If both Fortune 500 companies submitted that each party bears its own costs, I would be inclined to that result.  Otherwise, if the claimant company sought the costs of the arbitration, then based on the result, they should be awarded a contribution towards counsel fees.  What is reasonable is dependent on the circumstances and the conduct of the arbitration.",1,1,0,0,1,0,1,0,0,0,Private,JD,1,0,1,0,1,Investor-State Vignette|Investor-Investor Vignette,284,4,Claimant,Appointed by Winner,4,0,1,0,1
R_3dXnQKhyVP5xjBr,10/27/2015 15:15,10/27/2015 15:26,1,Respondent,a middle income economy,a middle income economy,Claimant wins,0,by the respondent.,Fortune 500 company,modest but growing local company in an emerging economy country,unanimously,"each presented equally credible witnesses. The claimant’s expert calculated damages for US$4,002,100.00. The respondent’s expert calculated damages for US$1,059,307.00.",1,1,-99,-99,-99,-99,-99,-99,NA,NA,NA,NA,NA,NA,1,2500000,69,NA,NA,NA,NA,NA,0,0,1,0,0,Claimant has burden of proof; witnesses for both were equally credible.,1,1,0,1,1,0,1,0,0,0,Private,Master's,1,0,1,0,1,Investor-Investor Vignette|Investor-State Vignette,285,NA,Claimant,Appointed by Loser,NA,NA,NA,NA,NA
R_3DuVSQePiDIzOII,10/27/2015 13:28,10/27/2015 13:58,1,Claimant,a middle income economy,a low income economy,Outside jurisdiction,1,by the claimant.,Fortune 500 company,modest but growing local company in an emerging economy country,unanimously,"agreed on an independent expert randomly selected from a pool of qualified experts who calculated damages for US$2,034,040.00.",1,1,0,0,1,0,0,0,0,0,0,1,0,"I think it would ultimately depend on the extent and degree of the lack of merit of the claim. If it had a manifest lack of merit, I would be more keen to condemn the claimant to pay all the costs of the arbitration in which the respondent had incurred.",1,2034040,-99,0,0,1,0,0,NA,NA,NA,NA,NA,I think that a respondent should not be punished for exercising its right to defense except for the case when the claim is frivolously opposed by the respondent in breach of the good faith principle,1,1,0,0,0,1,1,0,0,0,Private,Master's,1,0,1,0,1,Investor-State Vignette|Investor-Investor Vignette,286,2,Respondent,Appointed by Loser,4,0,1,0,1
R_3dSmHu2S3lY76CS,10/27/2015 13:16,10/27/2015 13:29,1,Respondent,a middle income economy,a middle income economy,Claimant wins,1,by the respondent.,modest but growing local company in an emerging economy country,Fortune 500 company,unanimously,"each presented equally credible witnesses. The claimant’s expert calculated damages for US$4,002,100.00. The respondent’s expert calculated damages for US$1,059,307.00.",1,1,100,0,0,0,0,1,1,0,0,0,0,"Given the fact that the tribunal unanimously decided that the respondent unfairly treated and wrongfully expropriated the claimant’s investment the respondent should bear the burdeen of all costs and expenses. Had the tribunal not been unanimous, the result might be different, but given the facts as set forth, the burden should fall entirely on respondent.",1,2530703.5,-99,0,0,0,1,0,NA,NA,NA,NA,NA,"Since the tribunal decided unanimously that the respondent breached the contract and that the claimant is entitled to damages, the issue is not whether but how much. It would largely depend upon the credibility of the experts, including their backgrounds and experience. Assuming that they're equally competent and credible, the tribunal should seek a middle ground between the two experts.",1,1,0,1,1,0,1,0,0,0,Private,JD,1,0,1,0,1,Investor-State Vignette|Investor-Investor Vignette,287,5,Claimant,Appointed by Loser,5,0,0,1,1
R_3DhdteL7dMSrrBK,10/27/2015 13:25,10/29/2015 19:25,0,Claimant,a middle income economy,a low income economy,Claimant wins,0,by the claimant.,Fortune 500 company,Fortune 500 company,unanimously,"agreed on an independent expert randomly selected from a pool of qualified experts who calculated damages for US$2,034,040.00.",1,1,100,0,0,0,0,1,NA,NA,NA,NA,NA,Claimant's conduct was unfair and wrongful and and the fact pattern contains no mitigating circumstances.,NA,NA,NA,NA,NA,NA,NA,NA,NA,NA,NA,NA,NA,NA,NA,NA,NA,NA,NA,NA,NA,NA,NA,NA,NA,NA,NA,NA,NA,NA,NA,Investor-State Vignette|Investor-Investor Vignette,288,5,Claimant,Appointed by Winner,5,0,0,1,1
R_3D5wS1Uh5mTOFAE,10/28/2015 4:53,10/28/2015 5:10,1,Respondent,a middle income economy,a low income economy,Claimant without legal merit,1,by the respondent.,Fortune 500 company,Fortune 500 company,unanimously,"each presented equally credible witnesses. The claimant’s expert calculated damages for US$4,002,100.00. The respondent’s expert calculated damages for US$1,059,307.00.",1,1,0,1,0,0,0,0,0,0,0,0,1,"The claim was frivolous and caused unnecessary expense to the respondent. The claimant will not recover the cost of having his people tied up in an arbitration and all the time necessary for preparation, it is only fair therefore for the claimant to reimburse all costs associated with the proceedings.",1,2530704,60,NA,NA,NA,NA,NA,0,1,0,0,0,"Given the information at hand, it would appear that the respondent did not enter into arbitration frivolously and as such should not be penalised unduly. Given that two credible witnesses found differing amounts due then a fair compromise would be the mean of the numbers. The respondent should bear the cost of the claimants external legal team and not their own internal counsel as this is a cost they would have borne anyway.",1,1,0,0,1,0,1,0,0,0,Private,Master's,1,0,1,0,1,Investor-Investor Vignette|Investor-State Vignette,289,1,Respondent,Appointed by Winner,5,0,0,1,1
R_3CB1JVvsB1f0pzr,10/27/2015 12:39,10/27/2015 12:40,0,Claimant,a middle income economy,a middle income economy,Respondent wins,1,by the claimant.,modest but growing local company in an emerging economy country,Fortune 500 company,by majority,"each presented equally credible witnesses. The claimant’s expert calculated damages for US$4,002,100.00. The respondent’s expert calculated damages for US$1,059,307.00.",1,NA,NA,NA,NA,NA,NA,NA,NA,NA,NA,NA,NA,NA,NA,NA,NA,NA,NA,NA,NA,NA,NA,NA,NA,NA,NA,NA,NA,NA,NA,NA,NA,NA,NA,NA,NA,NA,NA,NA,NA,NA,NA,NA,NA,Investor-State Vignette|Investor-Investor Vignette,290,NA,Respondent,Appointed by Loser,NA,NA,NA,NA,NA
R_33Cj1K7jd7CNIj7,10/23/2015 20:57,10/23/2015 21:30,1,Parties,a middle income economy,a middle income economy,Claimant without legal merit,1,by the parties.,modest but growing local company in an emerging economy country,modest but growing local company in an emerging economy country,by majority,"each presented equally credible witnesses. The claimant’s expert calculated damages for US$4,002,100.00. The respondent’s expert calculated damages for US$1,059,307.00.",1,1,-99,-99,-99,-99,-99,-99,-99,-99,-99,-99,-99,NA,1,NA,-99,-99,-99,-99,-99,-99,NA,NA,NA,NA,NA,NA,1,1,0,0,1,1,1,0,0,0,Private,Master's,1,0,1,1,0,Investor-Investor Vignette|Investor-State Vignette,292,NA,Respondent,Parties,NA,NA,NA,NA,NA
R_32XhU8eqBIHDGKC,10/24/2015 16:05,10/24/2015 16:17,1,Claimant,a high income economy,a low income economy,Claimant without legal merit,0,by the claimant.,Fortune 500 company,Fortune 500 company,unanimously,"agreed on an independent expert randomly selected from a pool of qualified experts who calculated damages for US$2,034,040.00.",1,1,0,1,0,0,0,0,NA,NA,NA,NA,NA,"Same rationale as before; unless there are intervening factors not mentioned in the facts, the Respondent, as winning party, is entitled to be indemnified on its expenditure in defending an unmeritorious claim.",1,2034040,100,0,0,0,0,1,NA,NA,NA,NA,NA,"The arbitration was only made necessary by the Respondent's breaches of contract. In order to be made whole, the Claimant is entitled, having won, to be indemnified on all of its costs and expenses.  The facts here do not describe the amount of the original claim, or the history of the proceedings (other than the reference to the parties having behaved ethically and professionally).  There is nothing about interlocutory matters, interim applications etc.  No mention is made of ""sealed offers"" having been made by the Respondent and mentioned to the Tribunal after the quantum of damages had been determined.  These factors could easily have a substantial impact on the amount of costs awarded and even whether the winning party gets anything for its costs and expenses at all.",1,1,0,0,1,0,1,0,0,0,Private,Master's,1,0,1,1,0,Investor-Investor Vignette|Investor-State Vignette,295,1,Respondent,Appointed by Loser,5,0,0,1,1
R_32LRfKhUfEMKryO,10/27/2015 13:42,10/27/2015 13:42,0,Parties,a high income economy,a low income economy,Claimant wins,1,by the parties.,modest but growing local company in an emerging economy country,modest but growing local company in an emerging economy country,unanimously,"agreed on an independent expert randomly selected from a pool of qualified experts who calculated damages for US$2,034,040.00.",1,NA,NA,NA,NA,NA,NA,NA,NA,NA,NA,NA,NA,NA,NA,NA,NA,NA,NA,NA,NA,NA,NA,NA,NA,NA,NA,NA,NA,NA,NA,NA,NA,NA,NA,NA,NA,NA,NA,NA,NA,NA,NA,NA,NA,Investor-State Vignette|Investor-Investor Vignette,297,NA,Claimant,Parties,NA,NA,NA,NA,NA
R_32IN5xLCeKecvRA,10/25/2015 4:32,10/25/2015 4:34,0,Claimant,a middle income economy,a low income economy,Claimant wins,1,by the claimant.,modest but growing local company in an emerging economy country,modest but growing local company in an emerging economy country,unanimously,"agreed on an independent expert randomly selected from a pool of qualified experts who calculated damages for US$2,034,040.00.",1,NA,NA,NA,NA,NA,NA,NA,NA,NA,NA,NA,NA,NA,NA,NA,NA,NA,NA,NA,NA,NA,NA,NA,NA,NA,NA,NA,NA,NA,NA,NA,NA,NA,NA,NA,NA,NA,NA,NA,NA,NA,NA,NA,NA,Investor-State Vignette|Investor-Investor Vignette,300,NA,Claimant,Appointed by Winner,NA,NA,NA,NA,NA
R_31sH4aBPiKSakaC,10/27/2015 21:02,10/27/2015 21:05,1,Parties,a middle income economy,a middle income economy,Respondent wins,1,by the parties.,modest but growing local company in an emerging economy country,modest but growing local company in an emerging economy country,unanimously,"agreed on an independent expert randomly selected from a pool of qualified experts who calculated damages for US$2,034,040.00.",1,1,-99,0,0,1,0,0,0,0,1,0,0,NA,1,NA,-99,NA,NA,NA,NA,NA,-99,-99,-99,-99,-99,NA,1,NA,NA,NA,NA,NA,NA,NA,NA,NA,NA,NA,NA,-99,-99,NA,-99,Investor-State Vignette|Investor-Investor Vignette,301,3,Respondent,Parties,3,1,0,0,0
R_31KG3pjCIeiU89Y,10/25/2015 5:29,10/25/2015 5:31,0,Blind,a middle income economy,a low income economy,Claimant wins,1,.,modest but growing local company in an emerging economy country,Fortune 500 company,by majority,"each presented equally credible witnesses. The claimant’s expert calculated damages for US$4,002,100.00. The respondent’s expert calculated damages for US$1,059,307.00.",1,NA,NA,NA,NA,NA,NA,NA,NA,NA,NA,NA,NA,NA,NA,NA,NA,NA,NA,NA,NA,NA,NA,NA,NA,NA,NA,NA,NA,NA,NA,NA,NA,NA,NA,NA,NA,NA,NA,NA,NA,NA,NA,NA,NA,Investor-Investor Vignette|Investor-State Vignette,302,NA,Claimant,Blind,NA,NA,NA,NA,NA
R_31ilI2GXT6qPL13,10/27/2015 12:45,10/27/2015 12:46,0,Parties,a middle income economy,a middle income economy,Claimant without legal merit,1,by the parties.,Fortune 500 company,modest but growing local company in an emerging economy country,unanimously,"agreed on an independent expert randomly selected from a pool of qualified experts who calculated damages for US$2,034,040.00.",1,NA,NA,NA,NA,NA,NA,NA,NA,NA,NA,NA,NA,NA,NA,NA,NA,NA,NA,NA,NA,NA,NA,NA,NA,NA,NA,NA,NA,NA,NA,NA,NA,NA,NA,NA,NA,NA,NA,NA,NA,NA,NA,NA,NA,Investor-State Vignette|Investor-Investor Vignette,303,NA,Respondent,Parties,NA,NA,NA,NA,NA
R_31hC4oGzjGsc1Eu,11/5/2015 11:17,11/11/2015 8:48,1,Respondent,a middle income economy,a low income economy,Claimant without legal merit,0,by the respondent.,Fortune 500 company,modest but growing local company in an emerging economy country,by majority,"agreed on an independent expert randomly selected from a pool of qualified experts who calculated damages for US$2,034,040.00.",1,1,0,1,0,0,0,0,NA,NA,NA,NA,NA,NA,1,2034040,100,-99,-99,-99,-99,-99,NA,NA,NA,NA,NA,NA,1,0,1,0,0,1,1,0,0,0,Private,Master's,1,1,0,0,1,Investor-State Vignette|Investor-Investor Vignette,304,1,Respondent,Appointed by Winner,5,0,0,1,1
R_31GZtclqKm5SqI4,10/24/2015 9:54,10/24/2015 10:10,1,Parties,a high income economy,a middle income economy,Claimant wins,1,by the parties.,modest but growing local company in an emerging economy country,Fortune 500 company,unanimously,"each presented equally credible witnesses. The claimant’s expert calculated damages for US$4,002,100.00. The respondent’s expert calculated damages for US$1,059,307.00.",1,1,100,0,0,0,0,1,1,0,0,0,0,"If claimant succeeds entirely, repondent should reimburse claimant's legal costs/expenses.",1,4059307,100,0,0,0,0,1,NA,NA,NA,NA,NA,"The facts do not indicate that there are aspects which would justify to compromise or to ""split the baby"". If both damage calculations are reasonable, the arbitral Ttibunal should of course ask questions to the experts and find out which of the two calculations is sounder and should be accepted. / Costs and fees should generally follow the outcome of the dispute.",1,1,0,0,0,1,1,0,0,0,Private,Doctorate,1,0,1,1,0,Investor-Investor Vignette|Investor-State Vignette,305,5,Claimant,Parties,5,0,0,1,1
R_31BCfZ0ln9zPtj9,10/26/2015 0:21,10/26/2015 0:23,0,Parties,a middle income economy,a middle income economy,Claimant without legal merit,1,by the parties.,modest but growing local company in an emerging economy country,modest but growing local company in an emerging economy country,unanimously,"each presented equally credible witnesses. The claimant’s expert calculated damages for US$4,002,100.00. The respondent’s expert calculated damages for US$1,059,307.00.",1,NA,NA,NA,NA,NA,NA,NA,NA,NA,NA,NA,NA,NA,NA,NA,NA,NA,NA,NA,NA,NA,NA,NA,NA,NA,NA,NA,NA,NA,NA,NA,NA,NA,NA,NA,NA,NA,NA,NA,NA,NA,NA,NA,NA,Investor-State Vignette|Investor-Investor Vignette,306,NA,Respondent,Parties,NA,NA,NA,NA,NA
R_307yGBpbR4uSCDI,10/26/2015 17:13,10/26/2015 17:15,1,Parties,a high income economy,a low income economy,Outside jurisdiction,1,by the parties.,modest but growing local company in an emerging economy country,Fortune 500 company,by majority,"agreed on an independent expert randomly selected from a pool of qualified experts who calculated damages for US$2,034,040.00.",1,1,-99,-99,-99,-99,-99,-99,-99,-99,-99,-99,-99,NA,1,NA,-99,-99,-99,-99,-99,-99,NA,NA,NA,NA,NA,NA,1,NA,NA,NA,NA,NA,NA,NA,NA,NA,NA,NA,NA,-99,-99,NA,-99,Investor-Investor Vignette|Investor-State Vignette,308,NA,Respondent,Parties,NA,NA,NA,NA,NA
R_2zxb7KTHxyLeoLK,10/27/2015 17:17,10/27/2015 17:33,1,Respondent,a high income economy,a low income economy,Claimant wins,0,by the respondent.,modest but growing local company in an emerging economy country,Fortune 500 company,by majority,"each presented equally credible witnesses. The claimant’s expert calculated damages for US$4,002,100.00. The respondent’s expert calculated damages for US$1,059,307.00.",1,1,80,0,0,0,1,0,NA,NA,NA,NA,NA,"The claimant prevailed in his claims, so he should be awarded most of the legal costs incurred.",1,1059307,81,0,0,0,1,0,NA,NA,NA,NA,NA,"As a matter of principle, especially when damages is to be awarded based on witnesses, I incline to award the lowest value determined. / On costs, due to the fact that the claimant has prevailed almost in all his reliefs sought, he should be awarded his legal expenses accordingly.",1,1,0,0,0,1,1,0,0,0,Private,Doctorate,1,0,1,0,1,Investor-Investor Vignette|Investor-State Vignette,309,4,Claimant,Appointed by Loser,4,0,1,0,1
R_2ZVyaQVG2zqhtPZ,10/23/2015 19:13,10/23/2015 19:15,0,Claimant,a high income economy,a middle income economy,Claimant without legal merit,1,by the claimant.,Fortune 500 company,modest but growing local company in an emerging economy country,by majority,"agreed on an independent expert randomly selected from a pool of qualified experts who calculated damages for US$2,034,040.00.",1,NA,NA,NA,NA,NA,NA,NA,NA,NA,NA,NA,NA,NA,NA,NA,NA,NA,NA,NA,NA,NA,NA,NA,NA,NA,NA,NA,NA,NA,NA,NA,NA,NA,NA,NA,NA,NA,NA,NA,NA,NA,NA,NA,NA,Investor-State Vignette|Investor-Investor Vignette,310,NA,Respondent,Appointed by Loser,NA,NA,NA,NA,NA
R_2ZPJK9s3t10TUHx,10/28/2015 9:19,10/28/2015 9:37,1,Respondent,a middle income economy,a low income economy,Claimant without legal merit,0,by the respondent.,modest but growing local company in an emerging economy country,modest but growing local company in an emerging economy country,by majority,"each presented equally credible witnesses. The claimant’s expert calculated damages for US$4,002,100.00. The respondent’s expert calculated damages for US$1,059,307.00.",1,1,0,1,0,0,0,0,NA,NA,NA,NA,NA,Claimant has lost its case and therefor has to carry all expenses,1,2000000,100,NA,NA,NA,NA,NA,0,1,0,0,0,Respondent lost the merits case and half of the claimed damages,1,1,0,0,0,1,1,0,0,0,Private,Bachelor's,1,0,1,0,1,Investor-Investor Vignette|Investor-State Vignette,312,1,Respondent,Appointed by Winner,5,0,0,1,1
R_2ZDJ3bQcDHKQSob,10/27/2015 12:42,10/27/2015 12:57,0,Blind,a middle income economy,a low income economy,Outside jurisdiction,1,.,Fortune 500 company,Fortune 500 company,by majority,"each presented equally credible witnesses. The claimant’s expert calculated damages for US$4,002,100.00. The respondent’s expert calculated damages for US$1,059,307.00.",1,NA,NA,NA,NA,NA,NA,NA,NA,NA,NA,NA,NA,NA,NA,NA,NA,NA,NA,NA,NA,NA,NA,NA,NA,NA,NA,NA,NA,NA,NA,NA,NA,NA,NA,NA,NA,NA,NA,NA,NA,NA,NA,NA,NA,Investor-State Vignette|Investor-Investor Vignette,313,NA,Respondent,Blind,NA,NA,NA,NA,NA
R_2ZC6gbNdaWLdn2Y,10/23/2015 15:47,10/23/2015 15:47,0,Respondent,a high income economy,a low income economy,Outside jurisdiction,0,by the respondent.,modest but growing local company in an emerging economy country,Fortune 500 company,by majority,"each presented equally credible witnesses. The claimant’s expert calculated damages for US$4,002,100.00. The respondent’s expert calculated damages for US$1,059,307.00.",1,NA,NA,NA,NA,NA,NA,NA,NA,NA,NA,NA,NA,NA,NA,NA,NA,NA,NA,NA,NA,NA,NA,NA,NA,NA,NA,NA,NA,NA,NA,NA,NA,NA,NA,NA,NA,NA,NA,NA,NA,NA,NA,NA,NA,Investor-State Vignette|Investor-Investor Vignette,314,NA,Respondent,Appointed by Winner,NA,NA,NA,NA,NA
R_2ZC5S7Eb14SLOwv,10/27/2015 13:26,10/27/2015 13:29,0,Parties,a high income economy,a low income economy,Respondent wins,1,by the parties.,Fortune 500 company,modest but growing local company in an emerging economy country,unanimously,"each presented equally credible witnesses. The claimant’s expert calculated damages for US$4,002,100.00. The respondent’s expert calculated damages for US$1,059,307.00.",1,NA,NA,NA,NA,NA,NA,NA,NA,NA,NA,NA,NA,NA,NA,NA,NA,NA,NA,NA,NA,NA,NA,NA,NA,NA,NA,NA,NA,NA,NA,NA,NA,NA,NA,NA,NA,NA,NA,NA,NA,NA,NA,NA,NA,Investor-Investor Vignette|Investor-State Vignette,315,NA,Respondent,Parties,NA,NA,NA,NA,NA
R_2YQf8bMjVZGfMBA,10/24/2015 4:19,10/24/2015 4:19,0,Blind,a high income economy,a low income economy,Outside jurisdiction,1,.,modest but growing local company in an emerging economy country,modest but growing local company in an emerging economy country,unanimously,"each presented equally credible witnesses. The claimant’s expert calculated damages for US$4,002,100.00. The respondent’s expert calculated damages for US$1,059,307.00.",1,NA,NA,NA,NA,NA,NA,NA,NA,NA,NA,NA,NA,NA,NA,NA,NA,NA,NA,NA,NA,NA,NA,NA,NA,NA,NA,NA,NA,NA,NA,NA,NA,NA,NA,NA,NA,NA,NA,NA,NA,NA,NA,NA,NA,Investor-Investor Vignette|Investor-State Vignette,318,NA,Respondent,Blind,NA,NA,NA,NA,NA
R_2YP7LoKFRhuiC79,10/24/2015 1:44,10/24/2015 2:10,1,Respondent,a middle income economy,a low income economy,Outside jurisdiction,1,by the respondent.,Fortune 500 company,Fortune 500 company,by majority,"agreed on an independent expert randomly selected from a pool of qualified experts who calculated damages for US$2,034,040.00.",1,1,0,1,0,0,0,0,0,0,0,0,1,Claimant preferred a wrong path by invoking arbitration against the provisions of the Contract.,1,2034040,50,0,0,0,1,0,NA,NA,NA,NA,NA,"The independent expert for valuation of damages , payment / claim of damages was unanimously agreed by the arbitral tribunal , was selected by both the parties and their counsels argued professionally and with full ethics. Arbitral Tribunal has no base / reasons to award something other than the evaluation of independent expert.  / Some of the Legal expenses  of the Claimant should be borne by Respondent  , the  breach of contract was on the part of Respondent , why the Claimant suffer.",1,1,0,0,1,0,0,0,1,0,Public,Master's,1,0,1,0,1,Investor-Investor Vignette|Investor-State Vignette,319,1,Respondent,Appointed by Winner,5,0,0,1,1
R_2ylwjVDbX6u2LSz,10/28/2015 4:14,10/28/2015 4:57,1,Respondent,a middle income economy,a middle income economy,Claimant wins,1,by the respondent.,Fortune 500 company,modest but growing local company in an emerging economy country,unanimously,"each presented equally credible witnesses. The claimant’s expert calculated damages for US$4,002,100.00. The respondent’s expert calculated damages for US$1,059,307.00.",1,1,-99,-99,-99,-99,-99,-99,-99,-99,-99,-99,-99,NA,1,NA,-99,NA,NA,NA,NA,NA,-99,-99,-99,-99,-99,NA,1,NA,NA,NA,NA,NA,NA,NA,NA,NA,NA,NA,NA,-99,-99,NA,-99,Investor-Investor Vignette|Investor-State Vignette,322,NA,Claimant,Appointed by Loser,NA,NA,NA,NA,NA
R_2YfVGD1SYcMm5Sp,11/2/2015 5:04,11/2/2015 5:28,1,Parties,a high income economy,a middle income economy,Claimant wins,1,by the parties.,Fortune 500 company,modest but growing local company in an emerging economy country,unanimously,"each presented equally credible witnesses. The claimant’s expert calculated damages for US$4,002,100.00. The respondent’s expert calculated damages for US$1,059,307.00.",1,1,100,0,0,0,1,0,0,1,0,0,0,"Given the findings of the Tribunal, the usual length of ICSID proceedings and the heavy costs incurred by parties in such proceedings, the loosing party should be ordered to pay 100% of all fees (arbitration + legal); however, since Respondent behaved ethically, Respondent shall be ""relieved"" from paying 100% of Claimant's legal fees but shall pay a majority portion.",1,3400000,75,0,0,0,1,0,NA,NA,NA,NA,NA,"I tend to apply two rules, without excessive consideration for the Parties' respective financial situation (ie a small corporation or a Fortune 500), that is: / - A successful party is entitled to recover all of the damages suffered, / - A party that brought successfully a claim is entitled to recover most of its arbitration and legal costs",1,0,1,0,0,1,1,0,0,0,Private,Master's,1,0,1,0,1,Investor-Investor Vignette|Investor-State Vignette,323,4,Claimant,Parties,4,0,1,0,1
R_2y1pisVORXqtv5q,10/23/2015 21:37,10/23/2015 21:47,1,Respondent,a high income economy,a middle income economy,Outside jurisdiction,1,by the respondent.,modest but growing local company in an emerging economy country,Fortune 500 company,by majority,"each presented equally credible witnesses. The claimant’s expert calculated damages for US$4,002,100.00. The respondent’s expert calculated damages for US$1,059,307.00.",1,1,50,0,0,1,0,0,0,0,1,0,0,Both parties agreed to the submission.  Neither were responsible for the tribunal's actions.  Either the tribunal should waive 100% or the fees and costs should be shared.  I would be inclined to waive.,1,2500000,100,0,0,0,0,1,NA,NA,NA,NA,NA,"Claimant prevailed.  A compromise on damages appears appropriate on these facts.  Assuming fees and cost were reasonable, I would assess 100% to the party in breach so long as contractually authorized.",1,1,0,1,1,0,0,0,0,1,Private,JD,1,0,1,0,1,Investor-State Vignette|Investor-Investor Vignette,325,3,Respondent,Appointed by Winner,3,1,0,0,0
R_2xS0lQUTIF0ZpBL,10/29/2015 7:31,10/30/2015 5:43,1,Respondent,a high income economy,a low income economy,Respondent wins,0,by the respondent.,modest but growing local company in an emerging economy country,Fortune 500 company,by majority,"agreed on an independent expert randomly selected from a pool of qualified experts who calculated damages for US$2,034,040.00.",1,1,-99,-99,-99,-99,-99,-99,NA,NA,NA,NA,NA,NA,1,NA,-99,NA,NA,NA,NA,NA,-99,-99,-99,-99,-99,NA,1,NA,NA,NA,NA,NA,NA,NA,NA,NA,NA,NA,NA,-99,-99,NA,-99,Investor-State Vignette|Investor-Investor Vignette,327,NA,Respondent,Appointed by Winner,NA,NA,NA,NA,NA
R_2xRCzTCblhdlP5m,10/27/2015 13:53,10/27/2015 14:03,1,Claimant,a middle income economy,a middle income economy,Claimant without legal merit,1,by the claimant.,Fortune 500 company,Fortune 500 company,unanimously,"agreed on an independent expert randomly selected from a pool of qualified experts who calculated damages for US$2,034,040.00.",1,1,80,0,1,0,0,0,0,0,0,1,0,the fact that there is a dispute indicates that the parties were not prepared to settle. As such even the successful respondent ought to carry some of the expenses for the case  /  / Reasonble legal costs should be compensated,1,2034040,100,NA,NA,NA,NA,NA,0,1,0,0,0,if the damages is proven by independent expert then they should be awarded to the party entitled to damages. Om;y reasonable expenses for legal costs shoudl be compensated,1,1,0,0,0,1,0,1,0,0,Academic,Doctorate,1,0,1,0,1,Investor-Investor Vignette|Investor-State Vignette,328,2,Respondent,Appointed by Loser,4,0,1,0,1
R_2xQ90NTCUj66ZRc,10/27/2015 6:38,10/27/2015 6:59,1,Claimant,a high income economy,a low income economy,Claimant wins,1,by the claimant.,Fortune 500 company,modest but growing local company in an emerging economy country,unanimously,"each presented equally credible witnesses. The claimant’s expert calculated damages for US$4,002,100.00. The respondent’s expert calculated damages for US$1,059,307.00.",1,1,-99,-99,-99,-99,-99,-99,-99,-99,-99,-99,-99,NA,1,NA,-99,-99,-99,-99,-99,-99,NA,NA,NA,NA,NA,NA,1,NA,NA,NA,NA,NA,NA,NA,NA,NA,NA,NA,NA,-99,-99,NA,-99,Investor-Investor Vignette|Investor-State Vignette,329,NA,Claimant,Appointed by Winner,NA,NA,NA,NA,NA
R_2X4gBT2XKzZF08i,10/27/2015 12:50,10/27/2015 12:50,0,Respondent,a middle income economy,a low income economy,Claimant wins,0,by the respondent.,Fortune 500 company,Fortune 500 company,unanimously,"each presented equally credible witnesses. The claimant’s expert calculated damages for US$4,002,100.00. The respondent’s expert calculated damages for US$1,059,307.00.",1,NA,NA,NA,NA,NA,NA,NA,NA,NA,NA,NA,NA,NA,NA,NA,NA,NA,NA,NA,NA,NA,NA,NA,NA,NA,NA,NA,NA,NA,NA,NA,NA,NA,NA,NA,NA,NA,NA,NA,NA,NA,NA,NA,NA,Investor-State Vignette|Investor-Investor Vignette,334,NA,Claimant,Appointed by Loser,NA,NA,NA,NA,NA
R_2wuzedLXIio3gYt,10/28/2015 7:45,10/28/2015 7:50,1,Respondent,a middle income economy,a middle income economy,Claimant wins,0,by the respondent.,Fortune 500 company,Fortune 500 company,by majority,"agreed on an independent expert randomly selected from a pool of qualified experts who calculated damages for US$2,034,040.00.",1,1,100,0,0,0,0,1,NA,NA,NA,NA,NA,Costs follow the event; no factors militating in favour of adjustment,1,2034040,100,0,0,0,0,1,NA,NA,NA,NA,NA,Costs follow the event; no factors militating against adjustment,1,1,0,0,1,0,1,0,0,0,Private,Master's,1,1,0,0,1,Investor-State Vignette|Investor-Investor Vignette,335,5,Claimant,Appointed by Loser,5,0,0,1,1
R_2WT1UnpVcSi2Ocu,10/27/2015 16:58,10/27/2015 17:30,1,Claimant,a high income economy,a low income economy,Claimant without legal merit,1,by the claimant.,Fortune 500 company,Fortune 500 company,unanimously,"each presented equally credible witnesses. The claimant’s expert calculated damages for US$4,002,100.00. The respondent’s expert calculated damages for US$1,059,307.00.",1,1,10,0,1,0,0,0,0,0,0,1,0,"If the Tribunal's decision was reached under Rule 41(5), it means that the Claimant's positions was MANIFESTLY without merit. Thus, it is only fair that Claimant should bear the biggest share of the costs.",1,3000000,90,0,0,0,1,0,NA,NA,NA,NA,NA,According to the facts provided above the Tribunal found that Respondent had indeed breached the contract. No subtleties or mitigating circumstances are described. Under that scenario it seems appropriate that the Respondent should bear the full cost of its actions.,1,1,0,0,0,1,1,0,0,0,Private,Doctorate,1,0,1,0,1,Investor-Investor Vignette|Investor-State Vignette,338,2,Respondent,Appointed by Loser,4,0,1,0,1
R_2wsgSlp0uUBpFyW,10/24/2015 3:34,10/24/2015 4:01,1,Claimant,a high income economy,a low income economy,Claimant wins,0,by the claimant.,modest but growing local company in an emerging economy country,Fortune 500 company,unanimously,"each presented equally credible witnesses. The claimant’s expert calculated damages for US$4,002,100.00. The respondent’s expert calculated damages for US$1,059,307.00.",1,1,90,0,0,0,0,1,NA,NA,NA,NA,NA,"I would first need to check what limits might have been imposed in such a case by the Administrative Council or the Secretary-General or if there was an agreement between the parties on costs. Should there not be any, I would follow the ""costs follow award"" rule but I would also be mindful of attempts made by either party to settle and I would not be inclined to give 100% unless respondent had failed to adduce any credible evidence on any of its lines of defense.",1,3750000,90,NA,NA,NA,NA,NA,1,0,0,0,0,"The evidence suggests unanimous grounds for liability and equally viable quantum evidence. The respondent could/should have sought grounds for settlement. As a result, I would tend to give the claimant most of their request (but not 100%) as the respondent had credible evidence of lawyer quantum. Frankly, I could never decide based on the hypothetical actually given. I would refuse to provide a quantum decision with out more granular understanding of the heads of damages, and where i would attribute greater weight. (I would, for example, grant 100% of claimant's direct damages). /  / As for the costs award, I would have given 100% to the claimant save that on the facts there is some credence to be given to the respondents' views on quantum.",1,1,0,1,1,1,1,0,0,0,Private,Master's,1,0,1,1,0,Investor-Investor Vignette|Investor-State Vignette,339,5,Claimant,Appointed by Winner,5,0,0,1,1
R_2wRiwYWNW9cR2nk,10/28/2015 18:12,10/28/2015 18:27,1,Claimant,a middle income economy,a middle income economy,Claimant wins,0,by the claimant.,Fortune 500 company,Fortune 500 company,unanimously,"agreed on an independent expert randomly selected from a pool of qualified experts who calculated damages for US$2,034,040.00.",1,1,100,0,0,0,0,1,NA,NA,NA,NA,NA,"Given the findings of the panel, the non-party state actor should compensate claimant for its expenses caused by the expropriation.",1,2034040,100,NA,NA,NA,NA,NA,-99,-99,-99,-99,-99,"If the contract expressly provides for an award of attorneys' fees and costs to the prevailing party, Respondent should pay all of Claimant's reasonable expenses, with the panel being the arbiters of reasonableness of the fees. /  / If the contract does not so provide, each party should bear its own expenses.",1,1,0,1,1,0,1,0,0,0,Private,JD,1,0,1,0,1,Investor-Investor Vignette|Investor-State Vignette,340,5,Claimant,Appointed by Winner,5,0,0,1,1
R_2WO584qRGbXUMS0,10/29/2015 9:23,10/29/2015 9:32,1,Blind,a high income economy,a middle income economy,Claimant wins,0,.,Fortune 500 company,modest but growing local company in an emerging economy country,unanimously,"agreed on an independent expert randomly selected from a pool of qualified experts who calculated damages for US$2,034,040.00.",1,1,100,0,0,0,0,1,NA,NA,NA,NA,NA,My answer is based on the ICSID rules providing for prevailing party fees and expenses to be paid. If the rules do not provide for it then each party has to bear its own fees and expenses.,1,2034040,100,0,0,0,0,1,NA,NA,NA,NA,NA,"The assessment of fees and expenses is governed by the ICC rules. if the rules provide for the assessment of fees and expenses this is what it should be. if the rules do not, then each side bears its own fees and costs.",1,1,0,1,1,0,1,0,0,0,Private,JD,1,0,1,0,1,Investor-State Vignette|Investor-Investor Vignette,341,5,Claimant,Blind,5,0,0,1,1
R_2WMDKwC6t4MBDIt,10/27/2015 15:57,10/27/2015 16:44,1,Claimant,a high income economy,a low income economy,Claimant without legal merit,0,by the claimant.,Fortune 500 company,modest but growing local company in an emerging economy country,by majority,"agreed on an independent expert randomly selected from a pool of qualified experts who calculated damages for US$2,034,040.00.",1,1,0,1,0,0,0,0,NA,NA,NA,NA,NA,"The Panel having unanimously concluded that claimant's claims were ""without merit"", in the absence of some countervailing rule or legal theory (which does not appear to have any validity based on the scenario), I would require claimant to pay the full price for having its claim heard.",1,2000000,100,0,0,0,0,1,NA,NA,NA,NA,NA,"As to damages: The parties agreed on an independent damages expert who opined that damages are ~$2m.  I see nothing that would suggest any substantial deviation from that figure. /  / As to ICC expenses/arbitration costs:  Again, I see nothing that suggests that this figure should be discounted. /  / As to legal costs/attorneys' fees:  The scenario is silent as to whether the contract has a fee-shifting clause (entitling the prevailing party to recover them). In the absence of some reason to award less than 100%, I would award claimant all.",1,1,0,1,1,0,1,0,0,0,Private,JD,1,0,1,0,1,Investor-Investor Vignette|Investor-State Vignette,342,1,Respondent,Appointed by Loser,5,0,0,1,1
R_2WHejepzL3rrjPT,10/27/2015 12:56,10/27/2015 13:18,1,Parties,a middle income economy,a middle income economy,Respondent wins,0,by the parties.,Fortune 500 company,modest but growing local company in an emerging economy country,unanimously,"agreed on an independent expert randomly selected from a pool of qualified experts who calculated damages for US$2,034,040.00.",1,1,0,0,1,0,0,0,NA,NA,NA,NA,NA,"Some semblance of loser pays should lead to incentives to settle, and discourage both frivolous actions and recalcitrant respondents. Information provided (unanimous decision, all acted in good faith, one judge favors compromise) suggests that full costs may not be warranted, but tribune's expenses and some of winner's expenses should be borne by the losing party.",1,2034040,100,NA,NA,NA,NA,NA,0,0,1,0,0,"The size disparity leads to the likelihood that the Claimant may have afforded and utilized disproportionate legal resources. Under such circumstances, payment of tribunal expenses is sufficient incentive to settle. If requests for expenses offered prior to judgment were similar, I would be more inclined to require claimant to reimburse some of respondents' expenses.",1,1,0,1,1,0,0,0,0,1,Private,Doctorate,1,0,1,0,1,Investor-State Vignette|Investor-Investor Vignette,343,2,Respondent,Parties,4,0,1,0,1
R_2WDykw083HdlLvq,10/23/2015 15:51,10/24/2015 4:29,0,Blind,a high income economy,a middle income economy,Claimant without legal merit,1,.,Fortune 500 company,modest but growing local company in an emerging economy country,unanimously,"agreed on an independent expert randomly selected from a pool of qualified experts who calculated damages for US$2,034,040.00.",1,NA,NA,NA,NA,NA,NA,NA,NA,NA,NA,NA,NA,NA,1,NA,-99,NA,NA,NA,NA,NA,-99,-99,-99,-99,-99,NA,NA,NA,NA,NA,NA,NA,NA,NA,NA,NA,NA,NA,NA,NA,NA,NA,NA,Investor-Investor Vignette|Investor-State Vignette,344,NA,Respondent,Blind,NA,NA,NA,NA,NA
R_2wbrT0vjUQOFzVp,10/28/2015 0:44,10/28/2015 0:53,1,Parties,a high income economy,a middle income economy,Respondent wins,0,by the parties.,Fortune 500 company,modest but growing local company in an emerging economy country,unanimously,"agreed on an independent expert randomly selected from a pool of qualified experts who calculated damages for US$2,034,040.00.",1,1,-99,1,0,0,0,0,NA,NA,NA,NA,NA,NA,1,2034040,-99,NA,NA,NA,NA,NA,1,0,0,0,0,NA,1,0,1,0,0,1,1,0,0,0,Private,Master's,1,0,1,0,1,Investor-State Vignette|Investor-Investor Vignette,345,1,Respondent,Parties,5,0,0,1,1
R_2wbNyA3UDhdB3V0,10/24/2015 0:50,10/24/2015 2:19,1,Blind,a high income economy,a middle income economy,Outside jurisdiction,0,.,modest but growing local company in an emerging economy country,Fortune 500 company,by majority,"each presented equally credible witnesses. The claimant’s expert calculated damages for US$4,002,100.00. The respondent’s expert calculated damages for US$1,059,307.00.",1,1,-99,0,0,1,0,0,NA,NA,NA,NA,NA,"The tribunal explanation of the reasons why ""the dispute was outside of the jurisdiction of the Centre (ICSID) and the competence of the tribunal"" should be given, to give a sound judgment or reasoning of the answer. Thus the answers are based on the general trend in such cases.",1,1200630,30,0,0,1,0,0,NA,NA,NA,NA,NA,"The above answers are arbitrary and unsupported because there are no details of how the tribunal reach to the verdict that  ""the respondent breached the contract and that the claimant is entitled to damages""; in addition there is no information concerning how each party reached to its value of the damages. But based on my own experience, arbitral decisions are generally in the range of 30% to 40% of the amount of damages claimed by the claimant. The cost of the arbitration is shared in the same ration of the award, while it is common that each party bears its own expenses.",1,1,0,0,1,0,0,0,0,1,Private,Doctorate,1,0,1,1,0,Investor-Investor Vignette|Investor-State Vignette,346,3,Respondent,Blind,3,1,0,0,0
R_2VEGn7pRc6j0Guk,10/27/2015 12:41,10/27/2015 12:46,1,Blind,a high income economy,a low income economy,Claimant wins,1,.,Fortune 500 company,Fortune 500 company,unanimously,"agreed on an independent expert randomly selected from a pool of qualified experts who calculated damages for US$2,034,040.00.",1,1,-99,0,0,0,1,0,0,1,0,0,0,NA,1,2034040,-99,NA,NA,NA,NA,NA,0,1,0,0,0,NA,1,0,1,1,1,0,1,0,0,0,Private,JD,1,1,0,0,1,Investor-Investor Vignette|Investor-State Vignette,348,4,Claimant,Blind,4,0,1,0,1
R_2UYPo4FlTsHyCDY,10/23/2015 16:20,10/23/2015 16:20,0,Respondent,a middle income economy,a low income economy,Outside jurisdiction,1,by the respondent.,Fortune 500 company,Fortune 500 company,by majority,"agreed on an independent expert randomly selected from a pool of qualified experts who calculated damages for US$2,034,040.00.",1,NA,NA,NA,NA,NA,NA,NA,NA,NA,NA,NA,NA,NA,NA,NA,NA,NA,NA,NA,NA,NA,NA,NA,NA,NA,NA,NA,NA,NA,NA,NA,NA,NA,NA,NA,NA,NA,NA,NA,NA,NA,NA,NA,NA,Investor-State Vignette|Investor-Investor Vignette,349,NA,Respondent,Appointed by Winner,NA,NA,NA,NA,NA
R_2uJUPdnA08VL4W7,10/27/2015 20:40,10/27/2015 20:51,1,Respondent,a middle income economy,a middle income economy,Outside jurisdiction,0,by the respondent.,Fortune 500 company,Fortune 500 company,unanimously,"each presented equally credible witnesses. The claimant’s expert calculated damages for US$4,002,100.00. The respondent’s expert calculated damages for US$1,059,307.00.",1,1,50,0,0,1,0,0,NA,NA,NA,NA,NA,"Outside the jurisdiction and therefore the arbitrators have no right to decide either on the substantive issues or the costs. As the matter has been brought by the claimant and respondent has also participated, each party should bear its own costs. The decision on the costs of fee's and costs would have been different if the respondent did not participate and in which case, the claimant would have to fund the entire exercise in the first instance and in this way bear all of the costs.",1,-88,81,0,0,0,1,0,NA,NA,NA,NA,NA,"There are two issues - one is liability for the claim and quantum. As liability is not in dispute, the issue turns on quantum. While both parties have stated potential lossess which may arise, arbitrators need to ajudge and not act as compromisers -- i would need more arguments or would need to be convinced on the amount of loss for damage award. As i am not entirely convinced on the quantum of the claim submitted by the claimant, i have therefore considered that he should also bear some of the costs of the arbitration",1,1,0,0,1,0,0,0,0,1,Private,Master's,1,0,1,0,1,Investor-State Vignette|Investor-Investor Vignette,350,3,Respondent,Appointed by Winner,3,1,0,0,0
R_2U4MlbHNSJi5SL3,10/27/2015 12:36,10/27/2015 12:39,0,Respondent,a high income economy,a low income economy,Respondent wins,1,by the respondent.,Fortune 500 company,modest but growing local company in an emerging economy country,unanimously,"each presented equally credible witnesses. The claimant’s expert calculated damages for US$4,002,100.00. The respondent’s expert calculated damages for US$1,059,307.00.",1,NA,NA,NA,NA,NA,NA,NA,NA,NA,NA,NA,NA,NA,NA,NA,NA,NA,NA,NA,NA,NA,NA,NA,NA,NA,NA,NA,NA,NA,NA,NA,NA,NA,NA,NA,NA,NA,NA,NA,NA,NA,NA,NA,NA,Investor-Investor Vignette|Investor-State Vignette,353,NA,Respondent,Appointed by Winner,NA,NA,NA,NA,NA
R_2tVZjAmDw5L87UF,11/4/2015 12:39,11/4/2015 12:49,1,Respondent,a high income economy,a low income economy,Claimant without legal merit,1,by the respondent.,Fortune 500 company,modest but growing local company in an emerging economy country,unanimously,"agreed on an independent expert randomly selected from a pool of qualified experts who calculated damages for US$2,034,040.00.",1,1,0,1,0,0,0,0,0,0,0,0,1,Costs of proceedings must be paid by the losing party.,1,3000000,100,0,0,0,0,1,NA,NA,NA,NA,NA,Damages may also include attorney's fees and legal interests. Costs of the proceedings -once again- should be paid by the losing party.,1,1,0,0,0,1,1,0,0,0,Private,Master's,1,0,1,1,0,Investor-State Vignette|Investor-Investor Vignette,355,1,Respondent,Appointed by Winner,5,0,0,1,1
R_2tqVl2V0uGS7b2X,10/27/2015 12:48,10/27/2015 12:56,1,Blind,a high income economy,a low income economy,Claimant wins,1,.,Fortune 500 company,Fortune 500 company,unanimously,"each presented equally credible witnesses. The claimant’s expert calculated damages for US$4,002,100.00. The respondent’s expert calculated damages for US$1,059,307.00.",1,1,76,0,0,0,1,0,0,1,0,0,0,see above cements re quantum.  it all depends!,1,-88,68,NA,NA,NA,NA,NA,-99,-99,-99,-99,-99,it depends on the result on quantum. if damages were large I wd award most costs to claimant. but if claimant exaggerated the loss I wd be less generous.  None of the suggested answers above quite covers this subtlety,1,1,0,0,1,0,1,0,0,0,Private,NA,1,0,1,0,1,Investor-Investor Vignette|Investor-State Vignette,356,4,Claimant,Blind,4,0,1,0,1
R_2to5q05734W9z1e,10/27/2015 13:57,11/3/2015 8:31,1,Parties,a high income economy,a middle income economy,Claimant without legal merit,1,by the parties.,Fortune 500 company,modest but growing local company in an emerging economy country,by majority,"agreed on an independent expert randomly selected from a pool of qualified experts who calculated damages for US$2,034,040.00.",1,1,0,1,0,0,0,0,0,0,0,0,1,"Respondent should not be burdened to pay the costs of the proceeding, since Claimant´s claim lack legal merit, that is to say, such expenses were incurrred in as a consequence of Claimant´s legal actions which turned out to be baseless.",1,2000000,100,0,0,0,0,1,NA,NA,NA,NA,NA,NA,1,1,0,0,0,1,1,0,0,0,Private,Master's,1,0,1,0,1,Investor-State Vignette|Investor-Investor Vignette,357,1,Respondent,Parties,5,0,0,1,1
R_2tKlAXlYT4P4ikl,10/26/2015 11:07,10/26/2015 11:14,1,Blind,a middle income economy,a low income economy,Outside jurisdiction,1,.,Fortune 500 company,modest but growing local company in an emerging economy country,by majority,"agreed on an independent expert randomly selected from a pool of qualified experts who calculated damages for US$2,034,040.00.",1,1,0,0,0,1,0,0,0,0,1,0,0,NA,1,2034040,100,0,0,1,0,0,NA,NA,NA,NA,NA,NA,1,1,0,1,1,0,1,0,0,0,Private,JD,1,0,1,0,1,Investor-Investor Vignette|Investor-State Vignette,358,3,Respondent,Blind,3,1,0,0,0
R_2tDTKDMJMnmLoSu,10/27/2015 12:42,10/27/2015 12:52,0,Parties,a middle income economy,a low income economy,Claimant wins,0,by the parties.,Fortune 500 company,modest but growing local company in an emerging economy country,unanimously,"agreed on an independent expert randomly selected from a pool of qualified experts who calculated damages for US$2,034,040.00.",1,NA,NA,NA,NA,NA,NA,NA,NA,NA,NA,NA,NA,NA,NA,NA,NA,NA,NA,NA,NA,NA,NA,NA,NA,NA,NA,NA,NA,NA,NA,NA,NA,NA,NA,NA,NA,NA,NA,NA,NA,NA,NA,NA,NA,Investor-State Vignette|Investor-Investor Vignette,360,NA,Claimant,Parties,NA,NA,NA,NA,NA
R_2SrdK0mFBOBvxQ9,11/26/2015 12:35,11/26/2015 12:48,1,Blind,a middle income economy,a low income economy,Outside jurisdiction,1,.,Fortune 500 company,modest but growing local company in an emerging economy country,by majority,"each presented equally credible witnesses. The claimant’s expert calculated damages for US$4,002,100.00. The respondent’s expert calculated damages for US$1,059,307.00.",1,1,0,1,0,0,0,0,0,0,0,0,1,The Claimant's claim was thrown out on jurisdictional grounds. The Respondent should not be called to contribute towards Claimant's failure to establish its case.,1,1059307,100,NA,NA,NA,NA,NA,0,1,0,0,0,Respondent should pay 1/4 of the Claimant's legal costs as Claimant got only 1/4 of what it sought in damages.,1,1,0,0,0,1,1,0,0,0,Private,Master's,1,0,1,0,1,Investor-Investor Vignette|Investor-State Vignette,362,1,Respondent,Blind,5,0,0,1,1
R_2s6JxekHSOSrOpk,10/26/2015 7:49,10/26/2015 7:49,0,Respondent,a middle income economy,a middle income economy,Outside jurisdiction,0,by the respondent.,modest but growing local company in an emerging economy country,modest but growing local company in an emerging economy country,by majority,"each presented equally credible witnesses. The claimant’s expert calculated damages for US$4,002,100.00. The respondent’s expert calculated damages for US$1,059,307.00.",1,NA,NA,NA,NA,NA,NA,NA,NA,NA,NA,NA,NA,NA,NA,NA,NA,NA,NA,NA,NA,NA,NA,NA,NA,NA,NA,NA,NA,NA,NA,NA,NA,NA,NA,NA,NA,NA,NA,NA,NA,NA,NA,NA,NA,Investor-Investor Vignette|Investor-State Vignette,363,NA,Respondent,Appointed by Winner,NA,NA,NA,NA,NA
R_2rZrOoHaDL1QDjM,11/2/2015 7:53,11/2/2015 8:00,1,Claimant,a high income economy,a low income economy,Outside jurisdiction,1,by the claimant.,modest but growing local company in an emerging economy country,Fortune 500 company,by majority,"agreed on an independent expert randomly selected from a pool of qualified experts who calculated damages for US$2,034,040.00.",1,1,0,1,0,0,0,0,0,0,0,0,1,NA,1,2034040,80,0,0,0,1,0,NA,NA,NA,NA,NA,NA,1,1,0,0,0,1,1,0,0,0,Private,Doctorate,1,0,1,1,0,Investor-Investor Vignette|Investor-State Vignette,364,1,Respondent,Appointed by Loser,5,0,0,1,1
R_2rxuE4sYYxpqJqe,10/27/2015 7:01,10/27/2015 7:12,1,Respondent,a high income economy,a low income economy,Claimant wins,1,by the respondent.,modest but growing local company in an emerging economy country,Fortune 500 company,unanimously,"agreed on an independent expert randomly selected from a pool of qualified experts who calculated damages for US$2,034,040.00.",1,1,80,0,0,0,1,0,0,1,0,0,0,The losing party should bear the expenses incurred by the successful party save that there should be a discount to reflect that there is an element of expenses which it would not be appropriate for a losing party to bear.,1,2034040,80,NA,NA,NA,NA,NA,0,1,0,0,0,"If the agreed independent expert has quantified the damages, that should be the extent of the award. /  / The losing respondent should bear the successful claimant's expenses save that there should be a discount to reflect an element of expenses it would not be appropriate for a losing party to bear.",1,1,0,0,1,0,1,0,0,0,Private,Master's,1,1,0,0,1,Investor-Investor Vignette|Investor-State Vignette,365,4,Claimant,Appointed by Loser,4,0,1,0,1
R_2rO3ZFmfLckAj0U,10/27/2015 14:15,10/27/2015 14:15,0,Parties,a middle income economy,a middle income economy,Outside jurisdiction,0,by the parties.,modest but growing local company in an emerging economy country,modest but growing local company in an emerging economy country,by majority,"each presented equally credible witnesses. The claimant’s expert calculated damages for US$4,002,100.00. The respondent’s expert calculated damages for US$1,059,307.00.",1,NA,NA,NA,NA,NA,NA,NA,NA,NA,NA,NA,NA,NA,NA,NA,NA,NA,NA,NA,NA,NA,NA,NA,NA,NA,NA,NA,NA,NA,NA,NA,NA,NA,NA,NA,NA,NA,NA,NA,NA,NA,NA,NA,NA,Investor-Investor Vignette|Investor-State Vignette,368,NA,Respondent,Parties,NA,NA,NA,NA,NA
R_2RO1Al1Nl0coAeI,11/6/2015 5:34,11/6/2015 5:44,1,Respondent,a high income economy,a low income economy,Respondent wins,1,by the respondent.,Fortune 500 company,modest but growing local company in an emerging economy country,unanimously,"agreed on an independent expert randomly selected from a pool of qualified experts who calculated damages for US$2,034,040.00.",1,1,0,0,0,1,0,0,0,0,1,0,0,NA,1,2034040,100,NA,NA,NA,NA,NA,0,1,0,0,0,NA,1,0,1,0,0,1,0,0,0,1,Private,Master's,1,1,0,0,1,Investor-State Vignette|Investor-Investor Vignette,369,3,Respondent,Appointed by Winner,3,1,0,0,0
R_2QzeiAyZ8AXZqzt,10/23/2015 17:40,10/23/2015 17:47,1,Parties,a middle income economy,a middle income economy,Claimant wins,0,by the parties.,Fortune 500 company,Fortune 500 company,unanimously,"each presented equally credible witnesses. The claimant’s expert calculated damages for US$4,002,100.00. The respondent’s expert calculated damages for US$1,059,307.00.",1,1,100,0,0,0,0,1,NA,NA,NA,NA,NA,"Costs should follow the event, generally. A state party should fully compensate an investor which should, generally, include all costs incurred by the Claimant.",1,0,-99,0,0,0,0,1,NA,NA,NA,NA,NA,I don't know how much damages to award because i have to assess the expert reports. /  / i also am not sure on costs until i decide on the damages amount. But i would lean in favor of having the respondent reimburse the claimant.,1,1,0,0,1,0,1,0,0,0,Private,Master's,1,0,1,1,0,Investor-State Vignette|Investor-Investor Vignette,370,5,Claimant,Parties,5,0,0,1,1
R_2QXJhbrCGdZLUqF,10/27/2015 13:49,10/27/2015 13:50,0,Blind,a middle income economy,a middle income economy,Claimant without legal merit,0,.,Fortune 500 company,modest but growing local company in an emerging economy country,by majority,"agreed on an independent expert randomly selected from a pool of qualified experts who calculated damages for US$2,034,040.00.",1,NA,NA,NA,NA,NA,NA,NA,NA,NA,NA,NA,NA,NA,NA,NA,NA,NA,NA,NA,NA,NA,NA,NA,NA,NA,NA,NA,NA,NA,NA,NA,NA,NA,NA,NA,NA,NA,NA,NA,NA,NA,NA,NA,NA,Investor-Investor Vignette|Investor-State Vignette,371,NA,Respondent,Blind,NA,NA,NA,NA,NA
R_2qwtjQsv3PkHKUP,10/23/2015 16:02,10/23/2015 16:10,1,Respondent,a middle income economy,a middle income economy,Outside jurisdiction,0,by the respondent.,modest but growing local company in an emerging economy country,Fortune 500 company,unanimously,"each presented equally credible witnesses. The claimant’s expert calculated damages for US$4,002,100.00. The respondent’s expert calculated damages for US$1,059,307.00.",1,1,51,0,0,1,0,0,NA,NA,NA,NA,NA,NA,1,4200210,100,0,0,0,0,1,NA,NA,NA,NA,NA,NA,1,0,1,1,1,0,0,0,0,1,Private,JD,1,0,1,0,1,Investor-State Vignette|Investor-Investor Vignette,372,3,Respondent,Appointed by Winner,3,1,0,0,0
R_2QKXdw7uQcGYAGy,11/18/2015 6:13,11/18/2015 6:21,1,Blind,a middle income economy,a middle income economy,Claimant without legal merit,1,.,Fortune 500 company,Fortune 500 company,unanimously,"each presented equally credible witnesses. The claimant’s expert calculated damages for US$4,002,100.00. The respondent’s expert calculated damages for US$1,059,307.00.",1,1,0,1,0,0,0,0,0,0,0,0,1,"The claim was manifestly without any legal merits, so the Claimant should never have started the proceedings in the first place.",1,2000000,75,NA,NA,NA,NA,NA,0,1,0,0,0,The Respondent lost on the merits but wins partially on the damages.,1,0,1,0,0,1,1,0,0,0,Private,NA,1,0,1,0,1,Investor-Investor Vignette|Investor-State Vignette,375,1,Respondent,Blind,5,0,0,1,1
R_2qkONCDHDVDVmc1,10/27/2015 12:53,10/27/2015 13:02,1,Respondent,a high income economy,a low income economy,Claimant without legal merit,1,by the respondent.,Fortune 500 company,modest but growing local company in an emerging economy country,by majority,"each presented equally credible witnesses. The claimant’s expert calculated damages for US$4,002,100.00. The respondent’s expert calculated damages for US$1,059,307.00.",1,1,0,1,0,0,0,0,0,0,0,0,1,"If claims are completely without merit, full liability for the costs of the other party should be clear.",1,1500000,70,NA,NA,NA,NA,NA,0,1,0,0,0,"The claimant has been successful with the ground of liability but not with the quantum issue. An essential question would also be what has been the amount of claimant's claim for damages. If it was truly excessive (like 10,000,000), the outcome might be different but assuming that it has been close to estimation provided by claimant's expert, I would consider it fair that the respondent carries the main responsibility for costs.",1,1,0,0,0,1,0,1,0,0,Academic,Doctorate,1,0,1,0,1,Investor-Investor Vignette|Investor-State Vignette,376,1,Respondent,Appointed by Winner,5,0,0,1,1
R_2qjYnQLqpol0vEQ,10/27/2015 20:38,10/27/2015 21:02,1,Respondent,a high income economy,a middle income economy,Outside jurisdiction,0,by the respondent.,Fortune 500 company,modest but growing local company in an emerging economy country,by majority,"agreed on an independent expert randomly selected from a pool of qualified experts who calculated damages for US$2,034,040.00.",1,1,50,0,0,1,0,0,NA,NA,NA,NA,NA,"Again, the award of legal and arbitration fees and expenses would be governed by the arbitration agreement and rules and the applicable law.  Although the parties presented and arbitrated the merits of their dispute, the arbitral decision was to decline jurisdiction and not to rule on the merits.  Under the circumstances, and under the arbitration priniciple of fair and just determination and award, equal allocation of the arbitration fees and expenses and each party's responsibility for its own legal fees and costs best accords with that principle and the ruling in this case.",1,2034040,75,NA,NA,NA,NA,NA,1,0,0,0,0,"The arbitration agreement and the applicable law govern the award of attorney's fees and costs and arbitration fees and costs to the prevailing party.  Absent restriction of or conditions on the arbitrators' determination and award of legal fees and costs and arbitration fees and costs, each party can reasonably foresee the risk of liability for the opponent's reasonable legal fees and costs and the arbitration fees and costs if that party loses.  Some reduction of the award of arbitration fees and costs is made in deference to the arbitration principle favoring each party's right to its day in court.",1,1,0,1,1,0,0,0,0,1,Private,JD,1,0,1,0,1,Investor-Investor Vignette|Investor-State Vignette,377,3,Respondent,Appointed by Winner,3,1,0,0,0
R_2pYmBMUTtNguzhP,10/27/2015 14:50,10/27/2015 14:54,0,Respondent,a high income economy,a middle income economy,Claimant wins,1,by the respondent.,modest but growing local company in an emerging economy country,modest but growing local company in an emerging economy country,by majority,"agreed on an independent expert randomly selected from a pool of qualified experts who calculated damages for US$2,034,040.00.",1,NA,NA,NA,NA,NA,NA,NA,NA,NA,NA,NA,NA,NA,NA,NA,NA,NA,NA,NA,NA,NA,NA,NA,NA,NA,NA,NA,NA,NA,NA,NA,NA,NA,NA,NA,NA,NA,NA,NA,NA,NA,NA,NA,NA,Investor-State Vignette|Investor-Investor Vignette,379,NA,Claimant,Appointed by Loser,NA,NA,NA,NA,NA
R_2PBiTje7crmPJxJ,10/29/2015 1:59,10/29/2015 2:09,1,Parties,a middle income economy,a middle income economy,Claimant wins,1,by the parties.,modest but growing local company in an emerging economy country,Fortune 500 company,by majority,"agreed on an independent expert randomly selected from a pool of qualified experts who calculated damages for US$2,034,040.00.",1,1,50,0,0,0,0,1,1,0,0,0,0,Winner should get his costs arbitration costs should be split,1,2034040,100,0,0,1,0,0,NA,NA,NA,NA,NA,Winner should win. Process was consensual and inclusive. Therefore both should bear their own costs,1,1,0,0,1,0,1,0,0,0,Private,NA,1,0,1,0,1,Investor-Investor Vignette|Investor-State Vignette,382,5,Claimant,Parties,5,0,0,1,1
R_2P7OBmNaPy1HTmS,10/24/2015 8:38,10/24/2015 8:42,1,Blind,a middle income economy,a low income economy,Outside jurisdiction,1,.,modest but growing local company in an emerging economy country,Fortune 500 company,unanimously,"agreed on an independent expert randomly selected from a pool of qualified experts who calculated damages for US$2,034,040.00.",1,1,-99,0,0,1,0,0,0,0,1,0,0,NA,1,2034040,-99,0,0,1,0,0,NA,NA,NA,NA,NA,NA,1,1,0,NA,NA,NA,1,0,0,0,Private,Doctorate,1,0,1,0,1,Investor-Investor Vignette|Investor-State Vignette,383,3,Respondent,Blind,3,1,0,0,0
R_2OGT6QrtlBhLjgl,10/27/2015 14:26,10/27/2015 17:04,0,Parties,a high income economy,a middle income economy,Respondent wins,0,by the parties.,Fortune 500 company,Fortune 500 company,unanimously,"agreed on an independent expert randomly selected from a pool of qualified experts who calculated damages for US$2,034,040.00.",1,NA,NA,NA,NA,NA,NA,NA,NA,NA,NA,NA,NA,NA,NA,NA,NA,NA,NA,NA,NA,NA,NA,NA,NA,NA,NA,NA,NA,NA,NA,NA,NA,NA,NA,NA,NA,NA,NA,NA,NA,NA,NA,NA,NA,Investor-Investor Vignette|Investor-State Vignette,387,NA,Respondent,Parties,NA,NA,NA,NA,NA
R_2fjHoWVOmhuH2T1,10/27/2015 12:53,10/27/2015 12:53,0,Parties,a middle income economy,a middle income economy,Respondent wins,1,by the parties.,modest but growing local company in an emerging economy country,modest but growing local company in an emerging economy country,by majority,"each presented equally credible witnesses. The claimant’s expert calculated damages for US$4,002,100.00. The respondent’s expert calculated damages for US$1,059,307.00.",1,NA,NA,NA,NA,NA,NA,NA,NA,NA,NA,NA,NA,NA,NA,NA,NA,NA,NA,NA,NA,NA,NA,NA,NA,NA,NA,NA,NA,NA,NA,NA,NA,NA,NA,NA,NA,NA,NA,NA,NA,NA,NA,NA,NA,Investor-Investor Vignette|Investor-State Vignette,389,NA,Respondent,Parties,NA,NA,NA,NA,NA
R_2fGP657r9xsXFqd,10/26/2015 11:00,10/26/2015 11:13,1,Respondent,a high income economy,a low income economy,Claimant without legal merit,1,by the respondent.,modest but growing local company in an emerging economy country,Fortune 500 company,unanimously,"agreed on an independent expert randomly selected from a pool of qualified experts who calculated damages for US$2,034,040.00.",1,1,0,1,0,0,0,0,0,0,0,0,1,Being the claim without merit there is no reson why the respondnt should bear any part of the costs,1,2000000,99,0,0,0,0,1,NA,NA,NA,NA,NA,The losing party should bear the costs,1,1,0,0,0,1,1,0,0,0,Private,Bachelor's,1,0,1,0,1,Investor-State Vignette|Investor-Investor Vignette,390,1,Respondent,Appointed by Winner,5,0,0,1,1
R_2f10GjaSxTPYNOL,10/27/2015 13:44,10/27/2015 13:56,1,Parties,a high income economy,a middle income economy,Respondent wins,0,by the parties.,Fortune 500 company,Fortune 500 company,by majority,"agreed on an independent expert randomly selected from a pool of qualified experts who calculated damages for US$2,034,040.00.",1,1,0,1,0,0,0,0,NA,NA,NA,NA,NA,"Costs of the arbitration, including the legal costs of the successful respondent, should follow the event.  As the Claimant lost, the claimant is responsible for the costs of the arbitration, including legal fees of the Respondent.",1,2034040,100,NA,NA,NA,NA,NA,1,0,0,0,0,"In my view, the costs of the arbitration, including the legal fees of the successful party, should be born by the losing party.  Costs follow the event.",1,1,0,0,1,0,1,0,0,0,Private,Bachelor's,1,0,1,1,0,Investor-Investor Vignette|Investor-State Vignette,392,1,Respondent,Parties,5,0,0,1,1
R_2E0MZsHIBMraSj8,10/23/2015 18:49,10/23/2015 19:06,0,Claimant,a middle income economy,a low income economy,Claimant without legal merit,0,by the claimant.,Fortune 500 company,Fortune 500 company,by majority,"each presented equally credible witnesses. The claimant’s expert calculated damages for US$4,002,100.00. The respondent’s expert calculated damages for US$1,059,307.00.",1,NA,NA,NA,NA,NA,NA,NA,NA,NA,NA,NA,NA,NA,NA,NA,NA,NA,NA,NA,NA,NA,NA,NA,NA,NA,NA,NA,NA,NA,NA,NA,NA,NA,NA,NA,NA,NA,NA,NA,NA,NA,NA,NA,NA,Investor-Investor Vignette|Investor-State Vignette,394,NA,Respondent,Appointed by Loser,NA,NA,NA,NA,NA
R_2dZ91gbnVp2XxG6,10/28/2015 1:13,10/28/2015 1:14,1,Parties,a high income economy,a low income economy,Claimant wins,0,by the parties.,modest but growing local company in an emerging economy country,Fortune 500 company,unanimously,"agreed on an independent expert randomly selected from a pool of qualified experts who calculated damages for US$2,034,040.00.",1,1,-99,-99,-99,-99,-99,-99,NA,NA,NA,NA,NA,NA,1,NA,-99,NA,NA,NA,NA,NA,-99,-99,-99,-99,-99,NA,1,NA,NA,NA,NA,NA,NA,NA,NA,NA,NA,NA,NA,-99,-99,NA,-99,Investor-Investor Vignette|Investor-State Vignette,395,NA,Claimant,Parties,NA,NA,NA,NA,NA
R_2dXD2P1egJ1l2YR,10/29/2015 7:33,10/29/2015 7:38,1,Blind,a middle income economy,a low income economy,Claimant wins,0,.,modest but growing local company in an emerging economy country,Fortune 500 company,unanimously,"each presented equally credible witnesses. The claimant’s expert calculated damages for US$4,002,100.00. The respondent’s expert calculated damages for US$1,059,307.00.",1,1,50,0,0,1,0,0,NA,NA,NA,NA,NA,NA,1,NA,-99,NA,NA,NA,NA,NA,-99,-99,-99,-99,-99,NA,1,1,0,0,0,1,0,0,1,0,Public,Doctorate,1,0,1,1,0,Investor-Investor Vignette|Investor-State Vignette,396,3,Claimant,Blind,3,1,0,0,0
R_2DTUu9zW9MgQNXx,10/23/2015 16:04,10/23/2015 16:16,1,Claimant,a high income economy,a middle income economy,Respondent wins,1,by the claimant.,Fortune 500 company,Fortune 500 company,by majority,"each presented equally credible witnesses. The claimant’s expert calculated damages for US$4,002,100.00. The respondent’s expert calculated damages for US$1,059,307.00.",1,1,0,0,1,0,0,0,0,0,0,1,0,Please see my earlier response - the same principles apply.,1,-88,100,0,0,0,1,0,NA,NA,NA,NA,NA,"Unless the arbitration agreement deals with the issue of costs, including the expenses of the arbitrators, the ICC and the legal costs, I submit that costs follow the event and therefore the successful party should be reimbursed by the respondent for reasonable fees and disbursements by the unsuccessful party.",1,1,0,0,1,0,1,0,0,0,Private,Master's,1,1,0,0,1,Investor-Investor Vignette|Investor-State Vignette,398,2,Respondent,Appointed by Loser,4,0,1,0,1
R_2dnBFCERw7kmeln,10/23/2015 17:46,10/23/2015 17:49,0,Blind,a high income economy,a low income economy,Outside jurisdiction,0,.,modest but growing local company in an emerging economy country,modest but growing local company in an emerging economy country,by majority,"each presented equally credible witnesses. The claimant’s expert calculated damages for US$4,002,100.00. The respondent’s expert calculated damages for US$1,059,307.00.",1,NA,NA,NA,NA,NA,NA,NA,NA,NA,NA,NA,NA,NA,NA,NA,NA,NA,NA,NA,NA,NA,NA,NA,NA,NA,NA,NA,NA,NA,NA,NA,NA,NA,NA,NA,NA,NA,NA,NA,NA,NA,NA,NA,NA,Investor-State Vignette|Investor-Investor Vignette,399,NA,Respondent,Blind,NA,NA,NA,NA,NA
R_2dK0EPKOnWZNfJj,12/9/2015 5:05,12/9/2015 5:15,1,Claimant,a middle income economy,a middle income economy,Claimant without legal merit,1,by the claimant.,modest but growing local company in an emerging economy country,modest but growing local company in an emerging economy country,by majority,"agreed on an independent expert randomly selected from a pool of qualified experts who calculated damages for US$2,034,040.00.",1,1,0,1,0,0,0,0,0,0,0,0,1,If the Claimant's' claim was entirely without merit it should never have been brought. the respondent should not have to bear any costs associated with defening the claims. Although there may be a public interest in having an ICSID procedure (and the hos state maight make savings in not having to bear the 'cost' of its own legal system burdened with eharing the dispute) at the end of the day unmeritorious claims should be discouraged.,1,2034040,100,0,0,0,0,1,NA,NA,NA,NA,NA,"Costs should follow the event.The Claimant succeeded on merits and in establishing quantum. of the face f it, it is entitled to costs. The sceanrio si silent as to whether the claimant's quantum claims grossly exceeded the amount foudn by the independent expert. If it did, and this prolonged the dispute/made it more complex, then a reduced percentage of costs might be appropriate.",1,0,1,0,1,0,1,0,0,0,Private,Master's,1,0,1,0,1,Investor-State Vignette|Investor-Investor Vignette,400,1,Respondent,Appointed by Loser,5,0,0,1,1
R_2dhjrUbBgdHysNa,10/28/2015 16:41,10/28/2015 16:51,1,Respondent,a middle income economy,a middle income economy,Outside jurisdiction,0,by the respondent.,Fortune 500 company,Fortune 500 company,by majority,"agreed on an independent expert randomly selected from a pool of qualified experts who calculated damages for US$2,034,040.00.",1,1,-99,0,0,1,0,0,NA,NA,NA,NA,NA,OI practice under the American rule.  No reason to shift is presented by the facts.,1,2034040,100,0,0,1,0,0,NA,NA,NA,NA,NA,"Same as before. American rule dictate each side bears its,own fees unless a contract or statute provides otherwise.  Shifting expenses of the tribunal is a matter of equity.   /  / You should be aware that I do mot know the rules or practices of the ICC and have never comducted an ICC arbitration.",1,1,0,1,1,0,1,0,0,0,Private,NA,1,0,1,0,1,Investor-State Vignette|Investor-Investor Vignette,401,3,Respondent,Appointed by Winner,3,1,0,0,0
R_2dGbJAsQ1ln1Sr2,10/23/2015 16:56,10/23/2015 16:57,0,Respondent,a middle income economy,a middle income economy,Claimant without legal merit,0,by the respondent.,modest but growing local company in an emerging economy country,Fortune 500 company,unanimously,"each presented equally credible witnesses. The claimant’s expert calculated damages for US$4,002,100.00. The respondent’s expert calculated damages for US$1,059,307.00.",1,NA,NA,NA,NA,NA,NA,NA,NA,NA,NA,NA,NA,NA,NA,NA,NA,NA,NA,NA,NA,NA,NA,NA,NA,NA,NA,NA,NA,NA,NA,NA,NA,NA,NA,NA,NA,NA,NA,NA,NA,NA,NA,NA,NA,Investor-State Vignette|Investor-Investor Vignette,402,NA,Respondent,Appointed by Winner,NA,NA,NA,NA,NA
R_2CIKpqJeJSMbvOw,10/23/2015 16:23,10/23/2015 16:34,1,Parties,a middle income economy,a low income economy,Outside jurisdiction,1,by the parties.,modest but growing local company in an emerging economy country,modest but growing local company in an emerging economy country,by majority,"agreed on an independent expert randomly selected from a pool of qualified experts who calculated damages for US$2,034,040.00.",1,1,0,1,0,0,0,0,0,0,0,0,1,"Claimant, rather than Respondent, should bear all the consequences of filing a claim before a tribunal which had no jurisdiction to decide the case.",1,2034040,100,NA,NA,NA,NA,NA,1,0,0,0,0,"Assuming the independently appointed expert accurately and fairly measured the damages suffered by the Claimant, it is only fair to compensate Claimant in full, including the costs of the arbitration, for the damage it suffered as a result of Respondent´s breach of contract.",1,1,0,1,1,1,0,1,0,0,Academic,Doctorate,1,0,1,1,0,Investor-Investor Vignette|Investor-State Vignette,405,1,Respondent,Parties,5,0,0,1,1
R_2CDt5fYvaF3aQcl,10/27/2015 13:19,10/27/2015 14:46,0,Parties,a middle income economy,a low income economy,Claimant without legal merit,0,by the parties.,modest but growing local company in an emerging economy country,modest but growing local company in an emerging economy country,unanimously,"each presented equally credible witnesses. The claimant’s expert calculated damages for US$4,002,100.00. The respondent’s expert calculated damages for US$1,059,307.00.",1,1,0,0,0,1,0,0,NA,NA,NA,NA,NA,"ICSID has an established  practice or tradition by which each party bears its costs and 1/2 of the costs of ICSID. This is a sensible approach in circumstances where not all of parties come from the common law jurisdiction where the parties might expect the 'loser pays' principle to apply.  /  / This has been changing in recent years and a loser pays trend is emerging in ICSID cases, although not yet firmly established.  Considering the preliminary outcome of the case, it is appropriate  that the claimant should be responsible for the costs of the Centre which would not have been incurred but for a claim that was clearly lacking in any merit.   /  / However, the conduct of both  parties being professional and ethical, does not suggest that the normal practice in relation to the responsibility for legal costs should be displaced.",NA,NA,NA,NA,NA,NA,NA,NA,NA,NA,NA,NA,NA,NA,NA,NA,NA,NA,NA,NA,NA,NA,NA,NA,NA,NA,NA,NA,NA,NA,NA,Investor-State Vignette|Investor-Investor Vignette,407,3,Respondent,Parties,3,1,0,0,0
R_2CDOOEpNxi01tZK,10/26/2015 11:23,10/26/2015 11:32,0,Claimant,a high income economy,a low income economy,Claimant without legal merit,1,by the claimant.,modest but growing local company in an emerging economy country,modest but growing local company in an emerging economy country,by majority,"each presented equally credible witnesses. The claimant’s expert calculated damages for US$4,002,100.00. The respondent’s expert calculated damages for US$1,059,307.00.",1,1,-99,0,1,0,0,0,0,0,0,1,0,Area of cost discretion should be part of submission to arbitration,1,NA,-99,-99,-99,-99,-99,-99,NA,NA,NA,NA,NA,NA,NA,NA,NA,NA,NA,NA,NA,NA,NA,NA,NA,NA,NA,NA,NA,NA,NA,Investor-State Vignette|Investor-Investor Vignette,408,2,Respondent,Appointed by Loser,4,0,1,0,1
R_2CCDRkeT4RoEYpB,10/27/2015 18:10,10/27/2015 18:18,1,Parties,a middle income economy,a middle income economy,Respondent wins,0,by the parties.,Fortune 500 company,modest but growing local company in an emerging economy country,by majority,"each presented equally credible witnesses. The claimant’s expert calculated damages for US$4,002,100.00. The respondent’s expert calculated damages for US$1,059,307.00.",1,1,50,0,0,1,0,0,NA,NA,NA,NA,NA,"If they had no provisions in their contracts for the allocation of fees and expenses, including tribunal costs, then each party bears its own risks and rewards.",1,2000000,60,NA,NA,NA,NA,NA,0,0,1,0,0,"If the parties have no contractual provision for their expenses, they should bear their own attorney fees and costs- they could have negotiated a different arrangement in the event of a dispute at the time of contracting. Because a member of the tribunal wants to compromise the allocations, the costs of arbitration are weighted more heavily in favor of the victor.",1,0,1,1,1,0,1,0,0,0,Private,NA,NA,0,1,1,0,Investor-State Vignette|Investor-Investor Vignette,409,3,Respondent,Parties,3,1,0,0,0
R_2CBOIfPllOMVBZN,11/3/2015 8:53,11/3/2015 9:05,1,Blind,a high income economy,a middle income economy,Claimant wins,1,.,Fortune 500 company,modest but growing local company in an emerging economy country,by majority,"agreed on an independent expert randomly selected from a pool of qualified experts who calculated damages for US$2,034,040.00.",1,1,-99,-99,-99,-99,-99,-99,-99,-99,-99,-99,-99,NA,1,2034040,100,0,0,0,0,1,NA,NA,NA,NA,NA,"According to the facts, the Tribunal found that Respondent breached the Contract; Claimant should therefore be awarded with the amount that was determined by the Independent expert.  /  / As to the allcoation of costs: Costs follow the event - both Parties / representatives behaved properly, there is also no indication that the legal fees were extaordinary high etc. Consequently, Respondent should pay for Claimant's costs incurred.",1,0,1,0,0,1,1,0,0,0,Private,Doctorate,1,0,1,0,1,Investor-Investor Vignette|Investor-State Vignette,410,NA,Claimant,Blind,NA,NA,NA,NA,NA
R_2c7mE2xrIEqOKcr,10/23/2015 22:51,10/23/2015 22:52,0,Blind,a middle income economy,a low income economy,Claimant without legal merit,1,.,Fortune 500 company,modest but growing local company in an emerging economy country,by majority,"agreed on an independent expert randomly selected from a pool of qualified experts who calculated damages for US$2,034,040.00.",1,NA,NA,NA,NA,NA,NA,NA,NA,NA,NA,NA,NA,NA,NA,NA,NA,NA,NA,NA,NA,NA,NA,NA,NA,NA,NA,NA,NA,NA,NA,NA,NA,NA,NA,NA,NA,NA,NA,NA,NA,NA,NA,NA,NA,Investor-Investor Vignette|Investor-State Vignette,411,NA,Respondent,Blind,NA,NA,NA,NA,NA
R_2BrBXH2WnamrwRm,11/1/2015 2:02,11/1/2015 2:15,1,Parties,a high income economy,a low income economy,Outside jurisdiction,0,by the parties.,Fortune 500 company,Fortune 500 company,unanimously,"agreed on an independent expert randomly selected from a pool of qualified experts who calculated damages for US$2,034,040.00.",1,1,50,0,0,1,0,0,NA,NA,NA,NA,NA,"When a claimant goes to arbitration, it takes a risk and the respodent h",1,NA,-99,0,0,1,0,0,NA,NA,NA,NA,NA,The claimant takes a risk while the respodent has no choice but defending its position. Each party has to take its part of risk until the end.,1,1,0,0,0,1,0,0,0,1,Private,Doctor,1,0,1,0,1,Investor-State Vignette|Investor-Investor Vignette,413,3,Respondent,Parties,3,1,0,0,0
R_2Bm68jyWSw1pGzD,10/24/2015 4:41,10/24/2015 4:50,0,Claimant,a middle income economy,a middle income economy,Claimant without legal merit,1,by the claimant.,Fortune 500 company,Fortune 500 company,unanimously,"each presented equally credible witnesses. The claimant’s expert calculated damages for US$4,002,100.00. The respondent’s expert calculated damages for US$1,059,307.00.",1,NA,NA,NA,NA,NA,NA,NA,NA,NA,NA,NA,NA,NA,NA,NA,NA,NA,NA,NA,NA,NA,NA,NA,NA,NA,NA,NA,NA,NA,NA,NA,NA,NA,NA,NA,NA,NA,NA,NA,NA,NA,NA,NA,NA,Investor-Investor Vignette|Investor-State Vignette,415,NA,Respondent,Appointed by Loser,NA,NA,NA,NA,NA
R_2bHPs0XksCX9qR2,10/27/2015 15:21,10/27/2015 15:30,1,Claimant,a middle income economy,a middle income economy,Respondent wins,0,by the claimant.,Fortune 500 company,Fortune 500 company,unanimously,"agreed on an independent expert randomly selected from a pool of qualified experts who calculated damages for US$2,034,040.00.",1,1,0,1,0,0,0,0,NA,NA,NA,NA,NA,NA,1,2034040,-99,-99,-99,-99,-99,-99,NA,NA,NA,NA,NA,"I cannot answer the above question because the facts do not say which amounts claimaint actually claimed. This I, howevber, would need to apply the cost follows the event principle.",1,1,0,0,0,1,1,0,0,0,Private,JD,1,0,1,0,1,Investor-Investor Vignette|Investor-State Vignette,416,1,Respondent,Appointed by Loser,5,0,0,1,1
R_2BfYyVYBVqvmHvI,10/23/2015 18:46,10/23/2015 18:46,0,Parties,a high income economy,a low income economy,Outside jurisdiction,0,by the parties.,Fortune 500 company,modest but growing local company in an emerging economy country,by majority,"each presented equally credible witnesses. The claimant’s expert calculated damages for US$4,002,100.00. The respondent’s expert calculated damages for US$1,059,307.00.",1,NA,NA,NA,NA,NA,NA,NA,NA,NA,NA,NA,NA,NA,NA,NA,NA,NA,NA,NA,NA,NA,NA,NA,NA,NA,NA,NA,NA,NA,NA,NA,NA,NA,NA,NA,NA,NA,NA,NA,NA,NA,NA,NA,NA,Investor-Investor Vignette|Investor-State Vignette,417,NA,Respondent,Parties,NA,NA,NA,NA,NA
R_2B8OSPhkev12scp,10/24/2015 0:46,10/24/2015 0:47,0,Respondent,a middle income economy,a low income economy,Claimant wins,0,by the respondent.,Fortune 500 company,modest but growing local company in an emerging economy country,unanimously,"each presented equally credible witnesses. The claimant’s expert calculated damages for US$4,002,100.00. The respondent’s expert calculated damages for US$1,059,307.00.",1,NA,NA,NA,NA,NA,NA,NA,NA,NA,NA,NA,NA,NA,NA,NA,NA,NA,NA,NA,NA,NA,NA,NA,NA,NA,NA,NA,NA,NA,NA,NA,NA,NA,NA,NA,NA,NA,NA,NA,NA,NA,NA,NA,NA,Investor-State Vignette|Investor-Investor Vignette,418,NA,Claimant,Appointed by Loser,NA,NA,NA,NA,NA
R_2B8OLs67JGSjfoF,10/29/2015 4:18,11/1/2015 22:13,1,Parties,a high income economy,a low income economy,Outside jurisdiction,1,by the parties.,Fortune 500 company,modest but growing local company in an emerging economy country,unanimously,"each presented equally credible witnesses. The claimant’s expert calculated damages for US$4,002,100.00. The respondent’s expert calculated damages for US$1,059,307.00.",1,1,0,1,0,0,0,0,0,0,0,0,1,The Claimant brought the case which was not within the jurisdiction and so should pay the costs because it has brought a case which was bound to fail,1,1059307,100,NA,NA,NA,NA,NA,0,1,0,0,0,I cannot answer the first question - I would have to decide which expert evidence I found more compelling or whether there were elements of each that led to a conclusion between the two extremes.  On the costs question I would award.  On the question of costs - that again would depend upon whether the Claimant was awarded damages in an amount significantly more than the Respondent's figure - I would award the costs of the liability hearing to be paid by the Respondent and then the quantum hearing would depend upon my decision.,1,1,0,0,1,0,1,0,0,0,Private,Master's,1,0,1,0,1,Investor-State Vignette|Investor-Investor Vignette,419,1,Respondent,Parties,5,0,0,1,1
R_2aVpaqEHKtDoWfs,10/28/2015 12:25,10/28/2015 15:33,1,Claimant,a high income economy,a low income economy,Respondent wins,1,by the claimant.,modest but growing local company in an emerging economy country,Fortune 500 company,unanimously,"agreed on an independent expert randomly selected from a pool of qualified experts who calculated damages for US$2,034,040.00.",1,1,0,1,0,0,0,0,0,0,0,0,1,It is not fair to share costs and expenses when the party wins the dispute.,1,2034040,100,NA,NA,NA,NA,NA,1,0,0,0,0,"According to the ICC Rules, the defeated party must reimburse all the  damages, which include costs and expenses…",1,1,0,0,0,1,1,0,0,0,Private,Doctorate,1,0,1,0,1,Investor-Investor Vignette|Investor-State Vignette,422,1,Respondent,Appointed by Loser,5,0,0,1,1
R_2alZODrJhdH7IIO,10/30/2015 2:11,10/30/2015 2:55,1,Claimant,a middle income economy,a middle income economy,Claimant without legal merit,1,by the claimant.,Fortune 500 company,modest but growing local company in an emerging economy country,by majority,"agreed on an independent expert randomly selected from a pool of qualified experts who calculated damages for US$2,034,040.00.",1,1,0,0,1,0,0,0,0,0,0,1,0,If Claimant' case was really totally unjustified I would award Respondent all its party expenses. In most cases there would be sufficient justification for Claimant's claim to make it seem unfair to make Claimant  responsible for all of Respondent's legal expenses for the same reasons given in the first scenario.,1,2034040,100,NA,NA,NA,NA,NA,1,0,0,0,0,Loser pays legal costs  is most usual rule (outside of the USA) and frequently included in arbitration rules or in procedural rules (at least for court proceedings) at place of arbitration. Obviously if there was any party agreement on the issue in contract that would be ap,1,1,0,1,1,0,1,0,0,0,Private,JD,1,0,1,1,0,Investor-Investor Vignette|Investor-State Vignette,423,2,Respondent,Appointed by Loser,4,0,1,0,1
R_2aDYxdqBmPsYamG,11/16/2015 6:30,11/16/2015 6:39,1,Blind,a middle income economy,a low income economy,Claimant without legal merit,0,.,Fortune 500 company,modest but growing local company in an emerging economy country,unanimously,"agreed on an independent expert randomly selected from a pool of qualified experts who calculated damages for US$2,034,040.00.",1,1,-99,0,1,0,0,0,NA,NA,NA,NA,NA,"It depends on all the facts. Since the case was rejected because of manifest lack of legal merit, the Claimant should reimburse part of the Respondent's expenses but probably not all, unless there are very special circumstances.",1,1500000,-99,0,0,1,0,0,NA,NA,NA,NA,NA,"Damages calculations by experts tend to overstate damages. As to costs, given that the Claimant is a big company and the respondent a modest one, each party should bear its own expenses.",1,1,0,0,0,1,0,1,0,0,Academic,Master's,1,0,1,1,0,Investor-Investor Vignette|Investor-State Vignette,424,2,Respondent,Blind,4,0,1,0,1
R_29fPRdiHUDwHSvt,10/27/2015 12:41,10/27/2015 12:48,1,Respondent,a middle income economy,a low income economy,Respondent wins,1,by the respondent.,modest but growing local company in an emerging economy country,modest but growing local company in an emerging economy country,by majority,"each presented equally credible witnesses. The claimant’s expert calculated damages for US$4,002,100.00. The respondent’s expert calculated damages for US$1,059,307.00.",1,1,0,1,0,0,0,0,0,0,0,0,1,NA,1,1059307,80,0,0,0,1,0,NA,NA,NA,NA,NA,"Claimant won on the merits, but it was not a complete win in terms of damages. Hence some reduction.",1,1,0,0,0,1,1,0,0,0,Private,Doctorate,1,0,1,0,1,Investor-Investor Vignette|Investor-State Vignette,425,1,Respondent,Appointed by Winner,5,0,0,1,1
R_28XKekAkql1f3Zr,10/24/2015 11:05,10/24/2015 11:45,1,Respondent,a high income economy,a low income economy,Outside jurisdiction,0,by the respondent.,modest but growing local company in an emerging economy country,Fortune 500 company,by majority,"each presented equally credible witnesses. The claimant’s expert calculated damages for US$4,002,100.00. The respondent’s expert calculated damages for US$1,059,307.00.",1,1,2,1,0,0,0,0,NA,NA,NA,NA,NA,"In my view the Claimant should bear the costs and expenses involved because it was the party who dragged the Respondent into such costly proceedings, failed for the lack of jurisdiction. Otherwise the Respondent will be penalized for no fault on its part, no matter how insignificant the amount might be.",1,-88,-99,NA,NA,NA,NA,NA,0,1,0,0,0,"I think quantifying the damages has to be carried out by the Arbitrator after evaluating the damages itself and it should not decide the amount haphazardly. /  / Although I have favored the reimbursement of some of the costs and expenses of the Claimant, here too I am of the opinion that certain facts and factors must be considered, such as whether the Respondent acted irresponsibly and unreasonable by refusing the payment of damages; how unreasonable it was in its approaches to the claim and, on the other hand, whether the Claimant was reasonable in its claim for expenses and costs etc... /",1,1,0,0,0,1,1,0,0,0,Private,Doctorate,1,0,1,1,0,Investor-Investor Vignette|Investor-State Vignette,426,1,Respondent,Appointed by Winner,5,0,0,1,1
R_28FzCiqG5z086dr,10/27/2015 13:36,10/27/2015 22:42,1,Blind,a middle income economy,a low income economy,Respondent wins,1,.,Fortune 500 company,Fortune 500 company,unanimously,"agreed on an independent expert randomly selected from a pool of qualified experts who calculated damages for US$2,034,040.00.",1,1,-99,0,0,1,0,0,0,0,1,0,0,"If the claim had a good faith and objective basis, and the defense was in good faith and had an objective basis, the costs and fees should be borne by both sides.",1,2034040,-99,NA,NA,NA,NA,NA,0,0,1,0,0,There is no basis in the facts for anything other than accepting the experts analysis.  If each side had a good faith belief  and an objective basis for its position each party should bear its own expenses.,1,1,0,1,1,0,1,0,0,0,Private,JD,1,0,1,0,1,Investor-State Vignette|Investor-Investor Vignette,427,3,Respondent,Blind,3,1,0,0,0
R_28CduYa7l1pP3UE,10/25/2015 7:56,10/25/2015 7:59,0,Claimant,a high income economy,a low income economy,Claimant without legal merit,1,by the claimant.,modest but growing local company in an emerging economy country,modest but growing local company in an emerging economy country,by majority,"each presented equally credible witnesses. The claimant’s expert calculated damages for US$4,002,100.00. The respondent’s expert calculated damages for US$1,059,307.00.",1,NA,NA,NA,NA,NA,NA,NA,NA,NA,NA,NA,NA,NA,NA,NA,NA,NA,NA,NA,NA,NA,NA,NA,NA,NA,NA,NA,NA,NA,NA,NA,NA,NA,NA,NA,NA,NA,NA,NA,NA,NA,NA,NA,NA,Investor-Investor Vignette|Investor-State Vignette,428,NA,Respondent,Appointed by Loser,NA,NA,NA,NA,NA
R_27U4uGF1XYbl8sv,10/27/2015 3:29,10/27/2015 3:42,0,Claimant,a high income economy,a middle income economy,Claimant without legal merit,0,by the claimant.,modest but growing local company in an emerging economy country,modest but growing local company in an emerging economy country,by majority,"agreed on an independent expert randomly selected from a pool of qualified experts who calculated damages for US$2,034,040.00.",1,NA,NA,NA,NA,NA,NA,NA,NA,NA,NA,NA,NA,NA,NA,NA,NA,NA,NA,NA,NA,NA,NA,NA,NA,NA,NA,NA,NA,NA,NA,NA,NA,NA,NA,NA,NA,NA,NA,NA,NA,NA,NA,NA,NA,Investor-State Vignette|Investor-Investor Vignette,429,NA,Respondent,Appointed by Loser,NA,NA,NA,NA,NA
R_27KEu5gG9tEV9dJ,10/23/2015 22:54,10/23/2015 22:55,0,Claimant,a middle income economy,a middle income economy,Claimant without legal merit,0,by the claimant.,Fortune 500 company,modest but growing local company in an emerging economy country,unanimously,"agreed on an independent expert randomly selected from a pool of qualified experts who calculated damages for US$2,034,040.00.",1,NA,NA,NA,NA,NA,NA,NA,NA,NA,NA,NA,NA,NA,NA,NA,NA,NA,NA,NA,NA,NA,NA,NA,NA,NA,NA,NA,NA,NA,NA,NA,NA,NA,NA,NA,NA,NA,NA,NA,NA,NA,NA,NA,NA,Investor-State Vignette|Investor-Investor Vignette,431,NA,Respondent,Appointed by Loser,NA,NA,NA,NA,NA
R_27ahewejy3s2nsh,11/3/2015 4:53,11/3/2015 5:14,1,Blind,a middle income economy,a low income economy,Respondent wins,1,.,modest but growing local company in an emerging economy country,modest but growing local company in an emerging economy country,by majority,"each presented equally credible witnesses. The claimant’s expert calculated damages for US$4,002,100.00. The respondent’s expert calculated damages for US$1,059,307.00.",1,1,19,0,1,0,0,0,0,0,0,1,0,"The findings of the tribunal are unanimous. Claimant is 100% wrong on the merits. But again, I do not know much from the case description why Claimant was wrong, was it a question of law or evidence or both?",1,-88,80,NA,NA,NA,NA,NA,-99,-99,-99,-99,-99,"Again, it is not possible to answer on the basis of your hypothesis. Much depends on why the dispute had to be resolved through arbitration, e.g. was it a question of law that had to be decided because there was no precedent in the law applicable. If so, a split of the costs in equal parts could be justified. If on the other hand the law was clear but evidence not, the losing party should pay most of the costs or all of the costs. Further, the parties' conduct during the arbitration also counts; where both behaved in a constructive way I would lean to splitting the costs compared to a situation where one party behaved correctly and constructively and the other not.",1,1,0,0,0,1,1,0,0,0,Private,JD,1,0,1,1,0,Investor-Investor Vignette|Investor-State Vignette,433,2,Respondent,Blind,4,0,1,0,1
R_274pYQQlDkMxnPM,10/23/2015 17:53,10/23/2015 17:54,0,Blind,a high income economy,a low income economy,Claimant without legal merit,0,.,Fortune 500 company,Fortune 500 company,unanimously,"agreed on an independent expert randomly selected from a pool of qualified experts who calculated damages for US$2,034,040.00.",1,NA,NA,NA,NA,NA,NA,NA,NA,NA,NA,NA,NA,NA,NA,NA,NA,NA,NA,NA,NA,NA,NA,NA,NA,NA,NA,NA,NA,NA,NA,NA,NA,NA,NA,NA,NA,NA,NA,NA,NA,NA,NA,NA,NA,Investor-Investor Vignette|Investor-State Vignette,434,NA,Respondent,Blind,NA,NA,NA,NA,NA
R_26nGRHhFZbTioYY,10/27/2015 13:06,10/27/2015 13:07,0,Claimant,a high income economy,a middle income economy,Outside jurisdiction,1,by the claimant.,modest but growing local company in an emerging economy country,Fortune 500 company,by majority,"each presented equally credible witnesses. The claimant’s expert calculated damages for US$4,002,100.00. The respondent’s expert calculated damages for US$1,059,307.00.",1,NA,NA,NA,NA,NA,NA,NA,NA,NA,NA,NA,NA,NA,NA,NA,NA,NA,NA,NA,NA,NA,NA,NA,NA,NA,NA,NA,NA,NA,NA,NA,NA,NA,NA,NA,NA,NA,NA,NA,NA,NA,NA,NA,NA,Investor-State Vignette|Investor-Investor Vignette,435,NA,Respondent,Appointed by Loser,NA,NA,NA,NA,NA
R_26kVxeg3nP1qe57,10/27/2015 12:50,10/27/2015 12:52,0,Blind,a high income economy,a low income economy,Outside jurisdiction,0,.,modest but growing local company in an emerging economy country,modest but growing local company in an emerging economy country,by majority,"each presented equally credible witnesses. The claimant’s expert calculated damages for US$4,002,100.00. The respondent’s expert calculated damages for US$1,059,307.00.",1,NA,NA,NA,NA,NA,NA,NA,NA,NA,NA,NA,NA,NA,NA,NA,NA,NA,NA,NA,NA,NA,NA,NA,NA,NA,NA,NA,NA,NA,NA,NA,NA,NA,NA,NA,NA,NA,NA,NA,NA,NA,NA,NA,NA,Investor-Investor Vignette|Investor-State Vignette,437,NA,Respondent,Blind,NA,NA,NA,NA,NA
R_26g82Uqbup0vZaR,10/24/2015 23:02,10/25/2015 0:13,1,Blind,a high income economy,a low income economy,Respondent wins,1,.,Fortune 500 company,modest but growing local company in an emerging economy country,unanimously,"each presented equally credible witnesses. The claimant’s expert calculated damages for US$4,002,100.00. The respondent’s expert calculated damages for US$1,059,307.00.",1,1,0,1,0,0,0,0,0,0,0,0,1,The claimant is the one who initiated the proceeding and according to the tribunal it was with no grounds. The respondent has incurred additional cost due to this . Therefore he should get reimbursed.,1,1500000,100,0,0,0,0,1,NA,NA,NA,NA,NA,"Given that the respondent is the one who breached the contractual terms he should bear the the legal costs. /  / The claimant is a huge company compared to the respondent . Therefore and because there is no explanation on how the damages were calculated , I will stand with the respondent's figure as the 4 million claim might be disproportionate.",1,1,0,0,0,1,0,0,0,1,Private,Master's,1,1,0,0,1,Investor-Investor Vignette|Investor-State Vignette,438,1,Respondent,Blind,5,0,0,1,1
R_26b6nLYt8f4rgZJ,10/27/2015 12:40,10/27/2015 13:00,1,Claimant,a middle income economy,a low income economy,Claimant without legal merit,0,by the claimant.,modest but growing local company in an emerging economy country,Fortune 500 company,unanimously,"agreed on an independent expert randomly selected from a pool of qualified experts who calculated damages for US$2,034,040.00.",1,1,0,1,0,0,0,0,NA,NA,NA,NA,NA,Based on ability to pay and outcome.,1,2034040,80,NA,NA,NA,NA,NA,0,1,0,0,0,"Consistent with allocation of costs in Canadian and other jurisdictions. No full indemnity if the claim is legitimate and the parties conducted themselves well. The arbitral tribunal may take into account such circumstances as it considers relevant, including the extent to which each party has conducted the arbitration in an expeditious and cost-effective manner.",1,1,0,0,1,0,1,0,0,0,Private,Bachelor's,1,0,1,0,1,Investor-State Vignette|Investor-Investor Vignette,439,1,Respondent,Appointed by Loser,5,0,0,1,1
R_25GQXwnDoYJowau,10/27/2015 3:50,10/27/2015 9:19,0,Parties,a high income economy,a low income economy,Claimant wins,0,by the parties.,modest but growing local company in an emerging economy country,Fortune 500 company,unanimously,"each presented equally credible witnesses. The claimant’s expert calculated damages for US$4,002,100.00. The respondent’s expert calculated damages for US$1,059,307.00.",1,1,-99,0,0,1,0,0,NA,NA,NA,NA,NA,NA,NA,NA,NA,NA,NA,NA,NA,NA,NA,NA,NA,NA,NA,NA,NA,NA,NA,NA,NA,NA,NA,NA,NA,NA,NA,NA,NA,NA,NA,NA,NA,Investor-State Vignette|Investor-Investor Vignette,441,3,Claimant,Parties,3,1,0,0,0
R_24k23UD7akNZLLy,10/26/2015 19:37,10/26/2015 19:49,1,Blind,a middle income economy,a middle income economy,Claimant without legal merit,0,.,Fortune 500 company,Fortune 500 company,unanimously,"each presented equally credible witnesses. The claimant’s expert calculated damages for US$4,002,100.00. The respondent’s expert calculated damages for US$1,059,307.00.",1,1,0,1,0,0,0,0,NA,NA,NA,NA,NA,Since the claim brought forward by claimant was without legal merit both costs and expences should be awarded in full to respondent,1,1059407,80,NA,NA,NA,NA,NA,0,1,0,0,0,"The reasoning behind the allocation of damages is based upon the ""fact"" that we have no information that the claimant was able to counter the respondents calculation of damages (only info is both had good witnessess. /  / The alocation of cost is based upon the fact the the contract was breached and respondent liable. The reason for not allocation full cost and legal expenses if the award of ""only"" 1/4 of the claim. Since the case is still ""won"" be claimant both costs and expences should be awarded.",1,1,0,0,0,1,1,0,0,0,Private,Master's,1,0,1,0,1,Investor-Investor Vignette|Investor-State Vignette,443,1,Respondent,Blind,5,0,0,1,1
R_24GexcYEPElY8Gh,10/24/2015 8:06,10/24/2015 8:15,1,Claimant,a high income economy,a low income economy,Outside jurisdiction,1,by the claimant.,Fortune 500 company,Fortune 500 company,by majority,"agreed on an independent expert randomly selected from a pool of qualified experts who calculated damages for US$2,034,040.00.",1,1,24,0,1,0,0,0,0,0,0,1,0,respondent should not bear consequences of a wrong choice by claimant,1,2000000,80,NA,NA,NA,NA,NA,0,0,1,0,0,"assuming damages are found due, the relevant amount being assessed by independed experts should be the basis for the award. Costs should follow the event",1,0,1,0,0,1,1,0,0,0,Private,NA,1,0,1,0,1,Investor-Investor Vignette|Investor-State Vignette,444,2,Respondent,Appointed by Loser,4,0,1,0,1
R_24f4IgMnw5edvtD,10/27/2015 13:01,10/27/2015 13:03,0,Respondent,a high income economy,a middle income economy,Claimant wins,1,by the respondent.,modest but growing local company in an emerging economy country,Fortune 500 company,by majority,"each presented equally credible witnesses. The claimant’s expert calculated damages for US$4,002,100.00. The respondent’s expert calculated damages for US$1,059,307.00.",1,NA,NA,NA,NA,NA,NA,NA,NA,NA,NA,NA,NA,NA,NA,NA,NA,NA,NA,NA,NA,NA,NA,NA,NA,NA,NA,NA,NA,NA,NA,NA,NA,NA,NA,NA,NA,NA,NA,NA,NA,NA,NA,NA,NA,Investor-State Vignette|Investor-Investor Vignette,445,NA,Claimant,Appointed by Loser,NA,NA,NA,NA,NA
R_22POuqkTFufCwkX,10/28/2015 4:55,10/28/2015 4:56,1,Respondent,a middle income economy,a middle income economy,Outside jurisdiction,0,by the respondent.,modest but growing local company in an emerging economy country,Fortune 500 company,by majority,"agreed on an independent expert randomly selected from a pool of qualified experts who calculated damages for US$2,034,040.00.",1,1,-99,-99,-99,-99,-99,-99,NA,NA,NA,NA,NA,NA,1,NA,-99,NA,NA,NA,NA,NA,-99,-99,-99,-99,-99,NA,1,NA,NA,NA,NA,NA,NA,NA,NA,NA,NA,NA,NA,-99,-99,NA,-99,Investor-Investor Vignette|Investor-State Vignette,451,NA,Respondent,Appointed by Winner,NA,NA,NA,NA,NA
R_22MsZroq76Giaga,10/26/2015 8:32,10/26/2015 8:33,0,Parties,a middle income economy,a middle income economy,Outside jurisdiction,0,by the parties.,modest but growing local company in an emerging economy country,Fortune 500 company,by majority,"agreed on an independent expert randomly selected from a pool of qualified experts who calculated damages for US$2,034,040.00.",1,NA,NA,NA,NA,NA,NA,NA,NA,NA,NA,NA,NA,NA,NA,NA,NA,NA,NA,NA,NA,NA,NA,NA,NA,NA,NA,NA,NA,NA,NA,NA,NA,NA,NA,NA,NA,NA,NA,NA,NA,NA,NA,NA,NA,Investor-State Vignette|Investor-Investor Vignette,452,NA,Respondent,Parties,NA,NA,NA,NA,NA
R_21jJCO1CzXvHCNf,10/23/2015 17:34,10/23/2015 17:48,1,Respondent,a middle income economy,a middle income economy,Respondent wins,0,by the respondent.,Fortune 500 company,modest but growing local company in an emerging economy country,unanimously,"each presented equally credible witnesses. The claimant’s expert calculated damages for US$4,002,100.00. The respondent’s expert calculated damages for US$1,059,307.00.",1,1,0,1,0,0,0,0,NA,NA,NA,NA,NA,"Costs follow the event, unless the Respondent unreasonably extended or expanded the issues in dispute in such a way that the tribunal should consider issues based costs orders ( i.e. orders relating to the costs of specific issues because one party had unreasonably litigated a hopeless or unnecessary point , even if that party eventually prevailed on the merits overall). The reason that costs should follow the event is that , as both parties originate from economies of the same level, then it would  be unfair to penalize the Respondent in costs if it had wholly successfully resisted a claim on the merits, and the costs of arbitration are a normal commercial expense which the Claimant's risked in pursuing their commercial objectives. It is not right that the taxpayers of the Respondent nation should subsidise the Claimant.",1,2000000,75,NA,NA,NA,NA,NA,1,0,0,0,0,"The level of damages must surely follow a dispassionate assessment of the expert evidence . With such a wide margin between the experts, it is incredible that the tribunal would find nothing between the parties. Again, I'd repeat my points in the previous answer about the parties conduct and the reasonableness of all the points taken and run in the arbitration. A Fortune 500 company often seeks to overwhelm a less wealthy opponent in arbitrations, and so I suspect I would award a lower percentage of costs than in the prior case to reflect the possible inequality of arms.",1,1,0,0,1,0,1,0,0,0,Private,Master's,1,0,1,0,1,Investor-State Vignette|Investor-Investor Vignette,454,1,Respondent,Appointed by Winner,5,0,0,1,1
R_21Fmw48TsUmY36S,10/28/2015 6:35,10/28/2015 6:52,1,Claimant,a high income economy,a low income economy,Respondent wins,1,by the claimant.,Fortune 500 company,modest but growing local company in an emerging economy country,unanimously,"agreed on an independent expert randomly selected from a pool of qualified experts who calculated damages for US$2,034,040.00.",1,1,20,0,1,0,0,0,0,0,0,1,0,The investment dispute is different from a commercial dispute. Cclearcut cases are very seldom. The claimant was also accused by the Respondent in the case which require defence efforts as well. This is why the Respondent should bear 15-25% of procedural cost and 35-45% of its own cost.,1,2034040,100,0,0,0,0,1,NA,NA,NA,NA,NA,"Pacta sunt servanda. If someone breaches its contractual obligations should bear the consequences. it is a not an excuse if the company is coming from an ""emerging economy country""",1,1,0,0,0,1,1,0,0,0,Private,NA,1,0,1,0,1,Investor-Investor Vignette|Investor-State Vignette,456,2,Respondent,Appointed by Loser,4,0,1,0,1
R_21FleojNji0hXif,10/30/2015 8:33,10/30/2015 8:57,1,Claimant,a high income economy,a middle income economy,Outside jurisdiction,0,by the claimant.,modest but growing local company in an emerging economy country,Fortune 500 company,by majority,"agreed on an independent expert randomly selected from a pool of qualified experts who calculated damages for US$2,034,040.00.",1,1,60,0,0,0,1,0,NA,NA,NA,NA,NA,As the respondent expropriated the claimant's investment he deserves punishment.,1,3000000,80,NA,NA,NA,NA,NA,1,0,0,0,0,The Respondent being a Fortune 500 company has violated the contractual obligations because it think it was a giant and the opposite party cannot turn the table against him.,1,1,0,0,1,0,1,0,0,0,Private,Doctorate,1,1,0,0,1,Investor-State Vignette|Investor-Investor Vignette,457,4,Respondent,Appointed by Loser,2,0,0,0,0
R_21aXI437uaNChes,10/27/2015 13:12,10/27/2015 13:19,0,Blind,a high income economy,a middle income economy,Outside jurisdiction,0,.,modest but growing local company in an emerging economy country,modest but growing local company in an emerging economy country,unanimously,"agreed on an independent expert randomly selected from a pool of qualified experts who calculated damages for US$2,034,040.00.",1,1,0,0,1,0,0,0,NA,NA,NA,NA,NA,NA,1,2034040,71,NA,NA,NA,NA,NA,-99,-99,-99,-99,-99,It all depends on how much the claimant initially claimed.  Not mentioned,NA,NA,NA,NA,NA,NA,NA,NA,NA,NA,NA,NA,NA,NA,NA,NA,NA,Investor-State Vignette|Investor-Investor Vignette,459,2,Respondent,Blind,4,0,1,0,1
R_214xF7JmdnztHfY,10/27/2015 12:47,10/27/2015 13:04,1,Claimant,a middle income economy,a middle income economy,Outside jurisdiction,0,by the claimant.,Fortune 500 company,Fortune 500 company,unanimously,"agreed on an independent expert randomly selected from a pool of qualified experts who calculated damages for US$2,034,040.00.",1,1,0,1,0,0,0,0,NA,NA,NA,NA,NA,"It is for the Claimant to make sure he has a case. Who orders, pays.",1,2034040,50,NA,NA,NA,NA,NA,0,0,1,0,0,"I have not enough facts to make a reasoned decision, but in my arbitrations I have constructive discussions with the parties, which normally lead to a settlement that I then document in my award. In this case I assumed the parties mutually agreed to transfer the assessment of the damages to the tribunal, but both parties work constructively to find a solution. Therefore I would have addressed the cost-question very early on and in my arbitrations the parties normally agree that the costs for the arbitration/expert are shared and each party bears its own costs.",1,0,1,0,0,1,0,0,0,1,Private,Master's,1,0,1,0,1,Investor-Investor Vignette|Investor-State Vignette,460,1,Respondent,Appointed by Loser,5,0,0,1,1
R_20OOSMdllLkyHBC,10/27/2015 13:18,10/27/2015 13:19,0,Parties,a high income economy,a middle income economy,Respondent wins,0,by the parties.,Fortune 500 company,modest but growing local company in an emerging economy country,by majority,"agreed on an independent expert randomly selected from a pool of qualified experts who calculated damages for US$2,034,040.00.",1,NA,NA,NA,NA,NA,NA,NA,NA,NA,NA,NA,NA,NA,NA,NA,NA,NA,NA,NA,NA,NA,NA,NA,NA,NA,NA,NA,NA,NA,NA,NA,NA,NA,NA,NA,NA,NA,NA,NA,NA,NA,NA,NA,NA,Investor-Investor Vignette|Investor-State Vignette,461,NA,Respondent,Parties,NA,NA,NA,NA,NA
R_20NI0Rxpvatquwr,10/27/2015 13:51,10/27/2015 14:01,1,Respondent,a middle income economy,a low income economy,Outside jurisdiction,1,by the respondent.,modest but growing local company in an emerging economy country,Fortune 500 company,unanimously,"each presented equally credible witnesses. The claimant’s expert calculated damages for US$4,002,100.00. The respondent’s expert calculated damages for US$1,059,307.00.",1,1,-99,-99,-99,-99,-99,-99,-99,-99,-99,-99,-99,NA,1,4002100,78,0,0,0,1,0,NA,NA,NA,NA,NA,If breach is found an honest costing of damages by the affected party should be allowed. Costs should be borne largely by losing party who made the arbitration necessary,1,1,0,0,1,0,0,1,0,0,Academic,Doctorate,1,0,1,1,0,Investor-Investor Vignette|Investor-State Vignette,462,NA,Respondent,Appointed by Winner,NA,NA,NA,NA,NA
R_20ND2DFsXm1D5Y0,10/23/2015 15:59,10/23/2015 15:59,0,Blind,a high income economy,a middle income economy,Respondent wins,0,.,modest but growing local company in an emerging economy country,modest but growing local company in an emerging economy country,unanimously,"each presented equally credible witnesses. The claimant’s expert calculated damages for US$4,002,100.00. The respondent’s expert calculated damages for US$1,059,307.00.",1,NA,NA,NA,NA,NA,NA,NA,NA,NA,NA,NA,NA,NA,NA,NA,NA,NA,NA,NA,NA,NA,NA,NA,NA,NA,NA,NA,NA,NA,NA,NA,NA,NA,NA,NA,NA,NA,NA,NA,NA,NA,NA,NA,NA,Investor-State Vignette|Investor-Investor Vignette,463,NA,Respondent,Blind,NA,NA,NA,NA,NA
R_1yTSlworQjegFd7,10/27/2015 12:42,11/9/2015 11:50,1,Blind,a middle income economy,a middle income economy,Outside jurisdiction,1,.,modest but growing local company in an emerging economy country,modest but growing local company in an emerging economy country,unanimously,"each presented equally credible witnesses. The claimant’s expert calculated damages for US$4,002,100.00. The respondent’s expert calculated damages for US$1,059,307.00.",1,1,50,-99,-99,-99,-99,-99,-99,-99,-99,-99,-99,NA,1,2500000,100,0,0,0,0,1,NA,NA,NA,NA,NA,"In my view, this should always be the result in order to promote mediation.",1,1,0,1,1,0,1,0,0,0,Private,JD,1,0,1,0,1,Investor-State Vignette|Investor-Investor Vignette,464,NA,Respondent,Blind,NA,NA,NA,NA,NA
R_1X671Ed15GnKByl,10/25/2015 19:47,10/25/2015 19:48,0,Claimant,a middle income economy,a low income economy,Claimant wins,1,by the claimant.,modest but growing local company in an emerging economy country,modest but growing local company in an emerging economy country,unanimously,"agreed on an independent expert randomly selected from a pool of qualified experts who calculated damages for US$2,034,040.00.",1,NA,NA,NA,NA,NA,NA,NA,NA,NA,NA,NA,NA,NA,NA,NA,NA,NA,NA,NA,NA,NA,NA,NA,NA,NA,NA,NA,NA,NA,NA,NA,NA,NA,NA,NA,NA,NA,NA,NA,NA,NA,NA,NA,NA,Investor-Investor Vignette|Investor-State Vignette,465,NA,Claimant,Appointed by Winner,NA,NA,NA,NA,NA
R_1rIegfvMjFwG128,10/27/2015 11:48,10/27/2015 12:15,1,Blind,a middle income economy,a low income economy,Respondent wins,0,.,Fortune 500 company,Fortune 500 company,by majority,"each presented equally credible witnesses. The claimant’s expert calculated damages for US$4,002,100.00. The respondent’s expert calculated damages for US$1,059,307.00.",1,1,40,0,1,0,0,0,NA,NA,NA,NA,NA,The parties each sought costs and knew that it was a possibility that it could be responsible for the other party's expenses. The respondent did not act wrongfully and that should be recognized.,1,2530000,70,NA,NA,NA,NA,NA,0,0,1,0,0,"If both experts are equally reliable, the vast difference in numbers suggest that a lower amount than the claimant is requesting should be applied. Further, the claimant should not bear equal proportion for the costs of an arbitration to recover for the respondent's breach of contract. The individual expenses, however, should be borne by each party.",1,0,1,1,1,0,1,0,0,0,Private,JD,1,0,1,0,1,Investor-Investor Vignette|Investor-State Vignette,466,2,Respondent,Blind,4,0,1,0,1
R_1qWIjEgy5CJ9W68,10/27/2015 12:37,10/27/2015 12:45,1,Blind,a high income economy,a middle income economy,Outside jurisdiction,0,.,modest but growing local company in an emerging economy country,modest but growing local company in an emerging economy country,by majority,"each presented equally credible witnesses. The claimant’s expert calculated damages for US$4,002,100.00. The respondent’s expert calculated damages for US$1,059,307.00.",1,1,0,1,0,0,0,0,NA,NA,NA,NA,NA,"The Claimant lost the proceedings because the Tribunal found that it had no jurisdiction. In those circumstances, there is no reason why the Claimant should not reimburse all of the Respondent's expenses.",1,-88,-99,NA,NA,NA,NA,NA,-99,-99,-99,-99,-99,"It is impossible to answer these questions. Although the Claimant succeeded on liability and will likely recover some damages, the proper allocation of costs cannot be decided without knowing how much of the claimed amount the Claimant was awarded.",1,1,0,0,1,0,1,0,0,0,Private,NA,NA,0,1,1,0,Investor-State Vignette|Investor-Investor Vignette,471,1,Respondent,Blind,5,0,0,1,1
R_1QTaKyXM38ueZG1,10/27/2015 19:13,10/27/2015 19:32,1,Blind,a high income economy,a low income economy,Claimant without legal merit,0,.,modest but growing local company in an emerging economy country,modest but growing local company in an emerging economy country,unanimously,"agreed on an independent expert randomly selected from a pool of qualified experts who calculated damages for US$2,034,040.00.",1,1,0,1,0,0,0,0,NA,NA,NA,NA,NA,"The pivotal factor in my judgment is that the claim was ""manifestly,"" i.e., plainly without merit.  In other words, it should never have been brought.  Under these circumstances, the respondent state should not have been put to the test of expending money on the arbitration and should, accordingly,  be held harmless from being compelled to do so.",1,2034040,100,0,0,1,0,0,NA,NA,NA,NA,NA,"The Claimant should be awarded what is in effect a stipulated amount of damages.  In agreeing upon a damages expert, the parties agreed, in effect, to accept the expert's determination.   As the prevailing party, the Claimant should also be awarded its costs of arbitration.  In the absence of some provision in the arbitration agreement of the parties, however, either expressly or by reference in a choice of law clause (I assume we are talking about two different emerging economy countries), each party should bear its own legal expenses.",1,1,0,1,1,0,0,0,0,1,Private,Bachelor's,1,0,1,0,1,Investor-Investor Vignette|Investor-State Vignette,473,1,Respondent,Blind,5,0,0,1,1
R_1QiNEfyOdSaHwgY,10/27/2015 13:14,10/27/2015 13:15,0,Claimant,a high income economy,a low income economy,Claimant without legal merit,1,by the claimant.,Fortune 500 company,modest but growing local company in an emerging economy country,by majority,"each presented equally credible witnesses. The claimant’s expert calculated damages for US$4,002,100.00. The respondent’s expert calculated damages for US$1,059,307.00.",1,NA,NA,NA,NA,NA,NA,NA,NA,NA,NA,NA,NA,NA,NA,NA,NA,NA,NA,NA,NA,NA,NA,NA,NA,NA,NA,NA,NA,NA,NA,NA,NA,NA,NA,NA,NA,NA,NA,NA,NA,NA,NA,NA,NA,Investor-Investor Vignette|Investor-State Vignette,474,NA,Respondent,Appointed by Loser,NA,NA,NA,NA,NA
R_1QgypbIpPuxJTqA,10/28/2015 11:21,10/28/2015 11:40,1,Respondent,a high income economy,a low income economy,Claimant without legal merit,1,by the respondent.,Fortune 500 company,modest but growing local company in an emerging economy country,by majority,"each presented equally credible witnesses. The claimant’s expert calculated damages for US$4,002,100.00. The respondent’s expert calculated damages for US$1,059,307.00.",1,1,20,0,1,0,0,0,0,0,0,1,0,Claimant's claims were found manifestly without legal merit. First reaction was that all costs should be charged to claimant. However the fact that a member of the tribunal porposed some compromise (and the consideration that not all fees are 100% justifiable always) recommends the 20% but no more.,1,NA,-99,NA,NA,NA,NA,NA,-99,-99,-99,-99,-99,"There are not enough facts to decide on these issues, other than allocating 50% of the damages claimed by plaintiff, and 50% of all costs to each party (it is assumed that claimant's costs would be considerably higher than defendant's).",1,1,0,0,0,1,1,0,0,0,Private,Master's,1,0,1,0,1,Investor-State Vignette|Investor-Investor Vignette,475,2,Respondent,Appointed by Winner,4,0,1,0,1
R_1QgfmPrRAbq0273,10/25/2015 16:11,10/25/2015 16:24,1,Respondent,a middle income economy,a low income economy,Claimant without legal merit,0,by the respondent.,Fortune 500 company,Fortune 500 company,unanimously,"agreed on an independent expert randomly selected from a pool of qualified experts who calculated damages for US$2,034,040.00.",1,1,-99,0,0,1,0,0,NA,NA,NA,NA,NA,Despite a finding of no merit since the case does not say frivolous I see no reason for one party to bear all the expenses. This case does not discuss any attempts at mediation.,1,2034040,50,0,0,1,0,0,NA,NA,NA,NA,NA,There are no facts provided that cause me to conclude any party should receive arbitration expenses from the other.,1,1,0,1,1,0,0,0,0,1,Academic,Doctorate,1,0,1,0,1,Investor-Investor Vignette|Investor-State Vignette,476,3,Respondent,Appointed by Winner,3,1,0,0,0
R_1QfiEuoeg3wXe5l,10/25/2015 13:26,10/25/2015 13:27,0,Claimant,a middle income economy,a middle income economy,Outside jurisdiction,0,by the claimant.,Fortune 500 company,Fortune 500 company,unanimously,"agreed on an independent expert randomly selected from a pool of qualified experts who calculated damages for US$2,034,040.00.",1,NA,NA,NA,NA,NA,NA,NA,NA,NA,NA,NA,NA,NA,NA,NA,NA,NA,NA,NA,NA,NA,NA,NA,NA,NA,NA,NA,NA,NA,NA,NA,NA,NA,NA,NA,NA,NA,NA,NA,NA,NA,NA,NA,NA,Investor-State Vignette|Investor-Investor Vignette,477,NA,Respondent,Appointed by Loser,NA,NA,NA,NA,NA
R_1qdZLDf2yo4YvRx,10/27/2015 16:40,10/27/2015 16:56,1,Claimant,a middle income economy,a middle income economy,Claimant wins,0,by the claimant.,modest but growing local company in an emerging economy country,modest but growing local company in an emerging economy country,unanimously,"each presented equally credible witnesses. The claimant’s expert calculated damages for US$4,002,100.00. The respondent’s expert calculated damages for US$1,059,307.00.",1,1,-99,0,0,1,0,0,NA,NA,NA,NA,NA,NA,1,1059307,71,0,0,0,1,0,NA,NA,NA,NA,NA,Due to causality principle.,1,1,0,0,0,1,1,0,0,0,Private,Doctorate,1,0,1,0,1,Investor-Investor Vignette|Investor-State Vignette,478,3,Claimant,Appointed by Winner,3,1,0,0,0
R_1qahuJhJXYUzz3v,10/27/2015 17:15,10/27/2015 17:48,1,Parties,a high income economy,a middle income economy,Claimant without legal merit,0,by the parties.,modest but growing local company in an emerging economy country,Fortune 500 company,unanimously,"each presented equally credible witnesses. The claimant’s expert calculated damages for US$4,002,100.00. The respondent’s expert calculated damages for US$1,059,307.00.",1,1,0,0,1,0,0,0,NA,NA,NA,NA,NA,"The degree of reimbursement will depend on an assessment of the conduct of the parties during the proceeding and all the circumstances of the case.  Counsel may behave ethically and professionally, but still their behavior could be assessed comparatively.  The circumstances of the case may be such that, although the claim is manifestly without merit, the State's behavior may have reasonably led the claimant to consider that it had no realistic redress except through arbitration.",1,NA,100,NA,NA,NA,NA,NA,0,1,0,0,0,"I cannot answer the first question without studying the bases for each expert's calculation of damages.  However credible the experts might be, both cannot be right, and it is the tribunal's task to determine who is right and who is wrong conceptually, and if necessary to recalculate the damages on its own.  Assessing damages should not be a matter of horse trading within the tribunal or finding a compromise.  The costs of arbitration should be borne by the losing side, save exceptional circumstances.  The parties' expenses should be assessed according to the criteria discussed in the preceding answers.",1,1,0,1,1,1,0,0,0,1,Private,Master's,1,0,1,1,0,Investor-State Vignette|Investor-Investor Vignette,479,2,Respondent,Parties,4,0,1,0,1
R_1pzgh16PyW8HPdL,10/23/2015 16:59,10/23/2015 17:15,1,Respondent,a high income economy,a low income economy,Respondent wins,1,by the respondent.,modest but growing local company in an emerging economy country,Fortune 500 company,unanimously,"each presented equally credible witnesses. The claimant’s expert calculated damages for US$4,002,100.00. The respondent’s expert calculated damages for US$1,059,307.00.",1,1,100,0,1,0,0,0,0,0,0,1,0,The general principle is that the loser pays the reasonable costs of the winner. Respondent has one. It is unclear from the vignette whether all R's costs would be allowed and it is rare to award indemnity costs. Ultimately it will depend on the costs submissions.,1,-88,100,0,1,0,0,0,NA,NA,NA,NA,NA,It is rare that indemnity costs are justified. Winning party should get the costs and expenses which ar reasonable.,1,1,0,0,1,0,0,0,0,1,Private,Bachelor's,1,0,1,0,1,Investor-State Vignette|Investor-Investor Vignette,481,2,Respondent,Appointed by Winner,4,0,1,0,1
R_1PUawoOfJnCaPvC,10/29/2015 5:57,10/29/2015 6:19,1,Blind,a middle income economy,a low income economy,Outside jurisdiction,0,.,Fortune 500 company,Fortune 500 company,by majority,"agreed on an independent expert randomly selected from a pool of qualified experts who calculated damages for US$2,034,040.00.",1,1,50,0,0,1,0,0,NA,NA,NA,NA,NA,"It seems to me that, there being no clear winner ot looser, there is no room for applying the principle ""costs follow the events""",1,2034040,100,NA,NA,NA,NA,NA,0,1,0,0,0,"Respondent should reimburse Claimnat's expenses on the basis of the principle ""cots follow the events"", but the Trinunal should ascertain that the reimbursement is limited to expenses considered ""reasonable""",1,1,0,0,0,1,0,1,0,0,Academic,Doctorate,1,0,1,1,0,Investor-State Vignette|Investor-Investor Vignette,482,3,Respondent,Blind,3,1,0,0,0
R_1pSUUlzvDtk3o2i,10/27/2015 8:53,10/27/2015 8:58,1,Blind,a high income economy,a middle income economy,Claimant without legal merit,1,.,Fortune 500 company,modest but growing local company in an emerging economy country,unanimously,"agreed on an independent expert randomly selected from a pool of qualified experts who calculated damages for US$2,034,040.00.",1,1,80,0,0,1,0,0,0,0,1,0,0,NA,1,2034040,80,NA,NA,NA,NA,NA,0,0,1,0,0,NA,1,1,0,0,0,1,0,0,0,1,Private,NA,1,1,0,0,1,Investor-Investor Vignette|Investor-State Vignette,484,3,Respondent,Blind,3,1,0,0,0
R_1PcUOXl2KGlT98B,10/24/2015 10:14,10/24/2015 13:48,0,Parties,a middle income economy,a low income economy,Outside jurisdiction,0,by the parties.,modest but growing local company in an emerging economy country,modest but growing local company in an emerging economy country,by majority,"agreed on an independent expert randomly selected from a pool of qualified experts who calculated damages for US$2,034,040.00.",1,NA,NA,NA,NA,NA,NA,NA,NA,NA,NA,NA,NA,NA,NA,NA,NA,NA,NA,NA,NA,NA,NA,NA,NA,NA,NA,NA,NA,NA,NA,NA,NA,NA,NA,NA,NA,NA,NA,NA,NA,NA,NA,NA,NA,Investor-Investor Vignette|Investor-State Vignette,485,NA,Respondent,Parties,NA,NA,NA,NA,NA
R_1PbMwwnYD7SbdAs,10/27/2015 20:42,10/27/2015 21:08,1,Parties,a middle income economy,a middle income economy,Outside jurisdiction,1,by the parties.,modest but growing local company in an emerging economy country,Fortune 500 company,by majority,"each presented equally credible witnesses. The claimant’s expert calculated damages for US$4,002,100.00. The respondent’s expert calculated damages for US$1,059,307.00.",1,1,-99,0,0,1,0,0,0,0,1,0,0,Assuming that neither party had argued for our against the tribunal's jurisdiction and that the decision on jurisdiction is a finding of the tribunal on its own accord then nether party should be penalised costs. It wild have been different of one of the parties had successfully argued that the tribunal had no jurisdiction.,1,1500000,79,NA,NA,NA,NA,NA,0,1,0,0,0,"As both experts are equally credible and counsels have behaved reasonably and ethically, it is unlikely that the damages suffered by a modest growth local company would be 4 times that computed by the expert of the Fortune 500 company. It is more likely that it would closer to that coloured by the expert from the Respondent. But it is also equally likely that the Respondent's expert would be rather conservative in its computations.  As there are no details of what those computations are and no details given as the breakdown of the damages,  I would find that it would be somewhere between $1.5 mill to $2 mill.  /  / As regard the apportionment of the parties' legal costs, the considerations are the reasonable conduct of the parties' counsel and that the claimant has succeeded on both liability but awarded less than the quantum it sought in damages, I would not award it full costs but a substantial part of the costs. Again in the absence of more details, the apportionment is made based on assumptions.",1,1,0,0,1,0,0,0,0,1,Private,Bachelor's,1,0,1,0,1,Investor-Investor Vignette|Investor-State Vignette,487,3,Respondent,Parties,3,1,0,0,0
R_1pAQJpFRHkTeggN,10/27/2015 13:36,10/27/2015 13:49,1,Blind,a middle income economy,a low income economy,Claimant without legal merit,0,.,Fortune 500 company,Fortune 500 company,unanimously,"agreed on an independent expert randomly selected from a pool of qualified experts who calculated damages for US$2,034,040.00.",1,1,0,0,1,0,0,0,NA,NA,NA,NA,NA,The losing party should pay all costs and the reasonable expenses of the other party.,1,2034040,100,0,0,0,1,0,NA,NA,NA,NA,NA,The parties agreed on damages beforehand.  Fairness would dictate that the losing party pays costs and the reasonable expenses on winning party. /,1,0,1,1,1,0,1,0,0,0,Private,JD,1,0,1,0,1,Investor-Investor Vignette|Investor-State Vignette,488,2,Respondent,Blind,4,0,1,0,1
R_1pA4kXRs86aG00L,10/27/2015 12:39,10/27/2015 12:45,1,Respondent,a middle income economy,a middle income economy,Respondent wins,1,by the respondent.,Fortune 500 company,modest but growing local company in an emerging economy country,by majority,"agreed on an independent expert randomly selected from a pool of qualified experts who calculated damages for US$2,034,040.00.",1,1,0,1,0,0,0,0,0,0,0,0,1,NA,1,2000000,100,NA,NA,NA,NA,NA,1,0,0,0,0,NA,1,1,0,0,0,1,1,0,0,0,Private,NA,1,0,1,0,1,Investor-Investor Vignette|Investor-State Vignette,489,1,Respondent,Appointed by Winner,5,0,0,1,1
R_1P1AYkZQWJkoSdm,10/27/2015 16:49,10/27/2015 17:00,1,Blind,a middle income economy,a low income economy,Outside jurisdiction,0,.,Fortune 500 company,modest but growing local company in an emerging economy country,by majority,"agreed on an independent expert randomly selected from a pool of qualified experts who calculated damages for US$2,034,040.00.",1,1,0,1,0,0,0,0,NA,NA,NA,NA,NA,I really need more facts. But I have assumed that the respondent raised the issue that there was a lack of jurisdiction etc,1,2034040,100,0,0,0,0,1,NA,NA,NA,NA,NA,NA,1,1,0,0,1,0,1,0,0,0,Private,Bachelor's,1,0,1,0,1,Investor-State Vignette|Investor-Investor Vignette,490,1,Respondent,Blind,5,0,0,1,1
R_1OYL6MNYJBzwJWT,10/26/2015 7:26,10/26/2015 7:32,1,Blind,a middle income economy,a middle income economy,Claimant wins,0,.,modest but growing local company in an emerging economy country,modest but growing local company in an emerging economy country,by majority,"agreed on an independent expert randomly selected from a pool of qualified experts who calculated damages for US$2,034,040.00.",1,1,100,1,0,0,0,0,NA,NA,NA,NA,NA,NA,1,2034040,100,0,0,0,0,1,NA,NA,NA,NA,NA,NA,1,0,1,0,0,1,1,0,0,0,Private,Master's,1,0,1,1,0,Investor-State Vignette|Investor-Investor Vignette,491,1,Claimant,Blind,1,0,0,0,0
R_1ovDJj0uevXIt8w,10/23/2015 17:36,10/23/2015 17:49,1,Parties,a middle income economy,a low income economy,Claimant without legal merit,1,by the parties.,modest but growing local company in an emerging economy country,modest but growing local company in an emerging economy country,by majority,"each presented equally credible witnesses. The claimant’s expert calculated damages for US$4,002,100.00. The respondent’s expert calculated damages for US$1,059,307.00.",1,1,0,1,0,0,0,0,0,0,0,0,1,"If the claim is manifestly without merit,  the respondent ought not incur any cost as a result of of the claim being made.",1,2530703,70,NA,NA,NA,NA,NA,0,1,0,0,0,"The costs ought to be apportioned as a function of the extent to which each party prevails. A fundamental question is whether the respondent had breached a contract, another what he damages amounted to. Since the former was resolved in favor or the claimant and the latter in the middle, it seems fair to allocate a somewhat greater portion than 50% of the costs to the respondent.",1,1,0,0,0,1,1,0,0,0,Private,Master's,1,0,1,0,1,Investor-State Vignette|Investor-Investor Vignette,492,1,Respondent,Parties,5,0,0,1,1
R_1OOiqJeYudXZ3HB,10/29/2015 16:55,10/29/2015 17:02,1,Respondent,a high income economy,a low income economy,Respondent wins,1,by the respondent.,Fortune 500 company,modest but growing local company in an emerging economy country,by majority,"each presented equally credible witnesses. The claimant’s expert calculated damages for US$4,002,100.00. The respondent’s expert calculated damages for US$1,059,307.00.",1,1,9,1,0,0,0,0,0,0,0,0,1,NA,1,4002100,81,NA,NA,NA,NA,NA,0,1,0,0,0,"Claimant shall be entirely reimbursed for its expenses. However, often Claimant may have an alternative way other than Arbitration and so saved Money.",1,0,1,0,0,1,1,0,0,0,Private,NA,1,0,1,0,1,Investor-Investor Vignette|Investor-State Vignette,494,1,Respondent,Appointed by Winner,5,0,0,1,1
R_1OIERHDmwZGznDG,11/2/2015 14:39,11/2/2015 14:48,1,Parties,a high income economy,a middle income economy,Claimant without legal merit,0,by the parties.,modest but growing local company in an emerging economy country,modest but growing local company in an emerging economy country,unanimously,"each presented equally credible witnesses. The claimant’s expert calculated damages for US$4,002,100.00. The respondent’s expert calculated damages for US$1,059,307.00.",1,1,0,1,0,0,0,0,NA,NA,NA,NA,NA,bringing on a claim found to be entirely without merit should result in the claimant wholly indemnifying the respondent for all its costs.,1,2500000,100,0,0,0,1,0,NA,NA,NA,NA,NA,"Not being convinced that Claimant fully made out its claim for damages, I would not award 100% cost recover but perhaps in the order of 3/4.",1,1,0,0,1,0,1,0,0,0,Private,Bachelor's,1,0,1,0,1,Investor-Investor Vignette|Investor-State Vignette,496,1,Respondent,Parties,5,0,0,1,1
R_1ohVxeZGsUB68PJ,10/27/2015 13:26,10/27/2015 13:26,0,Parties,a middle income economy,a middle income economy,Outside jurisdiction,0,by the parties.,modest but growing local company in an emerging economy country,modest but growing local company in an emerging economy country,unanimously,"agreed on an independent expert randomly selected from a pool of qualified experts who calculated damages for US$2,034,040.00.",1,NA,NA,NA,NA,NA,NA,NA,NA,NA,NA,NA,NA,NA,NA,NA,NA,NA,NA,NA,NA,NA,NA,NA,NA,NA,NA,NA,NA,NA,NA,NA,NA,NA,NA,NA,NA,NA,NA,NA,NA,NA,NA,NA,NA,Investor-State Vignette|Investor-Investor Vignette,497,NA,Respondent,Parties,NA,NA,NA,NA,NA
R_1oGQoHW3y6ybRNK,10/27/2015 17:12,10/27/2015 17:28,1,Respondent,a middle income economy,a low income economy,Outside jurisdiction,1,by the respondent.,modest but growing local company in an emerging economy country,Fortune 500 company,by majority,"agreed on an independent expert randomly selected from a pool of qualified experts who calculated damages for US$2,034,040.00.",1,1,51,0,0,1,0,0,0,0,1,0,0,NA,1,2034040,100,NA,NA,NA,NA,NA,1,0,0,0,0,Cost follows the event rule,1,1,0,0,0,1,1,0,0,0,Private,Doctorate,1,0,1,0,1,Investor-State Vignette|Investor-Investor Vignette,498,3,Respondent,Appointed by Winner,3,1,0,0,0
R_1OCPpb6w9ZSoogd,10/26/2015 18:05,10/26/2015 18:19,1,Respondent,a high income economy,a middle income economy,Claimant without legal merit,0,by the respondent.,Fortune 500 company,Fortune 500 company,unanimously,"each presented equally credible witnesses. The claimant’s expert calculated damages for US$4,002,100.00. The respondent’s expert calculated damages for US$1,059,307.00.",1,1,50,0,0,1,0,0,NA,NA,NA,NA,NA,The resources of a private party and a country are not comparable.,1,3000000,-99,0,0,1,0,0,NA,NA,NA,NA,NA,No indication of egregious behaviour or a bad faith presentation by either party.,1,1,0,1,1,0,1,0,0,0,Private,JD,1,0,1,0,1,Investor-State Vignette|Investor-Investor Vignette,499,3,Respondent,Appointed by Winner,3,1,0,0,0
R_1ocjao4zb5EuBJK,10/27/2015 14:05,10/27/2015 14:51,1,Parties,a middle income economy,a low income economy,Respondent wins,1,by the parties.,modest but growing local company in an emerging economy country,Fortune 500 company,by majority,"each presented equally credible witnesses. The claimant’s expert calculated damages for US$4,002,100.00. The respondent’s expert calculated damages for US$1,059,307.00.",1,1,50,0,0,1,0,0,0,0,1,0,0,NA,1,-88,-99,0,0,0,1,0,NA,NA,NA,NA,NA,There can be so many variables that the most satisfying agreement should be tempted through mediation. Money alone is rarely the optimal reparation.,1,0,1,0,1,0,0,0,0,1,Private,Master's,1,1,0,0,1,Investor-Investor Vignette|Investor-State Vignette,500,3,Respondent,Parties,3,1,0,0,0
R_1obso5ZxAuln16w,10/27/2015 12:41,10/27/2015 12:45,0,Blind,a high income economy,a middle income economy,Respondent wins,0,.,Fortune 500 company,Fortune 500 company,unanimously,"each presented equally credible witnesses. The claimant’s expert calculated damages for US$4,002,100.00. The respondent’s expert calculated damages for US$1,059,307.00.",1,NA,NA,NA,NA,NA,NA,NA,NA,NA,NA,NA,NA,NA,NA,NA,NA,NA,NA,NA,NA,NA,NA,NA,NA,NA,NA,NA,NA,NA,NA,NA,NA,NA,NA,NA,NA,NA,NA,NA,NA,NA,NA,NA,NA,Investor-State Vignette|Investor-Investor Vignette,501,NA,Respondent,Blind,NA,NA,NA,NA,NA
R_1oaIwBtjd1N3ndN,11/6/2015 12:09,11/6/2015 12:16,1,Parties,a middle income economy,a middle income economy,Claimant wins,1,by the parties.,Fortune 500 company,Fortune 500 company,by majority,"agreed on an independent expert randomly selected from a pool of qualified experts who calculated damages for US$2,034,040.00.",1,1,-99,-99,-99,-99,-99,-99,-99,-99,-99,-99,-99,NA,1,NA,-99,-99,-99,-99,-99,-99,NA,NA,NA,NA,NA,NA,1,NA,NA,NA,NA,NA,NA,NA,NA,NA,NA,NA,NA,-99,-99,NA,-99,Investor-State Vignette|Investor-Investor Vignette,502,NA,Claimant,Parties,NA,NA,NA,NA,NA
R_1NwsibYCeyMYADa,10/27/2015 17:49,10/27/2015 18:16,1,Parties,a middle income economy,a middle income economy,Respondent wins,1,by the parties.,Fortune 500 company,Fortune 500 company,unanimously,"agreed on an independent expert randomly selected from a pool of qualified experts who calculated damages for US$2,034,040.00.",1,1,50,0,0,1,0,0,0,0,1,0,0,"ICSID rules give the tribunal total freedom to apportion the costs and legal fees of the parties, but as in the previous case, the tribunal cannot act whimsically: in the absence of bad faith or otherwise unprofessional or unethical behavior by either party or their counsel, each party should bear its own costs. Having respondent pay more than 50% of expenses would create moral hazard in the sense of setting a precedent of filing claims for free or with a subsidy, and if the respondent pays less than 50% the opposite happens: individuals and/or companies with less resources than governments may face an undue barrier to entry in having to assume the costs incurred by a government, which may be enormous as governments are the golden geese of large firms in investment arbitration.",1,2034040,50,0,0,1,0,0,NA,NA,NA,NA,NA,"In the absence of evidence suggesting a different amount, there is no reason for the tribunal to deviate from the expert´s findings. That is the whole point of appointing experts. And in the absence of bad faith or otherwise unethical or unprofessional behavior by either party´s counsel, the ICC rules do not allow for the apportioning of legal fees of one party to the other.",1,1,0,0,0,1,1,0,0,0,Private,Master's,1,0,1,0,1,Investor-Investor Vignette|Investor-State Vignette,503,3,Respondent,Parties,3,1,0,0,0
R_1NwrWdI7qrSAgw0,11/11/2015 9:36,11/11/2015 9:44,1,Respondent,a middle income economy,a low income economy,Claimant wins,1,by the respondent.,modest but growing local company in an emerging economy country,Fortune 500 company,by majority,"each presented equally credible witnesses. The claimant’s expert calculated damages for US$4,002,100.00. The respondent’s expert calculated damages for US$1,059,307.00.",1,1,100,0,0,0,0,1,1,0,0,0,0,The Claimant is not really made whole if it has to bear legal costs.,1,2500000,100,0,0,0,0,1,NA,NA,NA,NA,NA,"If both damage estimates are equally credible, then a mid-point is even more credible. /  / Respondent should bear all costs to make the Claimant whole.",1,1,0,1,1,1,0,0,0,1,Private,JD,1,0,1,1,0,Investor-State Vignette|Investor-Investor Vignette,504,5,Claimant,Appointed by Loser,5,0,0,1,1
R_1n9oNDOjNfeIPh9,10/28/2015 2:31,10/28/2015 2:37,1,Claimant,a middle income economy,a middle income economy,Claimant wins,1,by the claimant.,Fortune 500 company,Fortune 500 company,unanimously,"agreed on an independent expert randomly selected from a pool of qualified experts who calculated damages for US$2,034,040.00.",1,1,100,0,0,0,0,1,1,0,0,0,0,'costs follow the event' principle,1,2034040,100,0,0,0,0,1,NA,NA,NA,NA,NA,'costs follow the event' principle,1,1,0,0,1,0,1,0,0,0,Private,Bachelor's,1,0,1,0,1,Investor-State Vignette|Investor-Investor Vignette,505,5,Claimant,Appointed by Winner,5,0,0,1,1
R_1mz37bzY9k12pyB,10/27/2015 14:48,10/28/2015 6:32,0,Claimant,a middle income economy,a middle income economy,Claimant wins,0,by the claimant.,modest but growing local company in an emerging economy country,Fortune 500 company,unanimously,"each presented equally credible witnesses. The claimant’s expert calculated damages for US$4,002,100.00. The respondent’s expert calculated damages for US$1,059,307.00.",1,NA,NA,NA,NA,NA,NA,NA,NA,NA,NA,NA,NA,NA,NA,NA,NA,NA,NA,NA,NA,NA,NA,NA,NA,NA,NA,NA,NA,NA,NA,NA,NA,NA,NA,NA,NA,NA,NA,NA,NA,NA,NA,NA,NA,Investor-State Vignette|Investor-Investor Vignette,507,NA,Claimant,Appointed by Winner,NA,NA,NA,NA,NA
R_1mwqhSbPhCTNGGZ,10/27/2015 12:42,10/27/2015 12:50,1,Parties,a high income economy,a low income economy,Respondent wins,0,by the parties.,Fortune 500 company,Fortune 500 company,unanimously,"agreed on an independent expert randomly selected from a pool of qualified experts who calculated damages for US$2,034,040.00.",1,1,0,0,1,0,0,0,NA,NA,NA,NA,NA,"This appears to be a complete win for the Respondent state and therefore Respondent should recover at least some of its costs. Without submissions regarding the reasonableness of the counsel fees, it is not possible to decide whether all or a portion be awarded.",1,0,-99,NA,NA,NA,NA,NA,0,0,1,0,0,There is not enough information given to quantify damages or apportion expenses. The expert's estimate of damages may be sound or may not be. There is no way to tell what should happen here.,1,1,0,1,1,0,0,0,0,1,Private,JD,1,0,1,0,1,Investor-Investor Vignette|Investor-State Vignette,508,2,Respondent,Parties,4,0,1,0,1
R_1mUBwqFCfwf4EM8,10/29/2015 21:07,10/29/2015 21:26,1,Blind,a middle income economy,a middle income economy,Claimant without legal merit,1,.,Fortune 500 company,modest but growing local company in an emerging economy country,unanimously,"agreed on an independent expert randomly selected from a pool of qualified experts who calculated damages for US$2,034,040.00.",1,1,0,1,0,0,0,0,0,0,0,0,1,"In muy opinion, reckless litigation should be punished by imposing the losing party the burden of the cost and expenses.",1,2034040,50,NA,NA,NA,NA,NA,0,0,1,0,0,"Asuming that the experts gave an unbiased and objetive aseesment of the damages, I see no reason to order a different ammount. And if both parties had valid reasons to litigate and behaved etically and professionally, the cost should be paid in 50% for each party and they should bear they own expenses.",1,1,0,0,0,1,1,0,0,0,Private,Master's,1,0,1,0,1,Investor-Investor Vignette|Investor-State Vignette,509,1,Respondent,Blind,5,0,0,1,1
R_1mt1JaJIAYjqVNS,10/28/2015 5:33,10/28/2015 5:48,1,Blind,a high income economy,a low income economy,Claimant wins,1,.,Fortune 500 company,modest but growing local company in an emerging economy country,unanimously,"agreed on an independent expert randomly selected from a pool of qualified experts who calculated damages for US$2,034,040.00.",1,1,100,0,0,1,0,0,0,0,1,0,0,"In investment arbitration, I find it appropriate for parties ti bear legal costs. As to arbitration costs, I fond 'costs follows the event' to be the best approach",1,2034040,-99,NA,NA,NA,NA,NA,0,1,0,0,0,"I assume the claim was $4 million. As the expert, in an agreed procedure, determined that breach caused damages inthe amount of $2 million, I would consider claimant as 50% sucessful. Thus the distribution of costs and expenses.  /  / Having such clear position on breach and an independent expert conclusion, I see no reason to reasses damages.",1,1,0,0,0,1,1,0,0,0,Private,Master's,1,0,1,0,1,Investor-Investor Vignette|Investor-State Vignette,510,3,Claimant,Blind,3,1,0,0,0
R_1MQC6x91UZCbXi2,10/26/2015 8:11,10/26/2015 8:12,0,Blind,a middle income economy,a low income economy,Claimant without legal merit,1,.,modest but growing local company in an emerging economy country,modest but growing local company in an emerging economy country,by majority,"each presented equally credible witnesses. The claimant’s expert calculated damages for US$4,002,100.00. The respondent’s expert calculated damages for US$1,059,307.00.",1,NA,NA,NA,NA,NA,NA,NA,NA,NA,NA,NA,NA,NA,NA,NA,NA,NA,NA,NA,NA,NA,NA,NA,NA,NA,NA,NA,NA,NA,NA,NA,NA,NA,NA,NA,NA,NA,NA,NA,NA,NA,NA,NA,NA,Investor-Investor Vignette|Investor-State Vignette,511,NA,Respondent,Blind,NA,NA,NA,NA,NA
R_1Mp9lpytDVbOMX7,10/28/2015 16:51,10/28/2015 16:59,1,Blind,a high income economy,a low income economy,Claimant wins,0,.,Fortune 500 company,modest but growing local company in an emerging economy country,by majority,"each presented equally credible witnesses. The claimant’s expert calculated damages for US$4,002,100.00. The respondent’s expert calculated damages for US$1,059,307.00.",1,1,30,0,0,0,0,1,NA,NA,NA,NA,NA,Again we only have limited facts but misappropriation seems more intentional than a contract breach so fee shifting was awarded.,1,3000000,19,0,0,1,0,0,NA,NA,NA,NA,NA,based upon the scant factual record it is a fair award.,1,1,0,1,1,0,1,0,0,0,Private,Master's,1,0,1,0,1,Investor-Investor Vignette|Investor-State Vignette,512,5,Claimant,Blind,5,0,0,1,1
R_1mLE19MAwl8533U,10/26/2015 4:39,10/26/2015 5:00,1,Claimant,a middle income economy,a low income economy,Outside jurisdiction,1,by the claimant.,modest but growing local company in an emerging economy country,Fortune 500 company,unanimously,"each presented equally credible witnesses. The claimant’s expert calculated damages for US$4,002,100.00. The respondent’s expert calculated damages for US$1,059,307.00.",1,1,0,1,0,0,0,0,0,0,0,0,1,The tribunal did not have competence. This should solely (cost-wise) be a problem for the claimant who started arbitration proceedings before a wrong venue. The respondent should not pay any of the costs related to this mistake (how doubtful it may have been prior to the arbitrators ruling on the jurisdiction.),1,2530702,50,0,0,0,1,0,NA,NA,NA,NA,NA,"Based on the given information the result on the merits seems (to me) obvious. It's half way between the two expert reports. The Claimant definetely had a case, and should be granted some costs.",1,1,0,0,0,1,1,0,0,0,Private,Master's,1,0,1,0,1,Investor-Investor Vignette|Investor-State Vignette,513,1,Respondent,Appointed by Loser,5,0,0,1,1
R_1mKNr9kLPGkIfuR,10/24/2015 3:32,10/24/2015 3:34,0,Blind,a high income economy,a low income economy,Outside jurisdiction,0,.,modest but growing local company in an emerging economy country,Fortune 500 company,by majority,"each presented equally credible witnesses. The claimant’s expert calculated damages for US$4,002,100.00. The respondent’s expert calculated damages for US$1,059,307.00.",1,NA,NA,NA,NA,NA,NA,NA,NA,NA,NA,NA,NA,NA,1,4002100,100,NA,NA,NA,NA,NA,1,0,0,0,0,NA,NA,NA,NA,NA,NA,NA,NA,NA,NA,NA,NA,NA,NA,NA,NA,NA,NA,Investor-Investor Vignette|Investor-State Vignette,515,NA,Respondent,Blind,NA,NA,NA,NA,NA
R_1mkL1LiPGG5Vh8W,10/27/2015 9:39,10/27/2015 9:48,0,Respondent,a middle income economy,a middle income economy,Outside jurisdiction,1,by the respondent.,Fortune 500 company,Fortune 500 company,by majority,"agreed on an independent expert randomly selected from a pool of qualified experts who calculated damages for US$2,034,040.00.",1,1,-99,0,0,1,0,0,0,0,1,0,0,NA,1,2000000,71,0,0,0,1,0,NA,NA,NA,NA,NA,NA,NA,NA,NA,NA,NA,NA,NA,NA,NA,NA,NA,NA,NA,NA,NA,NA,NA,Investor-State Vignette|Investor-Investor Vignette,516,3,Respondent,Appointed by Winner,3,1,0,0,0
R_1mjUYTLzl1oY8g3,10/28/2015 9:52,11/3/2015 18:06,1,Blind,a high income economy,a low income economy,Claimant without legal merit,0,.,modest but growing local company in an emerging economy country,modest but growing local company in an emerging economy country,unanimously,"agreed on an independent expert randomly selected from a pool of qualified experts who calculated damages for US$2,034,040.00.",1,1,-99,-99,-99,-99,-99,-99,NA,NA,NA,NA,NA,NA,1,NA,-99,NA,NA,NA,NA,NA,-99,-99,-99,-99,-99,NA,1,NA,NA,NA,NA,NA,NA,NA,NA,NA,NA,NA,NA,-99,-99,NA,-99,Investor-State Vignette|Investor-Investor Vignette,517,NA,Respondent,Blind,NA,NA,NA,NA,NA
R_1lt4vwEZdSAzE7Y,10/25/2015 6:40,10/26/2015 10:30,1,Claimant,a high income economy,a low income economy,Claimant without legal merit,1,by the claimant.,Fortune 500 company,Fortune 500 company,unanimously,"agreed on an independent expert randomly selected from a pool of qualified experts who calculated damages for US$2,034,040.00.",1,1,-99,-99,-99,-99,-99,-99,-99,-99,-99,-99,-99,NA,1,NA,-99,-99,-99,-99,-99,-99,NA,NA,NA,NA,NA,NA,1,NA,NA,NA,NA,NA,NA,NA,NA,NA,NA,NA,NA,-99,-99,NA,-99,Investor-State Vignette|Investor-Investor Vignette,519,NA,Respondent,Appointed by Loser,NA,NA,NA,NA,NA
R_1LdooN9IHlW9ERr,10/27/2015 13:33,10/27/2015 13:34,0,Respondent,a high income economy,a middle income economy,Outside jurisdiction,1,by the respondent.,Fortune 500 company,modest but growing local company in an emerging economy country,unanimously,"agreed on an independent expert randomly selected from a pool of qualified experts who calculated damages for US$2,034,040.00.",1,NA,NA,NA,NA,NA,NA,NA,NA,NA,NA,NA,NA,NA,NA,NA,NA,NA,NA,NA,NA,NA,NA,NA,NA,NA,NA,NA,NA,NA,NA,NA,NA,NA,NA,NA,NA,NA,NA,NA,NA,NA,NA,NA,NA,Investor-State Vignette|Investor-Investor Vignette,525,NA,Respondent,Appointed by Winner,NA,NA,NA,NA,NA
R_1l3omVAxv6rKJh3,10/27/2015 12:49,10/27/2015 12:54,1,Claimant,a middle income economy,a middle income economy,Outside jurisdiction,0,by the claimant.,Fortune 500 company,modest but growing local company in an emerging economy country,unanimously,"agreed on an independent expert randomly selected from a pool of qualified experts who calculated damages for US$2,034,040.00.",1,1,-99,0,0,1,0,0,NA,NA,NA,NA,NA,NA,1,2034040,50,0,0,1,0,0,NA,NA,NA,NA,NA,NA,1,1,0,1,1,0,1,0,0,0,Private,JD,1,0,1,0,1,Investor-Investor Vignette|Investor-State Vignette,527,3,Respondent,Appointed by Loser,3,1,0,0,0
R_1KuWby7wiOfSiUZ,10/29/2015 14:13,10/29/2015 15:22,1,Respondent,a high income economy,a middle income economy,Respondent wins,0,by the respondent.,modest but growing local company in an emerging economy country,modest but growing local company in an emerging economy country,by majority,"each presented equally credible witnesses. The claimant’s expert calculated damages for US$4,002,100.00. The respondent’s expert calculated damages for US$1,059,307.00.",1,1,0,1,0,0,0,0,NA,NA,NA,NA,NA,"Since the tribunal unanimously decided in favor of the Respondent, dismissing in full the claim, I consider that the Claimant should bear all the costs, inclunding the Respondent's expenses.",1,3060357,76,0,0,0,1,0,NA,NA,NA,NA,NA,Pro rata to the awarded damages,1,1,0,0,0,1,1,0,0,0,Private,NA,1,0,1,0,1,Investor-Investor Vignette|Investor-State Vignette,529,1,Respondent,Appointed by Winner,5,0,0,1,1
R_1kUgSWWl6ze3Hv8,10/26/2015 13:57,10/26/2015 13:57,0,Claimant,a middle income economy,a middle income economy,Claimant without legal merit,0,by the claimant.,Fortune 500 company,modest but growing local company in an emerging economy country,by majority,"agreed on an independent expert randomly selected from a pool of qualified experts who calculated damages for US$2,034,040.00.",1,NA,NA,NA,NA,NA,NA,NA,NA,NA,NA,NA,NA,NA,NA,NA,NA,NA,NA,NA,NA,NA,NA,NA,NA,NA,NA,NA,NA,NA,NA,NA,NA,NA,NA,NA,NA,NA,NA,NA,NA,NA,NA,NA,NA,Investor-State Vignette|Investor-Investor Vignette,530,NA,Respondent,Appointed by Loser,NA,NA,NA,NA,NA
R_1kRNB0vXWhMoXp8,10/28/2015 4:58,10/29/2015 10:03,1,Respondent,a high income economy,a low income economy,Outside jurisdiction,0,by the respondent.,Fortune 500 company,Fortune 500 company,by majority,"each presented equally credible witnesses. The claimant’s expert calculated damages for US$4,002,100.00. The respondent’s expert calculated damages for US$1,059,307.00.",1,1,0,1,0,0,0,0,NA,NA,NA,NA,NA,The claimant commenced proceedings against the respondent in the wrong forum and should be made to compensate the respondent.  There is no prejudice to the claimant as it may still pursue its substantive rights in the appropriate forum.,1,2000000,100,NA,NA,NA,NA,NA,1,0,0,0,0,The respondent lost the case and should bear all costs.,1,1,0,NA,NA,NA,1,0,0,0,Private,NA,NA,0,1,0,1,Investor-State Vignette|Investor-Investor Vignette,531,1,Respondent,Appointed by Winner,5,0,0,1,1
R_1KqcZxZB6fBHxcy,10/26/2015 3:26,10/26/2015 3:27,0,Claimant,a middle income economy,a middle income economy,Claimant without legal merit,0,by the claimant.,Fortune 500 company,modest but growing local company in an emerging economy country,by majority,"agreed on an independent expert randomly selected from a pool of qualified experts who calculated damages for US$2,034,040.00.",1,NA,NA,NA,NA,NA,NA,NA,NA,NA,NA,NA,NA,NA,NA,NA,NA,NA,NA,NA,NA,NA,NA,NA,NA,NA,NA,NA,NA,NA,NA,NA,NA,NA,NA,NA,NA,NA,NA,NA,NA,NA,NA,NA,NA,Investor-Investor Vignette|Investor-State Vignette,532,NA,Respondent,Appointed by Loser,NA,NA,NA,NA,NA
R_1KqBv0XdAHVQKnq,10/23/2015 15:56,10/23/2015 16:18,0,Respondent,a middle income economy,a low income economy,Claimant without legal merit,1,by the respondent.,Fortune 500 company,modest but growing local company in an emerging economy country,by majority,"each presented equally credible witnesses. The claimant’s expert calculated damages for US$4,002,100.00. The respondent’s expert calculated damages for US$1,059,307.00.",1,NA,NA,NA,NA,NA,NA,NA,NA,NA,NA,NA,NA,NA,NA,NA,NA,NA,NA,NA,NA,NA,NA,NA,NA,NA,NA,NA,NA,NA,NA,NA,NA,NA,NA,NA,NA,NA,NA,NA,NA,NA,NA,NA,NA,Investor-Investor Vignette|Investor-State Vignette,533,NA,Respondent,Appointed by Winner,NA,NA,NA,NA,NA
R_1kLdyZAktEfV07o,10/27/2015 12:53,10/27/2015 13:31,1,Blind,a middle income economy,a middle income economy,Claimant wins,1,.,modest but growing local company in an emerging economy country,Fortune 500 company,unanimously,"each presented equally credible witnesses. The claimant’s expert calculated damages for US$4,002,100.00. The respondent’s expert calculated damages for US$1,059,307.00.",1,1,100,0,0,0,0,1,1,0,0,0,0,the award decided on full liability of the respondent without attenuating circumstances.,1,2500,51,0,0,0,1,0,NA,NA,NA,NA,NA,damages are awarded half a way between the two opposing experts' assessments. It is fair to have the respondent whose liability was decided in the award to pay a part of the Claimantr's expenses,1,1,0,0,0,1,1,0,0,0,Private,Doctorate,1,0,1,0,1,Investor-Investor Vignette|Investor-State Vignette,534,5,Claimant,Blind,5,0,0,1,1
R_1KcHsIIs74mSXwq,10/23/2015 16:50,10/23/2015 17:36,1,Claimant,a middle income economy,a middle income economy,Outside jurisdiction,0,by the claimant.,modest but growing local company in an emerging economy country,modest but growing local company in an emerging economy country,by majority,"each presented equally credible witnesses. The claimant’s expert calculated damages for US$4,002,100.00. The respondent’s expert calculated damages for US$1,059,307.00.",1,1,-99,0,0,1,0,0,NA,NA,NA,NA,NA,"The tribunal's decison is based on a preliminary issue of jurisdiction and competence thus the dispute is yet to be resolved and fault has not yet been established and apportioned.  /  / If there were no preliminary issue like jurisdiction and competence of the tribunal and fault was established, then the faulty party should have been ordered to indemnify the other party from associated  costs.",1,3000000,100,NA,NA,NA,NA,NA,1,0,0,0,0,"The respondents breached the contract and failed to amicably settle the dispute by rectifying it's breach which led to the arbitration with cost implications. Therefore, the claimant should be fully indemnified unless they have a contributory fault",1,1,0,0,1,0,0,0,1,0,Public,Bachelor's,1,0,1,0,1,Investor-State Vignette|Investor-Investor Vignette,536,3,Respondent,Appointed by Loser,3,1,0,0,0
R_1K7kgucCFSapnl5,10/23/2015 17:20,10/23/2015 17:33,1,Parties,a middle income economy,a low income economy,Outside jurisdiction,0,by the parties.,modest but growing local company in an emerging economy country,modest but growing local company in an emerging economy country,by majority,"each presented equally credible witnesses. The claimant’s expert calculated damages for US$4,002,100.00. The respondent’s expert calculated damages for US$1,059,307.00.",1,1,0,1,0,0,0,0,NA,NA,NA,NA,NA,claimant being an investment company most probably being the one who imosed the arbitration clause and the tribunal is in a better position to judge jurisdictional issues and should bear the cost of its misrakes.,1,2500000,100,1,0,0,0,0,NA,NA,NA,NA,NA,Damages must be averaged in view of the diverging opinion of experts. There is no reason to prefer one to the other. Costs should follow the general rule of being charged to the losing party.,1,1,0,0,0,1,1,0,0,0,Private,NA,1,0,1,0,1,Investor-State Vignette|Investor-Investor Vignette,537,1,Respondent,Parties,5,0,0,1,1
R_1JVeuEK3kxOyJTv,10/27/2015 13:13,10/27/2015 13:14,0,Parties,a high income economy,a middle income economy,Outside jurisdiction,1,by the parties.,modest but growing local company in an emerging economy country,modest but growing local company in an emerging economy country,unanimously,"agreed on an independent expert randomly selected from a pool of qualified experts who calculated damages for US$2,034,040.00.",1,NA,NA,NA,NA,NA,NA,NA,NA,NA,NA,NA,NA,NA,NA,NA,NA,NA,NA,NA,NA,NA,NA,NA,NA,NA,NA,NA,NA,NA,NA,NA,NA,NA,NA,NA,NA,NA,NA,NA,NA,NA,NA,NA,NA,Investor-Investor Vignette|Investor-State Vignette,538,NA,Respondent,Parties,NA,NA,NA,NA,NA
R_1joIVhafU5nFNP4,10/27/2015 12:46,10/27/2015 12:50,0,Claimant,a middle income economy,a middle income economy,Respondent wins,1,by the claimant.,modest but growing local company in an emerging economy country,modest but growing local company in an emerging economy country,unanimously,"each presented equally credible witnesses. The claimant’s expert calculated damages for US$4,002,100.00. The respondent’s expert calculated damages for US$1,059,307.00.",1,1,-99,0,0,0,0,1,1,0,0,0,0,NA,1,NA,-99,NA,NA,NA,NA,NA,-99,-99,-99,-99,-99,NA,NA,NA,NA,NA,NA,NA,NA,NA,NA,NA,NA,NA,NA,NA,NA,NA,NA,Investor-State Vignette|Investor-Investor Vignette,539,5,Respondent,Appointed by Loser,1,0,0,0,0
R_1JCMcIkMkKJmo13,10/27/2015 13:06,10/27/2015 13:33,1,Respondent,a high income economy,a low income economy,Respondent wins,0,by the respondent.,modest but growing local company in an emerging economy country,modest but growing local company in an emerging economy country,by majority,"agreed on an independent expert randomly selected from a pool of qualified experts who calculated damages for US$2,034,040.00.",1,1,0,1,0,0,0,0,NA,NA,NA,NA,NA,"The Respondent should not be made to pay or share the costs and expenses of this litigation, because (a) Respondent successfully defended the Claimant's claims against it; (b) Respondent has been compelled to incur costs and expenses to defend claims that but for Claimant's resort to arbitration would not arisen; and (c) Respondent's conduct and that of its counsel were not found to be unethical (i.e. in the form of dilatory tactics) which, if unethical, would in practice make Respondent answerable for some part of the costs and expenses.",1,2034040,100,0,0,0,0,1,NA,NA,NA,NA,NA,The Respondent lost the arbitration and should as a rule pay Claimant the awarded damages as well as Claimant's arbitration costs and expenses.,1,1,0,0,1,0,1,0,0,0,Private,Doctorate,1,0,1,0,1,Investor-State Vignette|Investor-Investor Vignette,540,1,Respondent,Appointed by Winner,5,0,0,1,1
R_1IymBxWlhqlBi8N,10/28/2015 3:27,10/28/2015 4:53,1,Blind,a high income economy,a low income economy,Claimant wins,1,.,modest but growing local company in an emerging economy country,Fortune 500 company,by majority,"agreed on an independent expert randomly selected from a pool of qualified experts who calculated damages for US$2,034,040.00.",1,1,50,0,0,0,1,0,0,1,0,0,0,"Costs follow the award is generally a good principle and the respondent should bear some of the claimant's expenses. Respondent need not bear claimant's fees of its counsel (high fee lawyers and legal team costs, for example) but the respondent can bear the claimant's share of the tribunal's fees.",1,2034040,50,0,0,0,0,1,NA,NA,NA,NA,NA,"loser pays costs in a commercial arbitration. In any event, claimant's costs will be significantly lower than the respondent's costs given that the claimant is a modest but growing local company in an emerging economy country!",1,NA,NA,NA,NA,NA,NA,NA,NA,NA,NA,NA,NA,-99,-99,NA,-99,Investor-State Vignette|Investor-Investor Vignette,541,4,Claimant,Blind,4,0,1,0,1
R_1IsiEKy3oExWxyu,10/27/2015 12:46,10/27/2015 13:00,0,Parties,a middle income economy,a low income economy,Respondent wins,0,by the parties.,Fortune 500 company,Fortune 500 company,unanimously,"agreed on an independent expert randomly selected from a pool of qualified experts who calculated damages for US$2,034,040.00.",1,NA,NA,NA,NA,NA,NA,NA,NA,NA,NA,NA,NA,NA,NA,NA,NA,NA,NA,NA,NA,NA,NA,NA,NA,NA,NA,NA,NA,NA,NA,NA,NA,NA,NA,NA,NA,NA,NA,NA,NA,NA,NA,NA,NA,Investor-State Vignette|Investor-Investor Vignette,544,NA,Respondent,Parties,NA,NA,NA,NA,NA
R_1IRHJImfXiluDH6,10/26/2015 2:16,10/26/2015 2:17,0,Respondent,a middle income economy,a middle income economy,Claimant wins,1,by the respondent.,Fortune 500 company,Fortune 500 company,unanimously,"each presented equally credible witnesses. The claimant’s expert calculated damages for US$4,002,100.00. The respondent’s expert calculated damages for US$1,059,307.00.",1,NA,NA,NA,NA,NA,NA,NA,NA,NA,NA,NA,NA,NA,NA,NA,NA,NA,NA,NA,NA,NA,NA,NA,NA,NA,NA,NA,NA,NA,NA,NA,NA,NA,NA,NA,NA,NA,NA,NA,NA,NA,NA,NA,NA,Investor-Investor Vignette|Investor-State Vignette,545,NA,Claimant,Appointed by Loser,NA,NA,NA,NA,NA
R_1Io3XGHvaBhkzzH,10/23/2015 16:37,10/23/2015 16:37,0,Respondent,a middle income economy,a low income economy,Outside jurisdiction,1,by the respondent.,Fortune 500 company,Fortune 500 company,unanimously,"agreed on an independent expert randomly selected from a pool of qualified experts who calculated damages for US$2,034,040.00.",1,NA,NA,NA,NA,NA,NA,NA,NA,NA,NA,NA,NA,NA,NA,NA,NA,NA,NA,NA,NA,NA,NA,NA,NA,NA,NA,NA,NA,NA,NA,NA,NA,NA,NA,NA,NA,NA,NA,NA,NA,NA,NA,NA,NA,Investor-Investor Vignette|Investor-State Vignette,546,NA,Respondent,Appointed by Winner,NA,NA,NA,NA,NA
R_1ikv1UvThCCnakv,10/27/2015 12:42,10/27/2015 12:42,0,Claimant,a high income economy,a low income economy,Claimant wins,1,by the claimant.,modest but growing local company in an emerging economy country,Fortune 500 company,by majority,"agreed on an independent expert randomly selected from a pool of qualified experts who calculated damages for US$2,034,040.00.",1,NA,NA,NA,NA,NA,NA,NA,NA,NA,NA,NA,NA,NA,NA,NA,NA,NA,NA,NA,NA,NA,NA,NA,NA,NA,NA,NA,NA,NA,NA,NA,NA,NA,NA,NA,NA,NA,NA,NA,NA,NA,NA,NA,NA,Investor-State Vignette|Investor-Investor Vignette,549,NA,Claimant,Appointed by Winner,NA,NA,NA,NA,NA
R_1Ii1p4eby4TTS0y,10/23/2015 19:31,10/23/2015 19:39,1,Claimant,a high income economy,a middle income economy,Respondent wins,1,by the claimant.,modest but growing local company in an emerging economy country,modest but growing local company in an emerging economy country,unanimously,"agreed on an independent expert randomly selected from a pool of qualified experts who calculated damages for US$2,034,040.00.",1,1,50,0,0,1,0,0,0,0,1,0,0,NA,1,2034040,50,NA,NA,NA,NA,NA,0,0,1,0,0,NA,1,1,0,0,1,0,0,1,0,0,Academic,Master's,1,0,1,0,1,Investor-State Vignette|Investor-Investor Vignette,550,3,Respondent,Appointed by Loser,3,1,0,0,0
R_1ib328I7S2Bmsfr,10/27/2015 12:42,10/27/2015 13:03,1,Respondent,a high income economy,a low income economy,Outside jurisdiction,1,by the respondent.,Fortune 500 company,Fortune 500 company,by majority,"each presented equally credible witnesses. The claimant’s expert calculated damages for US$4,002,100.00. The respondent’s expert calculated damages for US$1,059,307.00.",1,1,-99,0,0,1,0,0,0,0,1,0,0,"The same as question no. 1. The parties should have been aware that this dispute should not have been brought before the tribunal. The dispute must be heard in a different venue in order to decide. Therefore, each party must share in the total cots of bringing this matter before this tribunal.",1,2100000,50,0,0,1,0,0,NA,NA,NA,NA,NA,"The question is problematic in that it does not provide enough information to reach a decision. The answers provided are assumptive. If I were hearing the case, I would need much more material to review and consider to reach a decision on damages and the apportionment of legal costs. With this being said, under the prevailing circumstances I believe it is fair to share an equal amount of the legal expenses. The payment of damages is the only recovery for the Claimant.",1,1,0,1,1,0,0,0,0,1,Private,Master's,1,0,1,0,1,Investor-Investor Vignette|Investor-State Vignette,551,3,Respondent,Appointed by Winner,3,1,0,0,0
R_1I5wfnicOe51Egu,10/27/2015 13:18,10/27/2015 13:28,1,Claimant,a high income economy,a low income economy,Claimant without legal merit,1,by the claimant.,modest but growing local company in an emerging economy country,Fortune 500 company,by majority,"agreed on an independent expert randomly selected from a pool of qualified experts who calculated damages for US$2,034,040.00.",1,1,100,0,0,0,1,0,0,1,0,0,0,"if it is unanimous and claimant's claims are without merit and respondent is a low income economy, it's the fair solution.",1,2034040,-99,NA,NA,NA,NA,NA,-99,-99,-99,-99,-99,"I can't tell from the facts wsho is the prevailing party.  If claimant sued for $10 billion dollars and was only awarded $2Million+, is claimant the prevailing party?  Whast does the contract provide in connection with prevailing party and legal fees.  I would have to weigh all the facts before I reached a conclusion.",1,1,0,1,1,0,0,0,0,1,Private,Master's,1,0,1,0,1,Investor-Investor Vignette|Investor-State Vignette,552,4,Respondent,Appointed by Loser,2,0,0,0,0
R_1HWugkqOiYgaNMZ,10/27/2015 14:19,10/27/2015 14:20,0,Claimant,a high income economy,a low income economy,Outside jurisdiction,1,by the claimant.,Fortune 500 company,modest but growing local company in an emerging economy country,unanimously,"agreed on an independent expert randomly selected from a pool of qualified experts who calculated damages for US$2,034,040.00.",1,NA,NA,NA,NA,NA,NA,NA,NA,NA,NA,NA,NA,NA,NA,NA,NA,NA,NA,NA,NA,NA,NA,NA,NA,NA,NA,NA,NA,NA,NA,NA,NA,NA,NA,NA,NA,NA,NA,NA,NA,NA,NA,NA,NA,Investor-Investor Vignette|Investor-State Vignette,553,NA,Respondent,Appointed by Loser,NA,NA,NA,NA,NA
R_1guu5RmfFPGtQsU,10/28/2015 17:34,10/28/2015 17:46,1,Parties,a middle income economy,a low income economy,Respondent wins,1,by the parties.,Fortune 500 company,modest but growing local company in an emerging economy country,unanimously,"each presented equally credible witnesses. The claimant’s expert calculated damages for US$4,002,100.00. The respondent’s expert calculated damages for US$1,059,307.00.",1,1,10,0,1,0,0,0,0,0,0,1,0,"Obviously I'd need to review the applicable documents, including the rules and treaties, but as a starting point costs should follow the award, with exceptions for extra costs for unjustified motion, etc.",1,NA,-99,-99,-99,-99,-99,-99,NA,NA,NA,NA,NA,There aren't enough facts presented to decide this.,1,1,0,1,1,0,0,0,0,1,Private,JD,1,0,1,0,1,Investor-State Vignette|Investor-Investor Vignette,556,2,Respondent,Parties,4,0,1,0,1
R_1GP9kgFgsFW84Jl,11/4/2015 7:05,11/4/2015 7:37,1,Parties,a high income economy,a low income economy,Claimant wins,0,by the parties.,modest but growing local company in an emerging economy country,Fortune 500 company,by majority,"agreed on an independent expert randomly selected from a pool of qualified experts who calculated damages for US$2,034,040.00.",1,1,50,0,0,1,0,0,NA,NA,NA,NA,NA,"Given the fact that both parties are seeking other party to bear costs, there seems to be no clearly agreed upon mechanism hence it is recommended that both party bear its own expenses. It is also most often difficult ascertain costs / expenses actually incurred, unless there is a cap on the claims on costs.",1,2034040,50,NA,NA,NA,NA,NA,0,1,0,0,0,"Given a condition that there is no agreement on how the cost is to be shared, the fees and expenses of the arbitrators and the ICC administrative expenses fixed by the Court should be shared both parties, however the losing party being respondent, they should pay for the assessment of damages being at fault.",1,1,0,0,1,0,0,0,0,1,Private,Master's,1,0,1,0,1,Investor-State Vignette|Investor-Investor Vignette,557,3,Claimant,Parties,3,1,0,0,0
R_1GB8bS4lqAjeGcN,10/23/2015 16:47,10/23/2015 17:07,1,Blind,a high income economy,a low income economy,Outside jurisdiction,0,.,modest but growing local company in an emerging economy country,Fortune 500 company,by majority,"agreed on an independent expert randomly selected from a pool of qualified experts who calculated damages for US$2,034,040.00.",1,1,0,1,0,0,0,0,NA,NA,NA,NA,NA,NA,1,-88,100,NA,NA,NA,NA,NA,0,1,0,0,0,"I do not understand your 1st question. Where the sum $4,002,100.00 comes from?",1,1,0,0,0,1,1,0,0,0,Private,Doctorate,1,0,1,0,1,Investor-Investor Vignette|Investor-State Vignette,559,1,Respondent,Blind,5,0,0,1,1
R_1GB587kjjfIHbQP,10/27/2015 12:43,10/27/2015 12:44,0,Respondent,a middle income economy,a middle income economy,Claimant without legal merit,1,by the respondent.,Fortune 500 company,Fortune 500 company,by majority,"agreed on an independent expert randomly selected from a pool of qualified experts who calculated damages for US$2,034,040.00.",1,NA,NA,NA,NA,NA,NA,NA,NA,NA,NA,NA,NA,NA,NA,NA,NA,NA,NA,NA,NA,NA,NA,NA,NA,NA,NA,NA,NA,NA,NA,NA,NA,NA,NA,NA,NA,NA,NA,NA,NA,NA,NA,NA,NA,Investor-State Vignette|Investor-Investor Vignette,560,NA,Respondent,Appointed by Winner,NA,NA,NA,NA,NA
R_1g0FzIT2hGLB5Nd,10/27/2015 18:28,10/27/2015 18:35,1,Parties,a high income economy,a low income economy,Outside jurisdiction,0,by the parties.,modest but growing local company in an emerging economy country,modest but growing local company in an emerging economy country,by majority,"each presented equally credible witnesses. The claimant’s expert calculated damages for US$4,002,100.00. The respondent’s expert calculated damages for US$1,059,307.00.",1,1,50,0,0,1,0,0,NA,NA,NA,NA,NA,Complicated issues.  Both parties behaved reasonably.  No reason to penalise either party.,1,-88,80,0,0,1,0,0,NA,NA,NA,NA,NA,NA,1,1,0,0,1,0,1,0,0,0,Private,Master's,1,0,1,0,1,Investor-State Vignette|Investor-Investor Vignette,562,3,Respondent,Parties,3,1,0,0,0
R_1FFDYI5JESNyVgG,10/27/2015 12:43,10/27/2015 18:57,1,Respondent,a middle income economy,a middle income economy,Claimant wins,0,by the respondent.,Fortune 500 company,modest but growing local company in an emerging economy country,by majority,"each presented equally credible witnesses. The claimant’s expert calculated damages for US$4,002,100.00. The respondent’s expert calculated damages for US$1,059,307.00.",1,1,100,-99,-99,-99,-99,-99,NA,NA,NA,NA,NA,Attorney fees and costs would be determined by the contract or the governing substantive law in the absence of a contractual provision addressing attorney fees and costs.  Neither of those have been provided.,1,-88,100,NA,NA,NA,NA,NA,-99,-99,-99,-99,-99,"Not enough info provided for damages issue or for attorney fees and expenses issue.  The latter depends upon the contract and/or the governing substantive law, neither of which has been provided.",1,1,0,1,1,0,0,0,0,1,Private,JD,1,0,1,0,1,Investor-Investor Vignette|Investor-State Vignette,565,NA,Claimant,Appointed by Loser,NA,NA,NA,NA,NA
R_1feAeMU3wnlaLlY,11/5/2015 4:14,11/5/2015 4:15,1,Blind,a high income economy,a low income economy,Claimant wins,0,.,modest but growing local company in an emerging economy country,modest but growing local company in an emerging economy country,by majority,"agreed on an independent expert randomly selected from a pool of qualified experts who calculated damages for US$2,034,040.00.",1,1,-99,-99,-99,-99,-99,-99,NA,NA,NA,NA,NA,NA,1,NA,-99,-99,-99,-99,-99,-99,NA,NA,NA,NA,NA,NA,1,NA,NA,NA,NA,NA,NA,NA,NA,NA,NA,NA,NA,-99,-99,NA,-99,Investor-State Vignette|Investor-Investor Vignette,566,NA,Claimant,Blind,NA,NA,NA,NA,NA
R_1fdy0Yl8rTGDvxC,10/25/2015 0:09,10/25/2015 0:40,1,Respondent,a high income economy,a low income economy,Claimant wins,0,by the respondent.,modest but growing local company in an emerging economy country,Fortune 500 company,by majority,"each presented equally credible witnesses. The claimant’s expert calculated damages for US$4,002,100.00. The respondent’s expert calculated damages for US$1,059,307.00.",1,1,50,0,0,1,0,0,NA,NA,NA,NA,NA,Tribunal expenses is shared 50%/50% by each party. Each party bears its own legal expenses. / The reason is that there are several reasons for the dispute to arise in an infrastructure project. Tender document is interpreted differently by the parties to suit their interest. There are chances that they settle dispute amicably. In such case parties could avoid cost associated to tribunal and other legal fees. It is the choice of the parties to go to arbitration. Therefore each party should bear the  legal expenses.,1,2530703,50,NA,NA,NA,NA,NA,0,0,1,0,0,"The figure I have given is the average of the two. In practice, we enter into the merit of each case, calculate the award based upon the merit. At times it can be zero or it can be full claim amount. If tribunal finds difficulty in calculating, it takes help of experts. /  / Tribunal cost is shared by the parties equally and other legal cost is borne by each party.",1,1,0,0,1,0,0,1,0,0,Academic,Doctorate,1,0,1,0,1,Investor-State Vignette|Investor-Investor Vignette,567,3,Claimant,Appointed by Loser,3,1,0,0,0
R_1fadgnHsgDcmTp8,10/27/2015 18:11,10/27/2015 18:25,1,Claimant,a middle income economy,a middle income economy,Claimant wins,1,by the claimant.,Fortune 500 company,Fortune 500 company,by majority,"agreed on an independent expert randomly selected from a pool of qualified experts who calculated damages for US$2,034,040.00.",1,1,100,0,0,0,1,0,0,1,0,0,0,"Costs follow the event. The arbitral proceedings wouldn't be necessary if it wasn't Respondent's conduct. Thus the direct costs of the processo (arbitrators fees and centre's fees) shall be born by Respondent. Other Claimant's costs shall also be reimbursed. However, these other costs shall be reasonable and the Tribunal must assess the reasonability of lawyers fees, translations costs, etc. in order to avoid that a party unlawfully charge the other for non-existent costs. This is especially important in investment arbitration.",1,2034040,100,0,1,0,0,0,NA,NA,NA,NA,NA,"The amount of damages to be awarded seems to me to be the exact amount the expert appointed in his analysis. It may only be different in very special circumstances.  / About costs allocation, the same answer I gave in the Investment arbitration applies here. Costs follow the event. Arbitral fees shall be fully paid by the losing party and reasonable attorney and other fees shall be reimbursed.",1,1,0,0,0,1,1,0,0,0,Private,Doctorate,1,0,1,0,1,Investor-State Vignette|Investor-Investor Vignette,568,4,Claimant,Appointed by Winner,4,0,1,0,1
R_1F3S40tuA030XoK,10/30/2015 8:28,10/30/2015 8:41,1,Blind,a high income economy,a low income economy,Respondent wins,1,.,Fortune 500 company,modest but growing local company in an emerging economy country,unanimously,"agreed on an independent expert randomly selected from a pool of qualified experts who calculated damages for US$2,034,040.00.",1,1,90,1,0,0,0,0,0,0,0,0,1,This is correct on your facts and largely the norm.,1,2000000,90,0,0,0,1,0,NA,NA,NA,NA,NA,Basically costs follow the event--but fees and costs should be reduced if the Claimant's legal costs were excessive,1,1,0,1,1,1,1,0,0,0,Private,JD,1,0,1,0,1,Investor-State Vignette|Investor-Investor Vignette,569,1,Respondent,Blind,5,0,0,1,1
R_1eIWROf2PXbtmPe,10/23/2015 16:39,10/23/2015 16:48,1,Respondent,a middle income economy,a middle income economy,Claimant without legal merit,1,by the respondent.,Fortune 500 company,Fortune 500 company,unanimously,"each presented equally credible witnesses. The claimant’s expert calculated damages for US$4,002,100.00. The respondent’s expert calculated damages for US$1,059,307.00.",1,1,0,1,0,0,0,0,0,0,0,0,1,"Since the Claimant's claims have been found without legal merit, it would be unfair to make the Respondent pay for the expenses imposed on him by the claim.",1,4002100,100,NA,NA,NA,NA,NA,1,0,0,0,0,"The losing party should pay all expenses. The amount of damages would depend on the evidence and the arguments presented by the experts, and I allocated 100% of the amount claimed by the winning party in the assumption that such evidence and arguments were convincing.",1,1,0,0,0,1,1,0,0,0,Private,Master's,1,0,1,0,1,Investor-State Vignette|Investor-Investor Vignette,571,1,Respondent,Appointed by Winner,5,0,0,1,1
R_1Eczv9FQh4zXFgP,10/27/2015 12:58,10/27/2015 13:09,1,Blind,a high income economy,a middle income economy,Outside jurisdiction,1,.,modest but growing local company in an emerging economy country,modest but growing local company in an emerging economy country,by majority,"agreed on an independent expert randomly selected from a pool of qualified experts who calculated damages for US$2,034,040.00.",1,1,-99,0,0,1,0,0,0,0,1,0,0,"Each party argued substantive points and neither argued a jurisdictional basis.  Accordingly, there is no prevailing party on that dismissal for lack of jurisdiction. Further, if we are without jurisdiction to award substantive relief, I believe it would be inappropriate to award fees as a ""penalty.""  Lastly, the parties still have a remedy and can pursue fees at the conclusion of the proceedings (if allowed by the law of the forum) in any subsequent proceedings..",1,2034040,100,NA,NA,NA,NA,NA,1,0,0,0,0,"the principle of contract law is to place the non-breaching party in the same place it would have been if the contract had not been breached.  I believe it is necessary to award REASONABLE costs, expenses, and fees to the prevailing party, otherwise, the prevailing party is not made whole.",1,1,0,1,1,0,1,0,0,0,Private,Master's,1,0,1,0,1,Investor-Investor Vignette|Investor-State Vignette,572,3,Respondent,Blind,3,1,0,0,0
R_1E4mKPAuHqcrl2A,10/23/2015 16:13,10/23/2015 16:13,0,Blind,a high income economy,a middle income economy,Outside jurisdiction,1,.,Fortune 500 company,modest but growing local company in an emerging economy country,by majority,"each presented equally credible witnesses. The claimant’s expert calculated damages for US$4,002,100.00. The respondent’s expert calculated damages for US$1,059,307.00.",1,NA,NA,NA,NA,NA,NA,NA,NA,NA,NA,NA,NA,NA,NA,NA,NA,NA,NA,NA,NA,NA,NA,NA,NA,NA,NA,NA,NA,NA,NA,NA,NA,NA,NA,NA,NA,NA,NA,NA,NA,NA,NA,NA,NA,Investor-State Vignette|Investor-Investor Vignette,573,NA,Respondent,Blind,NA,NA,NA,NA,NA
R_1Duvsd9YlJBhwXh,10/28/2015 10:20,10/28/2015 10:27,1,Respondent,a middle income economy,a middle income economy,Claimant wins,1,by the respondent.,modest but growing local company in an emerging economy country,modest but growing local company in an emerging economy country,unanimously,"each presented equally credible witnesses. The claimant’s expert calculated damages for US$4,002,100.00. The respondent’s expert calculated damages for US$1,059,307.00.",1,1,100,0,0,0,0,1,1,0,0,0,0,NA,1,2500000,50,NA,NA,NA,NA,NA,0,0,1,0,0,NA,1,1,0,0,0,1,1,0,0,0,Private,Doctorate,1,0,1,0,1,Investor-Investor Vignette|Investor-State Vignette,575,5,Claimant,Appointed by Loser,5,0,0,1,1
R_1duVRYrSW6ss0I3,10/26/2015 4:59,10/26/2015 5:17,1,Claimant,a high income economy,a low income economy,Claimant without legal merit,0,by the claimant.,modest but growing local company in an emerging economy country,modest but growing local company in an emerging economy country,unanimously,"each presented equally credible witnesses. The claimant’s expert calculated damages for US$4,002,100.00. The respondent’s expert calculated damages for US$1,059,307.00.",1,1,0,0,1,0,0,0,NA,NA,NA,NA,NA,NA,1,2500000,60,NA,NA,NA,NA,NA,0,1,0,0,0,"The reason for parties ended up having an arbitration must be taken into consideration. If any party had failed to take necessary steps to settle the matter through negotiation or mediation or any other less formal dispute resolution method then the culpable party should be obliged to pay higher proportion of costs. Since both parties acted reasonably, the Respondent should reimburse some of the Claimant's expenses.",1,1,0,0,1,0,1,0,0,0,Private,Master's,1,0,1,0,1,Investor-Investor Vignette|Investor-State Vignette,576,2,Respondent,Appointed by Loser,4,0,1,0,1
R_1dL8SMHLf1zhUMs,10/23/2015 19:00,10/25/2015 9:42,1,Respondent,a high income economy,a low income economy,Outside jurisdiction,1,by the respondent.,modest but growing local company in an emerging economy country,Fortune 500 company,by majority,"agreed on an independent expert randomly selected from a pool of qualified experts who calculated damages for US$2,034,040.00.",1,1,-99,0,1,0,0,0,0,0,0,1,0,"Claimant should in principle bear all expenses, because he submitted his claim before a court that was not competent. However, the particularities and the difficulty of the case should also be taken into account, including the behavior of the respondent, before adjudicating on expenses.",1,1800000,75,0,0,0,0,1,NA,NA,NA,NA,NA,"I note that unanimously the tribunal decided that tha Respondent breached the contract. I also note that the parties agreed that the damages would be assessed by an independent expert and that counsel of both parties acted professionally and ethically. In this situation,  in principle the respondent loses the case and should bear the burden of the cost thereof. However, as either the presiding arbiter or the arbiter nominated by the claimant' suggest a good compromise, I would be inclined to reach that compromise by slightly reducing the damages and putting the administrative costs of the arbitration partly at the charge of the claimant.",1,1,0,0,0,1,0,0,0,1,Public,Doctorate,1,0,1,0,1,Investor-State Vignette|Investor-Investor Vignette,580,2,Respondent,Appointed by Winner,4,0,1,0,1
R_1diPZvQOvbBIYE9,10/24/2015 11:29,10/24/2015 11:50,1,Parties,a high income economy,a middle income economy,Claimant without legal merit,0,by the parties.,modest but growing local company in an emerging economy country,modest but growing local company in an emerging economy country,by majority,"each presented equally credible witnesses. The claimant’s expert calculated damages for US$4,002,100.00. The respondent’s expert calculated damages for US$1,059,307.00.",1,1,0,0,1,0,0,0,NA,NA,NA,NA,NA,"1) The Respondent was completely successful (claims without merit, no counterclaim dismissed, no challenge to tribunale jurisdiction raiesd by the Respondent and - then - dismissed); so, it is up to the Claimant to bear all costs of the arbitral tribunal. / 2) Claimant shall reimburse all cost reasonably incurred by the Respondent, as stated in rule 28(2) ICSID Arbitration Rules",1,1059307,-99,0,0,1,0,0,NA,NA,NA,NA,NA,"The amount of damages: this is a matter of burden of proof, as we have to equally credible expert witnesses. It is up to the Claimant giving evidence supporting its claim; if it fails to do so, only the lower (and substantially agreed) sum can be awarded. / Costs of arbitration: the Claimant succeeded on the issue of breach of contract, while the Respondent succeeded on damages; in my opinion, it is fair and equitable that the parties shall bear costs equally. / For the same reason, each party shall bear its own expenses. /",1,1,0,0,0,1,1,0,0,0,Private,NA,1,0,1,0,1,Investor-State Vignette|Investor-Investor Vignette,581,2,Respondent,Parties,4,0,1,0,1
R_1DGXoDYY9jszgiL,10/25/2015 9:55,10/25/2015 10:00,0,Respondent,a middle income economy,a middle income economy,Outside jurisdiction,1,by the respondent.,Fortune 500 company,Fortune 500 company,by majority,"agreed on an independent expert randomly selected from a pool of qualified experts who calculated damages for US$2,034,040.00.",1,NA,NA,NA,NA,NA,NA,NA,NA,NA,NA,NA,NA,NA,NA,NA,NA,NA,NA,NA,NA,NA,NA,NA,NA,NA,NA,NA,NA,NA,NA,NA,NA,NA,NA,NA,NA,NA,NA,NA,NA,NA,NA,NA,NA,Investor-Investor Vignette|Investor-State Vignette,582,NA,Respondent,Appointed by Winner,NA,NA,NA,NA,NA
R_1d14m5suFX3LmUK,10/27/2015 16:34,10/27/2015 16:48,1,Parties,a high income economy,a low income economy,Outside jurisdiction,1,by the parties.,Fortune 500 company,Fortune 500 company,by majority,"each presented equally credible witnesses. The claimant’s expert calculated damages for US$4,002,100.00. The respondent’s expert calculated damages for US$1,059,307.00.",1,1,49,0,0,1,0,0,0,0,1,0,0,"This is not a decision on the merits of claims; thus, unless the parties' investment treaty permits recovery of fees or expenses on the basis of mere submittal by Claimant (which is not a fact identified in your fact summary), each party would bear their own fees and expenses arising from this procedural ruling.",1,-88,97,NA,NA,NA,NA,NA,1,0,0,0,0,"There was nothing in the facts presented to suggest that there was anything but an unqualified determination on the merits in favor of the Claimant.  Unless the parties have a contractual agreement that apportioned the costs and expenses of the arbitration another way, these would be recoverable costs for the Claimant as a result.",1,0,1,1,1,0,1,0,0,0,Private,JD,1,0,1,0,1,Investor-Investor Vignette|Investor-State Vignette,583,3,Respondent,Parties,3,1,0,0,0
R_1cRQ1dcbgUKoqpc,10/26/2015 0:43,10/26/2015 0:47,0,Respondent,a high income economy,a low income economy,Respondent wins,0,by the respondent.,Fortune 500 company,modest but growing local company in an emerging economy country,by majority,"each presented equally credible witnesses. The claimant’s expert calculated damages for US$4,002,100.00. The respondent’s expert calculated damages for US$1,059,307.00.",1,NA,NA,NA,NA,NA,NA,NA,NA,NA,NA,NA,NA,NA,NA,NA,NA,NA,NA,NA,NA,NA,NA,NA,NA,NA,NA,NA,NA,NA,NA,NA,NA,NA,NA,NA,NA,NA,NA,NA,NA,NA,NA,NA,NA,Investor-Investor Vignette|Investor-State Vignette,584,NA,Respondent,Appointed by Winner,NA,NA,NA,NA,NA
R_1Cg6RZ8uiBh2M1r,10/23/2015 16:13,10/23/2015 16:22,1,Claimant,a high income economy,a low income economy,Claimant wins,1,by the claimant.,modest but growing local company in an emerging economy country,modest but growing local company in an emerging economy country,by majority,"agreed on an independent expert randomly selected from a pool of qualified experts who calculated damages for US$2,034,040.00.",1,1,100,0,0,0,0,1,1,0,0,0,0,Costs follow the result.,1,2034040,100,0,0,0,0,1,NA,NA,NA,NA,NA,Costs follow the result. Expert's view on damages is only evidence put forth,1,1,0,1,1,0,0,0,0,1,Private,Bachelor's,1,0,1,0,1,Investor-Investor Vignette|Investor-State Vignette,585,5,Claimant,Appointed by Winner,5,0,0,1,1
R_1CDWiCgB7uIewir,10/29/2015 17:21,10/30/2015 16:10,1,Respondent,a high income economy,a low income economy,Claimant wins,1,by the respondent.,Fortune 500 company,Fortune 500 company,by majority,"each presented equally credible witnesses. The claimant’s expert calculated damages for US$4,002,100.00. The respondent’s expert calculated damages for US$1,059,307.00.",1,1,100,0,0,0,0,1,1,0,0,0,0,"If a party has been treated in an unlawful manner by another party and has no choice but to take legal action to obtain redress for the unlawful act, and a neutral third party determines that the counterparty acted unlawfully, the party seeking redress should have all of its costs reimbursed in order to be made whole.  Under the above scenario, there was no finding that the claimant acted unlawfully or in bad faith.",1,-88,50,NA,NA,NA,NA,NA,0,0,1,0,0,"Not enough information is provided here.  Since the award was a majority decision in favor of the claimant, I am assuming that I dissented (as the arbitrator appointed by the respondent).  If that assumption is warranted, then I would be inclined to say that the fees and expenses should be split.   /  / Also, the question on damages would be fact specific.  I cannot provide a reasonable answer based on the limited information provided.",1,1,0,1,1,0,1,0,0,0,Private,JD,1,1,0,0,1,Investor-State Vignette|Investor-Investor Vignette,586,5,Claimant,Appointed by Loser,5,0,0,1,1
R_1BNhDUyq06qp4Gh,10/23/2015 16:02,10/26/2015 13:31,1,Respondent,a high income economy,a low income economy,Outside jurisdiction,1,by the respondent.,Fortune 500 company,Fortune 500 company,by majority,"agreed on an independent expert randomly selected from a pool of qualified experts who calculated damages for US$2,034,040.00.",1,1,-99,-99,-99,-99,-99,-99,-99,-99,-99,-99,-99,NA,1,2034040,50,0,0,1,0,0,NA,NA,NA,NA,NA,"Since arbitration is by consent, there is no evidence of any misconduct or wrongdoing in the process , both sides (big companies) are equally positioned to pay for the  process, and the dispute appears to have a genuine one, each side should bear its own legal costs.",1,NA,NA,NA,NA,NA,NA,NA,NA,NA,NA,NA,NA,-99,-99,NA,-99,Investor-Investor Vignette|Investor-State Vignette,589,NA,Respondent,Appointed by Winner,NA,NA,NA,NA,NA
R_1AlTjnnO1bUprX3,10/23/2015 20:30,10/24/2015 3:53,1,Blind,a high income economy,a middle income economy,Outside jurisdiction,1,.,Fortune 500 company,Fortune 500 company,unanimously,"each presented equally credible witnesses. The claimant’s expert calculated damages for US$4,002,100.00. The respondent’s expert calculated damages for US$1,059,307.00.",1,1,0,1,0,0,0,0,0,0,0,0,1,The respondent succeeded in dismissing the claim,1,NA,-99,-99,-99,-99,-99,-99,NA,NA,NA,NA,NA,This question demonstrates that arbitration can be a very flawed process.  It is up to the arbitrator to determine what is the correct amount.  It is not his job to pick a number that all parties may feel happy with,1,1,0,0,1,0,1,0,0,0,Private,Master's,1,-99,-99,0,1,Investor-State Vignette|Investor-Investor Vignette,590,1,Respondent,Blind,5,0,0,1,1
R_1AGPH3BjXgYr6NP,10/24/2015 5:59,10/26/2015 11:39,0,Parties,a high income economy,a middle income economy,Claimant wins,1,by the parties.,Fortune 500 company,Fortune 500 company,unanimously,"each presented equally credible witnesses. The claimant’s expert calculated damages for US$4,002,100.00. The respondent’s expert calculated damages for US$1,059,307.00.",1,NA,NA,NA,NA,NA,NA,NA,NA,NA,NA,NA,NA,NA,NA,NA,NA,NA,NA,NA,NA,NA,NA,NA,NA,NA,NA,NA,NA,NA,NA,NA,NA,NA,NA,NA,NA,NA,NA,NA,NA,NA,NA,NA,NA,Investor-Investor Vignette|Investor-State Vignette,591,NA,Claimant,Parties,NA,NA,NA,NA,NA
R_12yAg8bOvj9hIqF,10/29/2015 9:58,10/29/2015 10:07,1,Respondent,a high income economy,a low income economy,Claimant wins,1,by the respondent.,modest but growing local company in an emerging economy country,modest but growing local company in an emerging economy country,unanimously,"agreed on an independent expert randomly selected from a pool of qualified experts who calculated damages for US$2,034,040.00.",1,1,100,0,0,0,1,0,0,1,0,0,0,"As the losing party, Respondent should bear the full costs of the arbitration and reimburse claimant for some, but not all, of its expenses.",1,2000000,70,NA,NA,NA,NA,NA,0,1,0,0,0,"Damages award based on analysis of independent expert.  Given nature of dispute and conduct of parties, respondent should bear more of the costs and fees than claimant, but not all.",1,1,0,1,1,0,1,0,0,0,Private,JD,1,1,0,0,1,Investor-Investor Vignette|Investor-State Vignette,592,4,Claimant,Appointed by Loser,4,0,1,0,1
R_12sxLm81y5Hfotj,10/28/2015 3:23,10/28/2015 3:36,1,Parties,a high income economy,a middle income economy,Outside jurisdiction,1,by the parties.,Fortune 500 company,modest but growing local company in an emerging economy country,unanimously,"each presented equally credible witnesses. The claimant’s expert calculated damages for US$4,002,100.00. The respondent’s expert calculated damages for US$1,059,307.00.",1,1,100,0,0,0,0,1,1,0,0,0,0,"See my previous answer. If the tribunal obviously lacks jurisdiction, we would tend to come down fairly hard on the Respondent. If the matter is less obvious, we might be a bit more lenient and let the Claimant pay some of the costs, but rarely more than 10%.",1,2500000,71,0,0,0,1,0,NA,NA,NA,NA,NA,"It is not possible to give any reasoning for how the damages should be quantified, but often arbitrators tend to award an amount somewhere between the numbers given by the experts. / As for the costs, I personally tend to award full costs to the party who is predominantly succesful in the arbitration. In this matter, given that the damages awarded might be arrived at by calculatinig an average based on the expert's testimony and reports, we would tend to split the costs but typically unevenly in favour of the party who is predominantly succesful (here the Claimant).",1,1,0,0,0,1,1,0,0,0,Private,Master's,1,0,1,1,0,Investor-Investor Vignette|Investor-State Vignette,593,5,Respondent,Parties,1,0,0,0,0
R_12DWUZr5EYkHggG,10/27/2015 14:13,10/27/2015 14:23,1,Blind,a high income economy,a low income economy,Claimant without legal merit,1,.,Fortune 500 company,Fortune 500 company,by majority,"agreed on an independent expert randomly selected from a pool of qualified experts who calculated damages for US$2,034,040.00.",1,1,0,1,0,0,0,0,0,0,0,0,1,"If the claim is manifestly without legal merit, there is no reasonable basis for requiring the Respondent to pay any portion whatsoever of the costs or expenses. I would apply the loser pays rule in its entirety, as I would in a normal commercial arbitration.",1,2034040,-99,NA,NA,NA,NA,NA,1,0,0,0,0,"On the bare information you have given, the Claimant has won and should be entitled to the payment of all of his costs. It would be otherwise if the Claimant's conduct had caused costs to be wasted in any way - by pursuing allegations that were not successful. It would also be different if the Respondent had made a settlement offer which the Claimant had not beaten. On the facts as you have stated them, however, I would award costs in full to the Claimant.",1,1,0,0,1,0,1,0,0,0,Private,Master's,1,0,1,0,1,Investor-State Vignette|Investor-Investor Vignette,596,1,Respondent,Blind,5,0,0,1,1
R_125xBr21SHXyvsy,10/27/2015 12:40,10/27/2015 12:59,1,Parties,a middle income economy,a middle income economy,Claimant without legal merit,0,by the parties.,modest but growing local company in an emerging economy country,modest but growing local company in an emerging economy country,by majority,"agreed on an independent expert randomly selected from a pool of qualified experts who calculated damages for US$2,034,040.00.",1,1,0,0,1,0,0,0,NA,NA,NA,NA,NA,"1. Again, I'm not familiar with the 2006 Arbitration Rules of the International Centre for Settlement of Investment Disputes, which I would review in an actual arbitration, and which may provide otherwise. (Sorry, but I'm not willing to undertake that work solely for the purpose of your survey.) / 2. Therefore, I've applied my own understanding of the term ""manifestly without legal merit."" This does not mean merely being on the wrong side of the facts and/or law, or that there might have been some good-faith basis for arguing that the law should be changed. It indicates the matter never should have been brought to begin with. It is frivolous. We are essentially -- and unapologetically -- assessing a sanction against the claimant.",1,2034040,50,NA,NA,NA,NA,NA,0,0,1,0,0,"1. I am not familiar with the arbitration rules of the International Chamber of Commerce-Paris. In a real situation, I would consult those rules for what they may say about damage awards, arbitration fees, and expense allocations. / 2. No contract provisions relating to these issues (damages, fees, expenses) have been specified, so I conclude there are none. (If there were, at least one of these professional and ethical counsel would have briefed the panel on them.) / 3. In the absence of items 1 & 2, I have applied the American Rule on such things, having each party pay its own way. The British Rule (loser pays) is also perfectly reasonable, however, if undisclosed information showed that was what the parties intended to arbitrate under (or if that is what the Paris rules provide).",1,1,0,1,1,0,1,0,0,0,Private,JD,1,1,0,0,1,Investor-Investor Vignette|Investor-State Vignette,597,2,Respondent,Parties,4,0,1,0,1
R_11hZz5jznm49gud,10/24/2015 18:17,10/24/2015 18:29,1,Respondent,a middle income economy,a low income economy,Claimant without legal merit,1,by the respondent.,modest but growing local company in an emerging economy country,modest but growing local company in an emerging economy country,by majority,"agreed on an independent expert randomly selected from a pool of qualified experts who calculated damages for US$2,034,040.00.",1,1,0,1,0,0,0,0,0,0,0,0,1,It is international standard that losing party bears tribunal's expenses and reasonable expenses of the winning party.,1,2034040,100,NA,NA,NA,NA,NA,1,0,0,0,0,See answer 1,1,1,0,0,0,1,1,0,0,0,Private,Master's,1,0,1,0,1,Investor-State Vignette|Investor-Investor Vignette,598,1,Respondent,Appointed by Winner,5,0,0,1,1
R_10uerZqlrCyUq6A,10/27/2015 21:24,10/27/2015 21:49,1,Blind,a middle income economy,a low income economy,Outside jurisdiction,1,.,Fortune 500 company,modest but growing local company in an emerging economy country,by majority,"agreed on an independent expert randomly selected from a pool of qualified experts who calculated damages for US$2,034,040.00.",1,1,0,1,0,0,0,0,0,0,0,0,1,"In my view, it would be the Claimants responsibility to claim under the right jurisdiction. If the Claimant had correctly claimed, then both parties and specially the Respondent would not have had to go through this procedure, which did not resolve any issues, but wasted time and money. Hence, the Claimant should be responsible for the costs.",1,2034040,100,0,0,0,0,1,NA,NA,NA,NA,NA,"The Respondent failed to comply with the contract conditions, leading to the damages by the Claimant, if the Respondent had not violated the contract then damages and arbitration proceedings would not take place, then Respondent would be responsible for the costs.  /",1,1,0,0,0,1,1,0,0,0,Private,Master's,1,0,1,0,1,Investor-State Vignette|Investor-Investor Vignette,599,1,Respondent,Blind,5,0,0,1,1
R_10TJV2oqQeVwhst,10/23/2015 16:09,10/23/2015 16:13,0,Parties,a middle income economy,a low income economy,Outside jurisdiction,1,by the parties.,Fortune 500 company,modest but growing local company in an emerging economy country,unanimously,"agreed on an independent expert randomly selected from a pool of qualified experts who calculated damages for US$2,034,040.00.",1,NA,NA,NA,NA,NA,NA,NA,NA,NA,NA,NA,NA,NA,NA,NA,NA,NA,NA,NA,NA,NA,NA,NA,NA,NA,NA,NA,NA,NA,NA,NA,NA,NA,NA,NA,NA,NA,NA,NA,NA,NA,NA,NA,NA,Investor-State Vignette|Investor-Investor Vignette,600,NA,Respondent,Parties,NA,NA,NA,NA,NA
R_10qNHhWTALzkgMX,10/24/2015 15:28,10/24/2015 18:55,0,Claimant,a high income economy,a low income economy,Outside jurisdiction,1,by the claimant.,Fortune 500 company,Fortune 500 company,unanimously,"agreed on an independent expert randomly selected from a pool of qualified experts who calculated damages for US$2,034,040.00.",1,NA,NA,NA,NA,NA,NA,NA,NA,NA,NA,NA,NA,NA,NA,NA,NA,NA,NA,NA,NA,NA,NA,NA,NA,NA,NA,NA,NA,NA,NA,NA,NA,NA,NA,NA,NA,NA,NA,NA,NA,NA,NA,NA,NA,Investor-State Vignette|Investor-Investor Vignette,601,NA,Respondent,Appointed by Loser,NA,NA,NA,NA,NA
R_10DFvqKNz6rLJL1,10/27/2015 14:29,10/27/2015 14:43,1,Respondent,a high income economy,a low income economy,Respondent wins,1,by the respondent.,Fortune 500 company,modest but growing local company in an emerging economy country,unanimously,"agreed on an independent expert randomly selected from a pool of qualified experts who calculated damages for US$2,034,040.00.",1,1,0,1,0,0,0,0,0,0,0,0,1,Loser should pay all of the costs of the arbitration as well as the legal costs and expenses of the prevailing party (provided that the Tribunal finds that the amount of such legal costs and expenses is reasonable).,1,2034040,100,NA,NA,NA,NA,NA,1,0,0,0,0,"As for the decision on costs, the same reasoning as above applies here as well (i.e., loser should pay).  /  / As for the amount of damages to be awarded to Claimant, the Tribunal should follow the findings of a mutually-agreed independent expert (barring some extraordinary circumstances).",1,1,0,0,0,1,1,0,0,0,Private,Master's,1,0,1,0,1,Investor-State Vignette|Investor-Investor Vignette,602,1,Respondent,Appointed by Winner,5,0,0,1,1
R_10Cz5RmwrP68VdR,10/28/2015 1:03,10/28/2015 1:25,1,Claimant,a high income economy,a middle income economy,Claimant without legal merit,1,by the claimant.,Fortune 500 company,Fortune 500 company,unanimously,"each presented equally credible witnesses. The claimant’s expert calculated damages for US$4,002,100.00. The respondent’s expert calculated damages for US$1,059,307.00.",1,1,0,1,0,0,0,0,0,0,0,0,1,"since the claimant case had ''no merit'', and applying a ''but for'' exercise, the respondent would not have incurred these costs, hence, all to be borne by the claimant",1,2530703,-99,NA,NA,NA,NA,NA,1,0,0,0,0,"without looking at the merits of the case it is extremely difficult to come up with a credible amount of damages. it could quite possibly be the 4M, or 1M for that matter. However taking into consideration the high probability of the claimant inflating the amount as well as the respondent ''lowering'' the same, for the purpose of this exercise I've just taken an average.  / in my view, the cost of arbitrators and the ICC should be split in half, although the respondent had lost the case, and should in principle be paying 100%, however bearing in mind that the claimant was the initiating party of the dispute, i'd give it a 50% split.  / However when it comes  to the legal fees, i do believe that the losing party should pay 100% of the winning party's fees, simply based on the ''but for'' exercise. if not for the dispute, these fees would not have arose.",1,0,1,0,0,1,0,0,0,1,Private,Master's,1,1,0,0,1,Investor-Investor Vignette|Investor-State Vignette,603,1,Respondent,Appointed by Loser,5,0,0,1,1
R_0SP33P4ABpcJeUh,10/26/2015 5:36,10/26/2015 5:37,0,Respondent,a high income economy,a middle income economy,Claimant wins,1,by the respondent.,modest but growing local company in an emerging economy country,Fortune 500 company,by majority,"each presented equally credible witnesses. The claimant’s expert calculated damages for US$4,002,100.00. The respondent’s expert calculated damages for US$1,059,307.00.",1,NA,NA,NA,NA,NA,NA,NA,NA,NA,NA,NA,NA,NA,NA,NA,NA,NA,NA,NA,NA,NA,NA,NA,NA,NA,NA,NA,NA,NA,NA,NA,NA,NA,NA,NA,NA,NA,NA,NA,NA,NA,NA,NA,NA,Investor-Investor Vignette|Investor-State Vignette,604,NA,Claimant,Appointed by Loser,NA,NA,NA,NA,NA
R_0iFZQH6F7sIXyWl,10/26/2015 7:51,10/26/2015 7:59,1,Respondent,a high income economy,a middle income economy,Outside jurisdiction,0,by the respondent.,modest but growing local company in an emerging economy country,modest but growing local company in an emerging economy country,unanimously,"agreed on an independent expert randomly selected from a pool of qualified experts who calculated damages for US$2,034,040.00.",1,1,0,0,1,0,0,0,NA,NA,NA,NA,NA,NA,1,2000000,50,0,0,0,1,0,NA,NA,NA,NA,NA,NA,1,1,0,NA,NA,NA,1,0,0,0,Private,NA,NA,0,1,0,1,Investor-Investor Vignette|Investor-State Vignette,607,2,Respondent,Appointed by Winner,4,0,1,0,1
R_0IFn95Yg5dITTAF,10/26/2015 7:13,10/26/2015 7:25,1,Claimant,a middle income economy,a middle income economy,Claimant without legal merit,0,by the claimant.,modest but growing local company in an emerging economy country,Fortune 500 company,by majority,"each presented equally credible witnesses. The claimant’s expert calculated damages for US$4,002,100.00. The respondent’s expert calculated damages for US$1,059,307.00.",1,1,25,1,0,0,0,0,NA,NA,NA,NA,NA,With the claimant's claims being manifestly without legal merit he should bear the weight of the costs.,1,3000000,100,0,0,0,0,1,NA,NA,NA,NA,NA,With the respondant in Breach he must bear the cost.,1,1,0,0,1,0,0,0,0,1,Private,NA,NA,1,0,0,1,Investor-Investor Vignette|Investor-State Vignette,608,1,Respondent,Appointed by Loser,5,0,0,1,1
FS_Zwpem313x2h4Xgl,11/1/2015 8:51,11/1/2015 15:51,0,Claimant,a middle income economy,a middle income economy,Claimant without legal merit,1,by the claimant.,Fortune 500 company,Fortune 500 company,unanimously,"each presented equally credible witnesses. The claimant’s expert calculated damages for US$4,002,100.00. The respondent’s expert calculated damages for US$1,059,307.00.",1,NA,NA,NA,NA,NA,NA,NA,NA,NA,NA,NA,NA,NA,NA,NA,NA,NA,NA,NA,NA,NA,NA,NA,NA,NA,NA,NA,NA,NA,NA,NA,NA,NA,NA,NA,NA,NA,NA,NA,NA,NA,NA,NA,NA,NA,610,NA,Respondent,Appointed by Loser,NA,NA,NA,NA,NA
FS_WpxBc3eofmYqFIl,11/1/2015 1:10,11/1/2015 8:10,0,Claimant,a high income economy,a middle income economy,Claimant wins,1,by the claimant.,Fortune 500 company,modest but growing local company in an emerging economy country,unanimously,"each presented equally credible witnesses. The claimant’s expert calculated damages for US$4,002,100.00. The respondent’s expert calculated damages for US$1,059,307.00.",1,NA,NA,NA,NA,NA,NA,NA,NA,NA,NA,NA,NA,NA,NA,NA,NA,NA,NA,NA,NA,NA,NA,NA,NA,NA,NA,NA,NA,NA,NA,NA,NA,NA,NA,NA,NA,NA,NA,NA,NA,NA,NA,NA,NA,NA,618,NA,Claimant,Appointed by Winner,NA,NA,NA,NA,NA
FS_W70VnCPFtei8Pnj,10/29/2015 16:50,10/29/2015 22:50,0,Claimant,a high income economy,a middle income economy,Claimant wins,0,by the claimant.,modest but growing local company in an emerging economy country,Fortune 500 company,by majority,"each presented equally credible witnesses. The claimant’s expert calculated damages for US$4,002,100.00. The respondent’s expert calculated damages for US$1,059,307.00.",1,NA,NA,NA,NA,NA,NA,NA,NA,NA,NA,NA,NA,NA,NA,NA,NA,NA,NA,NA,NA,NA,NA,NA,NA,NA,NA,NA,NA,NA,NA,NA,NA,NA,NA,NA,NA,NA,NA,NA,NA,NA,NA,NA,NA,NA,620,NA,Claimant,Appointed by Winner,NA,NA,NA,NA,NA
FS_W3gccjjyyJ1CVQl,10/28/2015 10:57,10/28/2015 16:57,0,Blind,a high income economy,a middle income economy,Claimant without legal merit,1,.,Fortune 500 company,Fortune 500 company,unanimously,"each presented equally credible witnesses. The claimant’s expert calculated damages for US$4,002,100.00. The respondent’s expert calculated damages for US$1,059,307.00.",1,NA,NA,NA,NA,NA,NA,NA,NA,NA,NA,NA,NA,NA,NA,NA,NA,NA,NA,NA,NA,NA,NA,NA,NA,NA,NA,NA,NA,NA,NA,NA,NA,NA,NA,NA,NA,NA,NA,NA,NA,NA,NA,NA,NA,NA,621,NA,Respondent,Blind,NA,NA,NA,NA,NA
FS_UiiOev1oRwvSIBH,10/27/2015 16:26,10/27/2015 22:26,0,Blind,a middle income economy,a middle income economy,Outside jurisdiction,0,.,Fortune 500 company,modest but growing local company in an emerging economy country,unanimously,"agreed on an independent expert randomly selected from a pool of qualified experts who calculated damages for US$2,034,040.00.",1,NA,NA,NA,NA,NA,NA,NA,NA,NA,NA,NA,NA,NA,NA,NA,NA,NA,NA,NA,NA,NA,NA,NA,NA,NA,NA,NA,NA,NA,NA,NA,NA,NA,NA,NA,NA,NA,NA,NA,NA,NA,NA,NA,NA,NA,625,NA,Respondent,Blind,NA,NA,NA,NA,NA
FS_sXPCQMZyZynLYuB,10/28/2015 8:44,10/28/2015 14:44,0,Respondent,a high income economy,a middle income economy,Outside jurisdiction,1,by the respondent.,modest but growing local company in an emerging economy country,modest but growing local company in an emerging economy country,unanimously,"agreed on an independent expert randomly selected from a pool of qualified experts who calculated damages for US$2,034,040.00.",1,NA,NA,NA,NA,NA,NA,NA,NA,NA,NA,NA,NA,NA,1,2034040,50,NA,NA,1,NA,NA,NA,NA,NA,NA,NA,NA,NA,NA,NA,NA,NA,NA,NA,NA,NA,NA,NA,NA,NA,NA,NA,NA,NA,NA,629,NA,Respondent,Appointed by Winner,NA,NA,NA,NA,NA
FS_SIBKdYVLf47mH0B,10/28/2015 1:58,10/28/2015 7:58,0,Blind,a high income economy,a low income economy,Claimant wins,1,.,Fortune 500 company,modest but growing local company in an emerging economy country,unanimously,"each presented equally credible witnesses. The claimant’s expert calculated damages for US$4,002,100.00. The respondent’s expert calculated damages for US$1,059,307.00.",1,NA,NA,NA,NA,NA,NA,NA,NA,NA,NA,NA,NA,NA,NA,NA,NA,NA,NA,NA,NA,NA,NA,NA,NA,NA,NA,NA,NA,NA,NA,NA,NA,NA,NA,NA,NA,NA,NA,NA,NA,NA,NA,NA,NA,NA,633,NA,Claimant,Blind,NA,NA,NA,NA,NA
FS_RttWYFB4tVsSKqt,10/28/2015 9:22,10/28/2015 15:22,0,Respondent,a high income economy,a middle income economy,Respondent wins,1,by the respondent.,Fortune 500 company,Fortune 500 company,unanimously,"each presented equally credible witnesses. The claimant’s expert calculated damages for US$4,002,100.00. The respondent’s expert calculated damages for US$1,059,307.00.",1,NA,NA,NA,NA,NA,NA,NA,NA,NA,NA,NA,NA,NA,NA,NA,NA,NA,NA,NA,NA,NA,NA,NA,NA,NA,NA,NA,NA,NA,NA,NA,NA,NA,NA,NA,NA,NA,NA,NA,NA,NA,NA,NA,NA,NA,634,NA,Respondent,Appointed by Winner,NA,NA,NA,NA,NA
FS_RCDZBMwS3QWX8FX,10/28/2015 11:37,10/28/2015 17:37,0,Respondent,a middle income economy,a middle income economy,Claimant wins,1,by the respondent.,Fortune 500 company,modest but growing local company in an emerging economy country,unanimously,"each presented equally credible witnesses. The claimant’s expert calculated damages for US$4,002,100.00. The respondent’s expert calculated damages for US$1,059,307.00.",1,NA,NA,NA,NA,NA,NA,NA,NA,NA,NA,NA,NA,NA,NA,NA,NA,NA,NA,NA,NA,NA,NA,NA,NA,NA,NA,NA,NA,NA,NA,NA,NA,NA,NA,NA,NA,NA,NA,NA,NA,NA,NA,NA,NA,NA,635,NA,Claimant,Appointed by Loser,NA,NA,NA,NA,NA
FS_PTiviT3TWJVWJXP,10/28/2015 9:00,10/28/2015 15:00,0,Parties,a high income economy,a middle income economy,Outside jurisdiction,1,by the parties.,modest but growing local company in an emerging economy country,Fortune 500 company,by majority,"agreed on an independent expert randomly selected from a pool of qualified experts who calculated damages for US$2,034,040.00.",1,NA,NA,NA,NA,NA,NA,NA,NA,NA,NA,NA,NA,NA,NA,NA,NA,NA,NA,NA,NA,NA,NA,NA,NA,NA,NA,NA,NA,NA,NA,NA,NA,NA,NA,NA,NA,NA,NA,NA,NA,NA,NA,NA,NA,NA,639,NA,Respondent,Parties,NA,NA,NA,NA,NA
FS_PLIxMFw31xoYQKt,10/27/2015 21:52,10/28/2015 3:52,0,Claimant,a middle income economy,a middle income economy,Respondent wins,0,by the claimant.,Fortune 500 company,Fortune 500 company,unanimously,"agreed on an independent expert randomly selected from a pool of qualified experts who calculated damages for US$2,034,040.00.",1,NA,NA,NA,NA,NA,NA,NA,NA,NA,NA,NA,NA,NA,NA,NA,NA,NA,NA,NA,NA,NA,NA,NA,NA,NA,NA,NA,NA,NA,NA,NA,NA,NA,NA,NA,NA,NA,NA,NA,NA,NA,NA,NA,NA,NA,641,NA,Respondent,Appointed by Loser,NA,NA,NA,NA,NA
FS_OJcjpQSw3ch82xX,11/1/2015 9:15,11/1/2015 16:15,0,Respondent,a high income economy,a low income economy,Respondent wins,1,by the respondent.,modest but growing local company in an emerging economy country,Fortune 500 company,by majority,"agreed on an independent expert randomly selected from a pool of qualified experts who calculated damages for US$2,034,040.00.",1,NA,NA,NA,NA,NA,NA,NA,NA,NA,NA,NA,NA,NA,NA,NA,NA,NA,NA,NA,NA,NA,NA,NA,NA,NA,NA,NA,NA,NA,NA,NA,NA,NA,NA,NA,NA,NA,NA,NA,NA,NA,NA,NA,NA,NA,644,NA,Respondent,Appointed by Winner,NA,NA,NA,NA,NA
FS_OBFf0m3xqJMRyW5,10/27/2015 15:30,10/27/2015 21:30,0,Claimant,a middle income economy,a middle income economy,Claimant without legal merit,0,by the claimant.,Fortune 500 company,Fortune 500 company,unanimously,"agreed on an independent expert randomly selected from a pool of qualified experts who calculated damages for US$2,034,040.00.",1,NA,NA,NA,NA,NA,NA,NA,NA,NA,NA,NA,NA,NA,1,2023040,NA,NA,NA,NA,NA,NA,NA,NA,1,NA,NA,If no other agreement between parties,NA,NA,NA,NA,NA,NA,NA,NA,NA,NA,NA,NA,NA,NA,NA,NA,NA,NA,645,NA,Respondent,Appointed by Loser,NA,NA,NA,NA,NA
FS_eW1ywdi77a5FbO1,10/28/2015 4:00,10/28/2015 10:00,0,Respondent,a middle income economy,a low income economy,Claimant without legal merit,0,by the respondent.,modest but growing local company in an emerging economy country,modest but growing local company in an emerging economy country,unanimously,"agreed on an independent expert randomly selected from a pool of qualified experts who calculated damages for US$2,034,040.00.",1,NA,NA,NA,NA,NA,NA,NA,NA,NA,NA,NA,NA,NA,NA,NA,NA,NA,NA,NA,NA,NA,NA,NA,NA,NA,NA,NA,NA,NA,NA,NA,NA,NA,NA,NA,NA,NA,NA,NA,NA,NA,NA,NA,NA,NA,646,NA,Respondent,Appointed by Winner,NA,NA,NA,NA,NA
FS_DMZQ8SIAWA1wx7b,11/2/2015 6:57,11/2/2015 13:57,0,Parties,a middle income economy,a low income economy,Claimant wins,0,by the parties.,modest but growing local company in an emerging economy country,Fortune 500 company,unanimously,"agreed on an independent expert randomly selected from a pool of qualified experts who calculated damages for US$2,034,040.00.",1,1,NA,NA,NA,NA,1,NA,NA,NA,NA,NA,NA,NA,NA,NA,NA,NA,NA,NA,NA,NA,NA,NA,NA,NA,NA,NA,NA,NA,NA,NA,NA,NA,NA,NA,NA,NA,NA,NA,NA,NA,NA,NA,NA,NA,651,4,Claimant,Parties,4,0,1,0,1
FS_DiNSoKldXoiJqkp,10/28/2015 1:46,10/28/2015 7:46,0,Respondent,a middle income economy,a low income economy,Claimant wins,1,by the respondent.,modest but growing local company in an emerging economy country,Fortune 500 company,by majority,"each presented equally credible witnesses. The claimant’s expert calculated damages for US$4,002,100.00. The respondent’s expert calculated damages for US$1,059,307.00.",1,NA,NA,NA,NA,NA,NA,NA,NA,NA,NA,NA,NA,NA,NA,NA,NA,NA,NA,NA,NA,NA,NA,NA,NA,NA,NA,NA,NA,NA,NA,NA,NA,NA,NA,NA,NA,NA,NA,NA,NA,NA,NA,NA,NA,NA,652,NA,Claimant,Appointed by Loser,NA,NA,NA,NA,NA
FS_d5WSRMwPlMlQ8Ip,10/28/2015 3:11,10/28/2015 9:11,0,Parties,a high income economy,a middle income economy,Respondent wins,0,by the parties.,modest but growing local company in an emerging economy country,modest but growing local company in an emerging economy country,unanimously,"each presented equally credible witnesses. The claimant’s expert calculated damages for US$4,002,100.00. The respondent’s expert calculated damages for US$1,059,307.00.",1,NA,NA,NA,NA,NA,NA,NA,NA,NA,NA,NA,NA,NA,NA,NA,NA,NA,NA,NA,NA,NA,NA,NA,NA,NA,NA,NA,NA,NA,NA,NA,NA,NA,NA,NA,NA,NA,NA,NA,NA,NA,NA,NA,NA,NA,654,NA,Respondent,Parties,NA,NA,NA,NA,NA
FS_C7xywst7bpoTq01,11/2/2015 6:24,11/2/2015 13:24,0,Parties,a middle income economy,a middle income economy,Respondent wins,0,by the parties.,modest but growing local company in an emerging economy country,modest but growing local company in an emerging economy country,by majority,"each presented equally credible witnesses. The claimant’s expert calculated damages for US$4,002,100.00. The respondent’s expert calculated damages for US$1,059,307.00.",1,1,NA,NA,NA,NA,NA,NA,NA,NA,NA,NA,NA,NA,NA,NA,NA,NA,NA,NA,NA,NA,NA,NA,NA,NA,NA,NA,NA,NA,NA,NA,NA,NA,NA,NA,NA,NA,NA,NA,NA,NA,NA,NA,NA,NA,656,NA,Respondent,Parties,NA,NA,NA,NA,NA
FS_bmzClEAPE9jkqFb,11/4/2015 8:20,11/4/2015 15:20,0,Respondent,a middle income economy,a middle income economy,Respondent wins,1,by the respondent.,modest but growing local company in an emerging economy country,modest but growing local company in an emerging economy country,unanimously,"each presented equally credible witnesses. The claimant’s expert calculated damages for US$4,002,100.00. The respondent’s expert calculated damages for US$1,059,307.00.",1,NA,NA,NA,NA,NA,NA,NA,NA,NA,NA,NA,NA,NA,NA,NA,NA,NA,NA,NA,NA,NA,NA,NA,NA,NA,NA,NA,NA,NA,NA,NA,NA,NA,NA,NA,NA,NA,NA,NA,NA,NA,NA,NA,NA,NA,657,NA,Respondent,Appointed by Winner,NA,NA,NA,NA,NA
FS_BLEVDuLhDPqjRPX,10/30/2015 4:15,10/30/2015 10:15,0,Respondent,a high income economy,a middle income economy,Outside jurisdiction,1,by the respondent.,Fortune 500 company,Fortune 500 company,by majority,"each presented equally credible witnesses. The claimant’s expert calculated damages for US$4,002,100.00. The respondent’s expert calculated damages for US$1,059,307.00.",1,NA,NA,NA,NA,NA,NA,NA,NA,NA,NA,NA,NA,NA,NA,NA,NA,NA,NA,NA,NA,NA,NA,NA,NA,NA,NA,NA,NA,NA,NA,NA,NA,NA,NA,NA,NA,NA,NA,NA,NA,NA,NA,NA,NA,NA,658,NA,Respondent,Appointed by Winner,NA,NA,NA,NA,NA
FS_BDmZT5nMt1cTurD,11/15/2015 3:37,11/15/2015 10:37,0,Blind,a high income economy,a low income economy,Claimant wins,0,.,modest but growing local company in an emerging economy country,Fortune 500 company,unanimously,"agreed on an independent expert randomly selected from a pool of qualified experts who calculated damages for US$2,034,040.00.",1,NA,NA,NA,NA,NA,NA,NA,NA,NA,NA,NA,NA,NA,NA,NA,NA,NA,NA,NA,NA,NA,NA,NA,NA,NA,NA,NA,NA,NA,NA,NA,NA,NA,NA,NA,NA,NA,NA,NA,NA,NA,NA,NA,NA,NA,660,NA,Claimant,Blind,NA,NA,NA,NA,NA
FS_AKFJdPtDFUqilK9,10/30/2015 3:27,10/30/2015 9:27,0,Parties,a middle income economy,a middle income economy,Claimant without legal merit,0,by the parties.,modest but growing local company in an emerging economy country,modest but growing local company in an emerging economy country,unanimously,"agreed on an independent expert randomly selected from a pool of qualified experts who calculated damages for US$2,034,040.00.",1,NA,NA,NA,NA,NA,NA,NA,NA,NA,NA,NA,NA,NA,NA,NA,NA,NA,NA,NA,NA,NA,NA,NA,NA,NA,NA,NA,NA,NA,NA,NA,NA,NA,NA,NA,NA,NA,NA,NA,NA,NA,NA,NA,NA,NA,662,NA,Respondent,Parties,NA,NA,NA,NA,NA
FS_A6Xmmw2VaQy1M41,10/31/2015 19:58,11/1/2015 1:58,0,Blind,a middle income economy,a low income economy,Claimant without legal merit,1,.,modest but growing local company in an emerging economy country,Fortune 500 company,unanimously,"each presented equally credible witnesses. The claimant’s expert calculated damages for US$4,002,100.00. The respondent’s expert calculated damages for US$1,059,307.00.",1,NA,NA,NA,NA,NA,NA,NA,NA,NA,NA,NA,NA,NA,NA,NA,NA,NA,NA,NA,NA,NA,NA,NA,NA,NA,NA,NA,NA,NA,NA,NA,NA,NA,NA,NA,NA,NA,NA,NA,NA,NA,NA,NA,NA,NA,663,NA,Respondent,Blind,NA,NA,NA,NA,NA
FS_a4CmIdP2S2K8TYd,10/27/2015 17:39,10/27/2015 23:39,0,Respondent,a middle income economy,a low income economy,Outside jurisdiction,1,by the respondent.,Fortune 500 company,Fortune 500 company,unanimously,"each presented equally credible witnesses. The claimant’s expert calculated damages for US$4,002,100.00. The respondent’s expert calculated damages for US$1,059,307.00.",1,NA,NA,NA,NA,NA,NA,NA,NA,NA,NA,NA,NA,NA,1,NA,NA,NA,NA,NA,NA,NA,NA,NA,NA,NA,NA,The hypo you provide does not,NA,NA,NA,NA,NA,NA,NA,NA,NA,NA,NA,NA,NA,NA,NA,NA,NA,NA,664,NA,Respondent,Appointed by Winner,NA,NA,NA,NA,NA
FS_9HReLDDLdtfAFfr,11/3/2015 17:36,11/4/2015 0:36,0,Claimant,a middle income economy,a low income economy,Respondent wins,0,by the claimant.,Fortune 500 company,Fortune 500 company,unanimously,"each presented equally credible witnesses. The claimant’s expert calculated damages for US$4,002,100.00. The respondent’s expert calculated damages for US$1,059,307.00.",1,NA,NA,NA,NA,NA,NA,NA,NA,NA,NA,NA,NA,NA,NA,NA,NA,NA,NA,NA,NA,NA,NA,NA,NA,NA,NA,NA,NA,NA,NA,NA,NA,NA,NA,NA,NA,NA,NA,NA,NA,NA,NA,NA,NA,NA,666,NA,Respondent,Appointed by Loser,NA,NA,NA,NA,NA
FS_8lkT14A3dhjzBx7,10/28/2015 4:44,10/28/2015 10:44,0,Blind,a middle income economy,a low income economy,Outside jurisdiction,1,.,modest but growing local company in an emerging economy country,modest but growing local company in an emerging economy country,by majority,"agreed on an independent expert randomly selected from a pool of qualified experts who calculated damages for US$2,034,040.00.",1,NA,NA,NA,NA,NA,NA,NA,NA,NA,NA,NA,NA,NA,NA,NA,NA,NA,NA,NA,NA,NA,NA,NA,NA,NA,NA,NA,NA,NA,NA,NA,NA,NA,NA,NA,NA,NA,NA,NA,NA,NA,NA,NA,NA,NA,668,NA,Respondent,Blind,NA,NA,NA,NA,NA
FS_8eS119lUIPhxaLv,10/27/2015 16:58,10/27/2015 22:58,0,Blind,a high income economy,a low income economy,Claimant wins,0,.,Fortune 500 company,modest but growing local company in an emerging economy country,by majority,"each presented equally credible witnesses. The claimant’s expert calculated damages for US$4,002,100.00. The respondent’s expert calculated damages for US$1,059,307.00.",1,NA,NA,NA,NA,NA,NA,NA,NA,NA,NA,NA,NA,NA,NA,NA,NA,NA,NA,NA,NA,NA,NA,NA,NA,NA,NA,NA,NA,NA,NA,NA,NA,NA,NA,NA,NA,NA,NA,NA,NA,NA,NA,NA,NA,NA,669,NA,Claimant,Blind,NA,NA,NA,NA,NA
FS_8D07JdU6g8U4I9j,10/27/2015 15:10,10/27/2015 21:10,0,Respondent,a high income economy,a middle income economy,Claimant wins,1,by the respondent.,modest but growing local company in an emerging economy country,modest but growing local company in an emerging economy country,unanimously,"each presented equally credible witnesses. The claimant’s expert calculated damages for US$4,002,100.00. The respondent’s expert calculated damages for US$1,059,307.00.",1,NA,NA,NA,NA,NA,NA,NA,NA,NA,NA,NA,NA,NA,NA,NA,NA,NA,NA,NA,NA,NA,NA,NA,NA,NA,NA,NA,NA,NA,NA,NA,NA,NA,NA,NA,NA,NA,NA,NA,NA,NA,NA,NA,NA,NA,670,NA,Claimant,Appointed by Loser,NA,NA,NA,NA,NA
FS_3z29zv0dAmAb4iZ,11/18/2015 14:49,11/18/2015 21:49,0,Respondent,a high income economy,a low income economy,Respondent wins,0,by the respondent.,modest but growing local company in an emerging economy country,Fortune 500 company,by majority,"each presented equally credible witnesses. The claimant’s expert calculated damages for US$4,002,100.00. The respondent’s expert calculated damages for US$1,059,307.00.",1,NA,NA,NA,NA,NA,NA,NA,NA,NA,NA,NA,NA,NA,NA,NA,NA,NA,NA,NA,NA,NA,NA,NA,NA,NA,NA,NA,NA,NA,NA,NA,NA,NA,NA,NA,NA,NA,NA,NA,NA,NA,NA,NA,NA,NA,673,NA,Respondent,Appointed by Winner,NA,NA,NA,NA,NA
FS_3stbSkKVOkRsw70,10/28/2015 1:41,10/28/2015 7:41,0,Respondent,a middle income economy,a middle income economy,Respondent wins,1,by the respondent.,Fortune 500 company,modest but growing local company in an emerging economy country,unanimously,"each presented equally credible witnesses. The claimant’s expert calculated damages for US$4,002,100.00. The respondent’s expert calculated damages for US$1,059,307.00.",1,1,0,NA,NA,1,NA,NA,NA,NA,1,NA,NA,There would need to be submissions aS TO COSTS TO DECIDE WHAT WOULD OR SHOULD BE INCLUDED IN THE waqARD. tHE QUESTION MAKES NO STATMENT AS TO WHETHER THERE WERE SUBMISSIONS AS TO A COSTS AWARD.,NA,NA,NA,NA,NA,NA,NA,NA,NA,NA,NA,NA,NA,NA,NA,NA,NA,NA,NA,NA,NA,NA,NA,NA,NA,NA,NA,NA,NA,NA,NA,NA,674,3,Respondent,Appointed by Winner,3,1,0,0,0
FS_3rYCmAf21bDscdG,10/27/2015 21:46,10/28/2015 3:46,0,Claimant,a middle income economy,a low income economy,Claimant without legal merit,1,by the claimant.,Fortune 500 company,Fortune 500 company,by majority,"each presented equally credible witnesses. The claimant’s expert calculated damages for US$4,002,100.00. The respondent’s expert calculated damages for US$1,059,307.00.",1,NA,NA,NA,NA,NA,NA,NA,NA,NA,NA,NA,NA,NA,NA,NA,NA,NA,NA,NA,NA,NA,NA,NA,NA,NA,NA,NA,NA,NA,NA,NA,NA,NA,NA,NA,NA,NA,NA,NA,NA,NA,NA,NA,NA,NA,675,NA,Respondent,Appointed by Loser,NA,NA,NA,NA,NA
FS_3RwOeuQJY7XTYHv,10/27/2015 17:57,10/27/2015 23:57,0,Claimant,a middle income economy,a low income economy,Outside jurisdiction,0,by the claimant.,Fortune 500 company,Fortune 500 company,by majority,"each presented equally credible witnesses. The claimant’s expert calculated damages for US$4,002,100.00. The respondent’s expert calculated damages for US$1,059,307.00.",1,1,NA,NA,NA,1,NA,NA,NA,NA,NA,NA,NA,NA,NA,NA,NA,NA,NA,NA,NA,NA,NA,NA,NA,NA,NA,NA,NA,NA,NA,NA,NA,NA,NA,NA,NA,NA,NA,NA,NA,NA,NA,NA,NA,NA,676,3,Respondent,Appointed by Loser,3,1,0,0,0
FS_3RfroDXEGZ1fev0,10/28/2015 1:09,10/28/2015 7:09,0,Parties,a middle income economy,a middle income economy,Outside jurisdiction,1,by the parties.,modest but growing local company in an emerging economy country,modest but growing local company in an emerging economy country,by majority,"each presented equally credible witnesses. The claimant’s expert calculated damages for US$4,002,100.00. The respondent’s expert calculated damages for US$1,059,307.00.",1,NA,NA,NA,NA,NA,NA,NA,NA,NA,NA,NA,NA,NA,NA,NA,NA,NA,NA,NA,NA,NA,NA,NA,NA,NA,NA,NA,NA,NA,NA,NA,NA,NA,NA,NA,NA,NA,NA,NA,NA,NA,NA,NA,NA,NA,678,NA,Respondent,Parties,NA,NA,NA,NA,NA
FS_3R8bTx0YQJ6FcPj,11/17/2015 9:16,11/17/2015 16:16,0,Parties,a high income economy,a low income economy,Claimant wins,0,by the parties.,Fortune 500 company,Fortune 500 company,by majority,"agreed on an independent expert randomly selected from a pool of qualified experts who calculated damages for US$2,034,040.00.",1,NA,NA,NA,NA,NA,NA,NA,NA,NA,NA,NA,NA,NA,NA,NA,NA,NA,NA,NA,NA,NA,NA,NA,NA,NA,NA,NA,NA,NA,NA,NA,NA,NA,NA,NA,NA,NA,NA,NA,NA,NA,NA,NA,NA,NA,679,NA,Claimant,Parties,NA,NA,NA,NA,NA
FS_3QQ8ff13Zvkrj2i,11/3/2015 5:01,11/3/2015 12:01,0,Blind,a high income economy,a low income economy,Outside jurisdiction,0,.,Fortune 500 company,modest but growing local company in an emerging economy country,unanimously,"agreed on an independent expert randomly selected from a pool of qualified experts who calculated damages for US$2,034,040.00.",1,NA,NA,NA,NA,NA,NA,NA,NA,NA,NA,NA,NA,NA,NA,NA,NA,NA,NA,NA,NA,NA,NA,NA,NA,NA,NA,NA,NA,NA,NA,NA,NA,NA,NA,NA,NA,NA,NA,NA,NA,NA,NA,NA,NA,NA,680,NA,Respondent,Blind,NA,NA,NA,NA,NA
FS_3QENjK5K9bOysPC,10/27/2015 17:26,10/27/2015 23:26,0,Claimant,a high income economy,a low income economy,Respondent wins,1,by the claimant.,modest but growing local company in an emerging economy country,Fortune 500 company,by majority,"each presented equally credible witnesses. The claimant’s expert calculated damages for US$4,002,100.00. The respondent’s expert calculated damages for US$1,059,307.00.",1,NA,NA,NA,NA,NA,NA,NA,NA,NA,NA,NA,NA,NA,NA,NA,NA,NA,NA,NA,NA,NA,NA,NA,NA,NA,NA,NA,NA,NA,NA,NA,NA,NA,NA,NA,NA,NA,NA,NA,NA,NA,NA,NA,NA,NA,682,NA,Respondent,Appointed by Loser,NA,NA,NA,NA,NA
FS_3Pvs8slrzPqway4,10/28/2015 11:28,10/28/2015 17:28,0,Parties,a high income economy,a middle income economy,Claimant wins,0,by the parties.,modest but growing local company in an emerging economy country,Fortune 500 company,by majority,"each presented equally credible witnesses. The claimant’s expert calculated damages for US$4,002,100.00. The respondent’s expert calculated damages for US$1,059,307.00.",1,NA,NA,NA,NA,NA,NA,NA,NA,NA,NA,NA,NA,NA,NA,NA,NA,NA,NA,NA,NA,NA,NA,NA,NA,NA,NA,NA,NA,NA,NA,NA,NA,NA,NA,NA,NA,NA,NA,NA,NA,NA,NA,NA,NA,NA,683,NA,Claimant,Parties,NA,NA,NA,NA,NA
FS_3P7AKytdB1Y2Y1U,10/28/2015 10:16,10/28/2015 16:16,0,Claimant,a high income economy,a middle income economy,Claimant without legal merit,1,by the claimant.,Fortune 500 company,modest but growing local company in an emerging economy country,by majority,"agreed on an independent expert randomly selected from a pool of qualified experts who calculated damages for US$2,034,040.00.",1,1,NA,NA,NA,1,NA,NA,NA,NA,1,NA,NA,"Absent a few shifting agreement or inappropriate conduct by a party or their counsel that increased the fees, I would have each bear their own fees and costs.",NA,NA,NA,NA,NA,NA,NA,NA,NA,NA,NA,NA,NA,NA,NA,NA,NA,NA,NA,NA,NA,NA,NA,NA,NA,NA,NA,NA,NA,NA,NA,NA,684,3,Respondent,Appointed by Loser,3,1,0,0,0
FS_3oYpYplCsgwFBNp,10/31/2015 13:43,10/31/2015 19:43,0,Blind,a high income economy,a low income economy,Claimant wins,0,.,Fortune 500 company,Fortune 500 company,unanimously,"each presented equally credible witnesses. The claimant’s expert calculated damages for US$4,002,100.00. The respondent’s expert calculated damages for US$1,059,307.00.",1,NA,NA,NA,NA,NA,NA,NA,NA,NA,NA,NA,NA,NA,1,NA,NA,NA,NA,NA,NA,NA,NA,NA,NA,NA,NA,NA,NA,NA,NA,NA,NA,NA,NA,NA,NA,NA,NA,NA,NA,NA,NA,NA,NA,NA,685,NA,Claimant,Blind,NA,NA,NA,NA,NA
FS_3nTpqODOJADmYMq,11/3/2015 23:06,11/4/2015 6:06,0,Claimant,a middle income economy,a middle income economy,Outside jurisdiction,0,by the claimant.,modest but growing local company in an emerging economy country,Fortune 500 company,unanimously,"agreed on an independent expert randomly selected from a pool of qualified experts who calculated damages for US$2,034,040.00.",1,NA,NA,NA,NA,NA,NA,NA,NA,NA,NA,NA,NA,NA,NA,NA,NA,NA,NA,NA,NA,NA,NA,NA,NA,NA,NA,NA,NA,NA,NA,NA,NA,NA,NA,NA,NA,NA,NA,NA,NA,NA,NA,NA,NA,NA,690,NA,Respondent,Appointed by Loser,NA,NA,NA,NA,NA
FS_3n7cD6jA9daBV1G,11/1/2015 10:55,11/1/2015 17:55,0,Respondent,a middle income economy,a middle income economy,Claimant without legal merit,1,by the respondent.,modest but growing local company in an emerging economy country,modest but growing local company in an emerging economy country,by majority,"each presented equally credible witnesses. The claimant’s expert calculated damages for US$4,002,100.00. The respondent’s expert calculated damages for US$1,059,307.00.",1,1,NA,NA,NA,NA,NA,NA,NA,NA,NA,NA,NA,I am afraid hat I have no experience with investor-state disputes.,NA,NA,NA,NA,NA,NA,NA,NA,NA,NA,NA,NA,NA,NA,NA,NA,NA,NA,NA,NA,NA,NA,NA,NA,NA,NA,NA,NA,NA,NA,NA,NA,693,NA,Respondent,Appointed by Winner,NA,NA,NA,NA,NA
FS_3KvgoFLswAG8Nfb,10/27/2015 21:52,10/28/2015 3:52,0,Blind,a high income economy,a low income economy,Outside jurisdiction,1,.,Fortune 500 company,modest but growing local company in an emerging economy country,unanimously,"each presented equally credible witnesses. The claimant’s expert calculated damages for US$4,002,100.00. The respondent’s expert calculated damages for US$1,059,307.00.",1,NA,NA,NA,NA,NA,NA,NA,NA,NA,NA,NA,NA,NA,NA,NA,NA,NA,NA,NA,NA,NA,NA,NA,NA,NA,NA,NA,NA,NA,NA,NA,NA,NA,NA,NA,NA,NA,NA,NA,NA,NA,NA,NA,NA,NA,698,NA,Respondent,Blind,NA,NA,NA,NA,NA
FS_3kt4HvUNcGuDmJc,10/28/2015 22:38,10/29/2015 4:38,0,Blind,a middle income economy,a low income economy,Claimant without legal merit,1,.,Fortune 500 company,Fortune 500 company,unanimously,"each presented equally credible witnesses. The claimant’s expert calculated damages for US$4,002,100.00. The respondent’s expert calculated damages for US$1,059,307.00.",1,NA,NA,NA,NA,NA,NA,NA,NA,NA,NA,NA,NA,NA,1,NA,NA,NA,NA,NA,NA,NA,NA,NA,NA,NA,NA,NA,NA,NA,NA,NA,NA,NA,NA,NA,NA,NA,NA,NA,NA,NA,NA,NA,NA,NA,699,NA,Respondent,Blind,NA,NA,NA,NA,NA
FS_3JtnLT9aebgWCuf,10/28/2015 10:23,10/28/2015 16:23,0,Claimant,a high income economy,a low income economy,Outside jurisdiction,1,by the claimant.,modest but growing local company in an emerging economy country,Fortune 500 company,by majority,"agreed on an independent expert randomly selected from a pool of qualified experts who calculated damages for US$2,034,040.00.",1,NA,NA,NA,NA,NA,NA,NA,NA,NA,NA,NA,NA,NA,NA,NA,NA,NA,NA,NA,NA,NA,NA,NA,NA,NA,NA,NA,NA,NA,NA,NA,NA,NA,NA,NA,NA,NA,NA,NA,NA,NA,NA,NA,NA,NA,701,NA,Respondent,Appointed by Loser,NA,NA,NA,NA,NA
FS_3JseYi5W2uGmvzg,10/28/2015 9:08,10/28/2015 15:08,0,Respondent,a middle income economy,a low income economy,Outside jurisdiction,0,by the respondent.,modest but growing local company in an emerging economy country,modest but growing local company in an emerging economy country,unanimously,"agreed on an independent expert randomly selected from a pool of qualified experts who calculated damages for US$2,034,040.00.",1,NA,NA,NA,NA,NA,NA,NA,NA,NA,NA,NA,NA,NA,NA,NA,NA,NA,NA,NA,NA,NA,NA,NA,NA,NA,NA,NA,NA,NA,NA,NA,NA,NA,NA,NA,NA,NA,NA,NA,NA,NA,NA,NA,NA,NA,702,NA,Respondent,Appointed by Winner,NA,NA,NA,NA,NA
FS_3JmzXm0Yz4gIii1,11/5/2015 8:00,11/5/2015 15:00,0,Respondent,a middle income economy,a low income economy,Respondent wins,1,by the respondent.,modest but growing local company in an emerging economy country,modest but growing local company in an emerging economy country,by majority,"agreed on an independent expert randomly selected from a pool of qualified experts who calculated damages for US$2,034,040.00.",1,NA,NA,NA,NA,NA,NA,NA,NA,NA,NA,NA,NA,NA,NA,NA,NA,NA,NA,NA,NA,NA,NA,NA,NA,NA,NA,NA,NA,NA,NA,NA,NA,NA,NA,NA,NA,NA,NA,NA,NA,NA,NA,NA,NA,NA,703,NA,Respondent,Appointed by Winner,NA,NA,NA,NA,NA
FS_3itox7IG1DrLKFS,11/5/2015 2:15,11/5/2015 9:15,0,Blind,a high income economy,a low income economy,Claimant without legal merit,1,.,Fortune 500 company,Fortune 500 company,by majority,"each presented equally credible witnesses. The claimant’s expert calculated damages for US$4,002,100.00. The respondent’s expert calculated damages for US$1,059,307.00.",1,NA,NA,NA,NA,NA,NA,NA,NA,NA,NA,NA,NA,NA,NA,NA,NA,NA,NA,NA,NA,NA,NA,NA,NA,NA,NA,NA,NA,NA,NA,NA,NA,NA,NA,NA,NA,NA,NA,NA,NA,NA,NA,NA,NA,NA,704,NA,Respondent,Blind,NA,NA,NA,NA,NA
FS_3I4TVRpnRC19497,11/15/2015 22:24,11/16/2015 5:24,0,Parties,a high income economy,a low income economy,Respondent wins,1,by the parties.,modest but growing local company in an emerging economy country,Fortune 500 company,unanimously,"agreed on an independent expert randomly selected from a pool of qualified experts who calculated damages for US$2,034,040.00.",1,NA,NA,NA,NA,NA,NA,NA,NA,NA,NA,NA,NA,NA,NA,NA,NA,NA,NA,NA,NA,NA,NA,NA,NA,NA,NA,NA,NA,NA,NA,NA,NA,NA,NA,NA,NA,NA,NA,NA,NA,NA,NA,NA,NA,NA,706,NA,Respondent,Parties,NA,NA,NA,NA,NA
FS_3HL9ProqdHZ6121,10/28/2015 4:17,10/28/2015 10:17,0,Claimant,a high income economy,a low income economy,Claimant wins,1,by the claimant.,modest but growing local company in an emerging economy country,modest but growing local company in an emerging economy country,by majority,"agreed on an independent expert randomly selected from a pool of qualified experts who calculated damages for US$2,034,040.00.",1,NA,NA,NA,NA,NA,NA,NA,NA,NA,NA,NA,NA,NA,NA,NA,NA,NA,NA,NA,NA,NA,NA,NA,NA,NA,NA,NA,NA,NA,NA,NA,NA,NA,NA,NA,NA,NA,NA,NA,NA,NA,NA,NA,NA,NA,708,NA,Claimant,Appointed by Winner,NA,NA,NA,NA,NA
FS_3hbc9dwxcBG5ZfY,10/28/2015 12:28,10/28/2015 18:28,0,Respondent,a high income economy,a middle income economy,Respondent wins,0,by the respondent.,Fortune 500 company,Fortune 500 company,by majority,"each presented equally credible witnesses. The claimant’s expert calculated damages for US$4,002,100.00. The respondent’s expert calculated damages for US$1,059,307.00.",1,NA,NA,NA,NA,NA,NA,NA,NA,NA,NA,NA,NA,NA,NA,NA,NA,NA,NA,NA,NA,NA,NA,NA,NA,NA,NA,NA,NA,NA,NA,NA,NA,NA,NA,NA,NA,NA,NA,NA,NA,NA,NA,NA,NA,NA,709,NA,Respondent,Appointed by Winner,NA,NA,NA,NA,NA
FS_3EYbWFexof7AC5q,10/28/2015 5:43,10/28/2015 11:43,0,Blind,a middle income economy,a middle income economy,Respondent wins,1,.,modest but growing local company in an emerging economy country,modest but growing local company in an emerging economy country,by majority,"each presented equally credible witnesses. The claimant’s expert calculated damages for US$4,002,100.00. The respondent’s expert calculated damages for US$1,059,307.00.",1,NA,NA,NA,NA,NA,NA,NA,NA,NA,NA,NA,NA,NA,NA,NA,NA,NA,NA,NA,NA,NA,NA,NA,NA,NA,NA,NA,NA,NA,NA,NA,NA,NA,NA,NA,NA,NA,NA,NA,NA,NA,NA,NA,NA,NA,719,NA,Respondent,Blind,NA,NA,NA,NA,NA
FS_3EoniDXqpYK7pLt,10/27/2015 18:38,10/28/2015 0:38,0,Respondent,a high income economy,a middle income economy,Claimant without legal merit,0,by the respondent.,modest but growing local company in an emerging economy country,modest but growing local company in an emerging economy country,unanimously,"each presented equally credible witnesses. The claimant’s expert calculated damages for US$4,002,100.00. The respondent’s expert calculated damages for US$1,059,307.00.",1,NA,NA,NA,NA,NA,NA,NA,NA,NA,NA,NA,NA,NA,NA,NA,NA,NA,NA,NA,NA,NA,NA,NA,NA,NA,NA,NA,NA,NA,NA,NA,NA,NA,NA,NA,NA,NA,NA,NA,NA,NA,NA,NA,NA,NA,721,NA,Respondent,Appointed by Winner,NA,NA,NA,NA,NA
FS_3emJetAiFbQKIUO,10/27/2015 17:42,10/27/2015 23:42,0,Claimant,a middle income economy,a middle income economy,Outside jurisdiction,0,by the claimant.,Fortune 500 company,modest but growing local company in an emerging economy country,unanimously,"each presented equally credible witnesses. The claimant’s expert calculated damages for US$4,002,100.00. The respondent’s expert calculated damages for US$1,059,307.00.",1,NA,NA,NA,NA,NA,NA,NA,NA,NA,NA,NA,NA,NA,NA,NA,NA,NA,NA,NA,NA,NA,NA,NA,NA,NA,NA,NA,NA,NA,NA,NA,NA,NA,NA,NA,NA,NA,NA,NA,NA,NA,NA,NA,NA,NA,722,NA,Respondent,Appointed by Loser,NA,NA,NA,NA,NA
FS_3EaM0HcRR6GKvSf,11/2/2015 8:59,11/2/2015 15:59,0,Claimant,a high income economy,a middle income economy,Outside jurisdiction,0,by the claimant.,modest but growing local company in an emerging economy country,modest but growing local company in an emerging economy country,unanimously,"each presented equally credible witnesses. The claimant’s expert calculated damages for US$4,002,100.00. The respondent’s expert calculated damages for US$1,059,307.00.",1,NA,NA,NA,NA,NA,NA,NA,NA,NA,NA,NA,NA,NA,NA,NA,NA,NA,NA,NA,NA,NA,NA,NA,NA,NA,NA,NA,NA,NA,NA,NA,NA,NA,NA,NA,NA,NA,NA,NA,NA,NA,NA,NA,NA,NA,723,NA,Respondent,Appointed by Loser,NA,NA,NA,NA,NA
FS_3EA9GX78s8cRavT,10/28/2015 10:03,10/28/2015 16:03,0,Parties,a middle income economy,a low income economy,Claimant without legal merit,1,by the parties.,Fortune 500 company,Fortune 500 company,by majority,"agreed on an independent expert randomly selected from a pool of qualified experts who calculated damages for US$2,034,040.00.",1,NA,NA,NA,NA,NA,NA,NA,NA,NA,NA,NA,NA,NA,NA,NA,NA,NA,NA,NA,NA,NA,NA,NA,NA,NA,NA,NA,NA,NA,NA,NA,NA,NA,NA,NA,NA,NA,NA,NA,NA,NA,NA,NA,NA,NA,724,NA,Respondent,Parties,NA,NA,NA,NA,NA
FS_3Dv9COxx3mmI55e,10/30/2015 11:39,10/30/2015 17:39,0,Parties,a high income economy,a middle income economy,Claimant wins,0,by the parties.,Fortune 500 company,modest but growing local company in an emerging economy country,unanimously,"each presented equally credible witnesses. The claimant’s expert calculated damages for US$4,002,100.00. The respondent’s expert calculated damages for US$1,059,307.00.",1,NA,NA,NA,NA,NA,NA,NA,NA,NA,NA,NA,NA,NA,NA,NA,NA,NA,NA,NA,NA,NA,NA,NA,NA,NA,NA,NA,NA,NA,NA,NA,NA,NA,NA,NA,NA,NA,NA,NA,NA,NA,NA,NA,NA,NA,725,NA,Claimant,Parties,NA,NA,NA,NA,NA
FS_3CLvQoijfRBrI2d,12/2/2015 7:08,12/2/2015 14:08,0,Respondent,a high income economy,a middle income economy,Claimant wins,1,by the respondent.,modest but growing local company in an emerging economy country,modest but growing local company in an emerging economy country,by majority,"each presented equally credible witnesses. The claimant’s expert calculated damages for US$4,002,100.00. The respondent’s expert calculated damages for US$1,059,307.00.",1,NA,NA,NA,NA,NA,NA,NA,NA,NA,NA,NA,NA,NA,NA,NA,NA,NA,NA,NA,NA,NA,NA,NA,NA,NA,NA,NA,NA,NA,NA,NA,NA,NA,NA,NA,NA,NA,NA,NA,NA,NA,NA,NA,NA,NA,727,NA,Claimant,Appointed by Loser,NA,NA,NA,NA,NA
FS_31SqaXu8JH0UFSN,10/31/2015 7:33,10/31/2015 13:33,0,Parties,a middle income economy,a low income economy,Claimant without legal merit,0,by the parties.,modest but growing local company in an emerging economy country,Fortune 500 company,unanimously,"each presented equally credible witnesses. The claimant’s expert calculated damages for US$4,002,100.00. The respondent’s expert calculated damages for US$1,059,307.00.",1,NA,NA,NA,NA,NA,NA,NA,NA,NA,NA,NA,NA,NA,NA,NA,NA,NA,NA,NA,NA,NA,NA,NA,NA,NA,NA,NA,NA,NA,NA,NA,NA,NA,NA,NA,NA,NA,NA,NA,NA,NA,NA,NA,NA,NA,730,NA,Respondent,Parties,NA,NA,NA,NA,NA
FS_30jgEuRa4Up95hj,11/7/2015 15:08,11/7/2015 22:08,0,Parties,a high income economy,a low income economy,Claimant wins,1,by the parties.,Fortune 500 company,modest but growing local company in an emerging economy country,by majority,"each presented equally credible witnesses. The claimant’s expert calculated damages for US$4,002,100.00. The respondent’s expert calculated damages for US$1,059,307.00.",1,NA,NA,NA,NA,NA,NA,NA,NA,NA,NA,NA,NA,NA,NA,NA,NA,NA,NA,NA,NA,NA,NA,NA,NA,NA,NA,NA,NA,NA,NA,NA,NA,NA,NA,NA,NA,NA,NA,NA,NA,NA,NA,NA,NA,NA,732,NA,Claimant,Parties,NA,NA,NA,NA,NA
FS_302URdv5tsKF4C6,11/4/2015 7:23,11/4/2015 14:23,0,Respondent,a middle income economy,a low income economy,Claimant wins,0,by the respondent.,modest but growing local company in an emerging economy country,Fortune 500 company,unanimously,"each presented equally credible witnesses. The claimant’s expert calculated damages for US$4,002,100.00. The respondent’s expert calculated damages for US$1,059,307.00.",1,NA,NA,NA,NA,NA,NA,NA,NA,NA,NA,NA,NA,NA,NA,NA,NA,NA,NA,NA,NA,NA,NA,NA,NA,NA,NA,NA,NA,NA,NA,NA,NA,NA,NA,NA,NA,NA,NA,NA,NA,NA,NA,NA,NA,NA,733,NA,Claimant,Appointed by Loser,NA,NA,NA,NA,NA
FS_2ZWz91OPc3VXQYb,10/28/2015 0:44,10/28/2015 6:44,0,Claimant,a middle income economy,a middle income economy,Claimant without legal merit,0,by the claimant.,Fortune 500 company,modest but growing local company in an emerging economy country,by majority,"agreed on an independent expert randomly selected from a pool of qualified experts who calculated damages for US$2,034,040.00.",1,NA,NA,NA,NA,NA,NA,NA,NA,NA,NA,NA,NA,NA,NA,NA,NA,NA,NA,NA,NA,NA,NA,NA,NA,NA,NA,NA,NA,NA,NA,NA,NA,NA,NA,NA,NA,NA,NA,NA,NA,NA,NA,NA,NA,NA,734,NA,Respondent,Appointed by Loser,NA,NA,NA,NA,NA
FS_2zSh8kq1veP0ZpS,10/27/2015 15:40,10/27/2015 21:40,0,Blind,a high income economy,a middle income economy,Claimant without legal merit,1,.,modest but growing local company in an emerging economy country,modest but growing local company in an emerging economy country,by majority,"each presented equally credible witnesses. The claimant’s expert calculated damages for US$4,002,100.00. The respondent’s expert calculated damages for US$1,059,307.00.",1,NA,NA,NA,NA,NA,NA,NA,NA,NA,NA,NA,NA,NA,NA,NA,NA,NA,NA,NA,NA,NA,NA,NA,NA,NA,NA,NA,NA,NA,NA,NA,NA,NA,NA,NA,NA,NA,NA,NA,NA,NA,NA,NA,NA,NA,735,NA,Respondent,Blind,NA,NA,NA,NA,NA
FS_2ZELuI4TgmUk9Bd,10/28/2015 2:20,10/28/2015 8:20,0,Parties,a high income economy,a low income economy,Outside jurisdiction,0,by the parties.,modest but growing local company in an emerging economy country,Fortune 500 company,by majority,"agreed on an independent expert randomly selected from a pool of qualified experts who calculated damages for US$2,034,040.00.",1,1,NA,NA,NA,NA,NA,NA,NA,NA,NA,NA,NA,NA,1,NA,NA,NA,NA,NA,NA,NA,NA,NA,NA,NA,NA,NA,NA,NA,NA,NA,NA,NA,NA,NA,NA,NA,NA,NA,NA,NA,NA,NA,NA,NA,736,NA,Respondent,Parties,NA,NA,NA,NA,NA
FS_2YWAPk8korhoLzS,11/1/2015 1:34,11/1/2015 7:34,0,Respondent,a high income economy,a middle income economy,Outside jurisdiction,0,by the respondent.,modest but growing local company in an emerging economy country,modest but growing local company in an emerging economy country,by majority,"each presented equally credible witnesses. The claimant’s expert calculated damages for US$4,002,100.00. The respondent’s expert calculated damages for US$1,059,307.00.",1,1,50,NA,NA,1,NA,NA,NA,NA,NA,NA,NA,NA,NA,NA,NA,NA,NA,NA,NA,NA,NA,NA,NA,NA,NA,NA,NA,NA,NA,NA,NA,NA,NA,NA,NA,NA,NA,NA,NA,NA,NA,NA,NA,NA,737,3,Respondent,Appointed by Winner,3,1,0,0,0
FS_2YD2Y9nPmkm8Q30,11/9/2015 12:08,11/9/2015 19:08,0,Blind,a high income economy,a middle income economy,Claimant wins,1,.,Fortune 500 company,Fortune 500 company,by majority,"each presented equally credible witnesses. The claimant’s expert calculated damages for US$4,002,100.00. The respondent’s expert calculated damages for US$1,059,307.00.",1,NA,NA,NA,NA,NA,NA,NA,NA,NA,NA,NA,NA,NA,NA,NA,NA,NA,NA,NA,NA,NA,NA,NA,NA,NA,NA,NA,NA,NA,NA,NA,NA,NA,NA,NA,NA,NA,NA,NA,NA,NA,NA,NA,NA,NA,738,NA,Claimant,Blind,NA,NA,NA,NA,NA
FS_2xXc6J5O84aFPMV,10/28/2015 6:04,10/28/2015 12:04,0,Claimant,a high income economy,a low income economy,Respondent wins,1,by the claimant.,modest but growing local company in an emerging economy country,Fortune 500 company,by majority,"agreed on an independent expert randomly selected from a pool of qualified experts who calculated damages for US$2,034,040.00.",1,NA,NA,NA,NA,NA,NA,NA,NA,NA,NA,NA,NA,NA,NA,NA,NA,NA,NA,NA,NA,NA,NA,NA,NA,NA,NA,NA,NA,NA,NA,NA,NA,NA,NA,NA,NA,NA,NA,NA,NA,NA,NA,NA,NA,NA,739,NA,Respondent,Appointed by Loser,NA,NA,NA,NA,NA
FS_2wH3roSz7WaKGLW,10/29/2015 5:35,10/29/2015 11:35,0,Blind,a high income economy,a middle income economy,Outside jurisdiction,0,.,Fortune 500 company,Fortune 500 company,unanimously,"agreed on an independent expert randomly selected from a pool of qualified experts who calculated damages for US$2,034,040.00.",1,NA,NA,NA,NA,NA,NA,NA,NA,NA,NA,NA,NA,NA,1,NA,NA,NA,NA,NA,NA,NA,NA,NA,NA,NA,NA,NA,NA,NA,NA,NA,NA,NA,NA,NA,NA,NA,NA,NA,NA,NA,NA,NA,NA,NA,746,NA,Respondent,Blind,NA,NA,NA,NA,NA
FS_2vZLhemMkXzStRH,10/28/2015 10:31,10/28/2015 16:31,0,Blind,a high income economy,a middle income economy,Respondent wins,0,.,Fortune 500 company,Fortune 500 company,by majority,"each presented equally credible witnesses. The claimant’s expert calculated damages for US$4,002,100.00. The respondent’s expert calculated damages for US$1,059,307.00.",1,NA,NA,NA,NA,NA,NA,NA,NA,NA,NA,NA,NA,NA,NA,NA,NA,NA,NA,NA,NA,NA,NA,NA,NA,NA,NA,NA,NA,NA,NA,NA,NA,NA,NA,NA,NA,NA,NA,NA,NA,NA,NA,NA,NA,NA,747,NA,Respondent,Blind,NA,NA,NA,NA,NA
FS_2tg26vhosLNEUQS,10/28/2015 9:41,10/28/2015 15:41,0,Blind,a middle income economy,a middle income economy,Claimant without legal merit,1,.,modest but growing local company in an emerging economy country,modest but growing local company in an emerging economy country,unanimously,"each presented equally credible witnesses. The claimant’s expert calculated damages for US$4,002,100.00. The respondent’s expert calculated damages for US$1,059,307.00.",1,NA,NA,NA,NA,NA,NA,NA,NA,NA,NA,NA,NA,NA,NA,NA,NA,NA,NA,NA,NA,NA,NA,NA,NA,NA,NA,NA,NA,NA,NA,NA,NA,NA,NA,NA,NA,NA,NA,NA,NA,NA,NA,NA,NA,NA,754,NA,Respondent,Blind,NA,NA,NA,NA,NA
FS_2tfZ8tOBOV0PY0A,11/10/2015 8:37,11/10/2015 15:37,0,Blind,a middle income economy,a low income economy,Outside jurisdiction,1,.,Fortune 500 company,Fortune 500 company,unanimously,"each presented equally credible witnesses. The claimant’s expert calculated damages for US$4,002,100.00. The respondent’s expert calculated damages for US$1,059,307.00.",1,NA,NA,NA,NA,NA,NA,NA,NA,NA,NA,NA,NA,NA,NA,NA,NA,NA,NA,NA,NA,NA,NA,NA,NA,NA,NA,NA,NA,NA,NA,NA,NA,NA,NA,NA,NA,NA,NA,NA,NA,NA,NA,NA,NA,NA,755,NA,Respondent,Blind,NA,NA,NA,NA,NA
FS_2RaVRfMyWdCu92p,10/27/2015 15:32,10/27/2015 21:32,0,Parties,a middle income economy,a low income economy,Claimant wins,0,by the parties.,modest but growing local company in an emerging economy country,modest but growing local company in an emerging economy country,by majority,"each presented equally credible witnesses. The claimant’s expert calculated damages for US$4,002,100.00. The respondent’s expert calculated damages for US$1,059,307.00.",1,1,100,NA,NA,NA,NA,1,NA,NA,NA,NA,NA,NA,NA,NA,NA,NA,NA,NA,NA,NA,NA,NA,NA,NA,NA,NA,NA,NA,NA,NA,NA,NA,NA,NA,NA,NA,NA,NA,NA,NA,NA,NA,NA,NA,760,5,Claimant,Parties,5,0,0,1,1
FS_2PcGRTJvUCSuBW8,10/28/2015 4:31,10/28/2015 10:31,0,Parties,a high income economy,a low income economy,Claimant wins,0,by the parties.,modest but growing local company in an emerging economy country,modest but growing local company in an emerging economy country,unanimously,"each presented equally credible witnesses. The claimant’s expert calculated damages for US$4,002,100.00. The respondent’s expert calculated damages for US$1,059,307.00.",1,NA,NA,NA,NA,NA,NA,NA,NA,NA,NA,NA,NA,NA,NA,NA,NA,NA,NA,NA,NA,NA,NA,NA,NA,NA,NA,NA,NA,NA,NA,NA,NA,NA,NA,NA,NA,NA,NA,NA,NA,NA,NA,NA,NA,NA,764,NA,Claimant,Parties,NA,NA,NA,NA,NA
FS_2OJuizd9YUkFyIe,10/28/2015 9:50,10/28/2015 15:50,0,Blind,a high income economy,a low income economy,Claimant wins,0,.,Fortune 500 company,Fortune 500 company,unanimously,"agreed on an independent expert randomly selected from a pool of qualified experts who calculated damages for US$2,034,040.00.",1,NA,NA,NA,NA,NA,NA,NA,NA,NA,NA,NA,NA,NA,NA,NA,NA,NA,NA,NA,NA,NA,NA,NA,NA,NA,NA,NA,NA,NA,NA,NA,NA,NA,NA,NA,NA,NA,NA,NA,NA,NA,NA,NA,NA,NA,766,NA,Claimant,Blind,NA,NA,NA,NA,NA
FS_2OGyccJqdVD87S5,10/27/2015 17:11,10/27/2015 23:11,0,Parties,a middle income economy,a middle income economy,Respondent wins,1,by the parties.,modest but growing local company in an emerging economy country,Fortune 500 company,unanimously,"each presented equally credible witnesses. The claimant’s expert calculated damages for US$4,002,100.00. The respondent’s expert calculated damages for US$1,059,307.00.",1,NA,NA,NA,NA,NA,NA,NA,NA,NA,NA,NA,NA,NA,NA,NA,NA,NA,NA,NA,NA,NA,NA,NA,NA,NA,NA,NA,NA,NA,NA,NA,NA,NA,NA,NA,NA,NA,NA,NA,NA,NA,NA,NA,NA,NA,768,NA,Respondent,Parties,NA,NA,NA,NA,NA
FS_2f8TiOzEGXlWOrU,10/28/2015 3:25,10/28/2015 9:25,0,Blind,a high income economy,a middle income economy,Respondent wins,0,.,Fortune 500 company,modest but growing local company in an emerging economy country,by majority,"each presented equally credible witnesses. The claimant’s expert calculated damages for US$4,002,100.00. The respondent’s expert calculated damages for US$1,059,307.00.",1,1,NA,NA,NA,NA,NA,NA,NA,NA,NA,NA,NA,NA,1,NA,NA,NA,NA,NA,NA,NA,NA,NA,NA,NA,NA,NA,NA,NA,NA,NA,NA,NA,NA,NA,NA,NA,NA,NA,NA,NA,NA,NA,NA,NA,770,NA,Respondent,Blind,NA,NA,NA,NA,NA
FS_2dXxzlst55pXUz0,10/28/2015 2:01,10/28/2015 8:01,0,Blind,a high income economy,a low income economy,Outside jurisdiction,0,.,modest but growing local company in an emerging economy country,Fortune 500 company,by majority,"agreed on an independent expert randomly selected from a pool of qualified experts who calculated damages for US$2,034,040.00.",1,1,NA,1,NA,NA,NA,NA,NA,NA,NA,NA,NA,NA,NA,NA,NA,NA,NA,NA,NA,NA,NA,NA,NA,NA,NA,NA,NA,NA,NA,NA,NA,NA,NA,NA,NA,NA,NA,NA,NA,NA,NA,NA,NA,NA,773,1,Respondent,Blind,5,0,0,1,1
FS_2doH6Pzh7FunsSs,10/28/2015 7:00,10/28/2015 13:00,0,Claimant,a high income economy,a middle income economy,Outside jurisdiction,0,by the claimant.,modest but growing local company in an emerging economy country,modest but growing local company in an emerging economy country,unanimously,"agreed on an independent expert randomly selected from a pool of qualified experts who calculated damages for US$2,034,040.00.",1,NA,NA,NA,NA,NA,NA,NA,NA,NA,NA,NA,NA,NA,NA,NA,NA,NA,NA,NA,NA,NA,NA,NA,NA,NA,NA,NA,NA,NA,NA,NA,NA,NA,NA,NA,NA,NA,NA,NA,NA,NA,NA,NA,NA,NA,775,NA,Respondent,Appointed by Loser,NA,NA,NA,NA,NA
FS_2D8G5KNbyiVAyEt,10/28/2015 9:40,10/28/2015 15:40,0,Parties,a high income economy,a middle income economy,Claimant without legal merit,1,by the parties.,Fortune 500 company,modest but growing local company in an emerging economy country,by majority,"each presented equally credible witnesses. The claimant’s expert calculated damages for US$4,002,100.00. The respondent’s expert calculated damages for US$1,059,307.00.",1,NA,NA,NA,NA,NA,NA,NA,NA,NA,NA,NA,NA,NA,NA,NA,NA,NA,NA,NA,NA,NA,NA,NA,NA,NA,NA,NA,NA,NA,NA,NA,NA,NA,NA,NA,NA,NA,NA,NA,NA,NA,NA,NA,NA,NA,778,NA,Respondent,Parties,NA,NA,NA,NA,NA
FS_2D2n12bQr2qrK80,10/27/2015 15:27,10/27/2015 21:27,0,Blind,a high income economy,a low income economy,Outside jurisdiction,1,.,Fortune 500 company,modest but growing local company in an emerging economy country,by majority,"each presented equally credible witnesses. The claimant’s expert calculated damages for US$4,002,100.00. The respondent’s expert calculated damages for US$1,059,307.00.",1,NA,NA,NA,NA,NA,NA,NA,NA,NA,NA,NA,NA,NA,NA,NA,NA,NA,NA,NA,NA,NA,NA,NA,NA,NA,NA,NA,NA,NA,NA,NA,NA,NA,NA,NA,NA,NA,NA,NA,NA,NA,NA,NA,NA,NA,779,NA,Respondent,Blind,NA,NA,NA,NA,NA
FS_2bI7TuSVbOtphZN,10/28/2015 3:57,10/28/2015 9:57,0,Blind,a middle income economy,a middle income economy,Outside jurisdiction,1,.,Fortune 500 company,modest but growing local company in an emerging economy country,by majority,"agreed on an independent expert randomly selected from a pool of qualified experts who calculated damages for US$2,034,040.00.",1,NA,NA,NA,NA,NA,NA,NA,NA,NA,NA,NA,NA,NA,NA,NA,NA,NA,NA,NA,NA,NA,NA,NA,NA,NA,NA,NA,NA,NA,NA,NA,NA,NA,NA,NA,NA,NA,NA,NA,NA,NA,NA,NA,NA,NA,782,NA,Respondent,Blind,NA,NA,NA,NA,NA
FS_28NwFuXkheaGnD0,10/28/2015 1:46,10/28/2015 7:46,0,Parties,a middle income economy,a low income economy,Respondent wins,0,by the parties.,modest but growing local company in an emerging economy country,Fortune 500 company,unanimously,"agreed on an independent expert randomly selected from a pool of qualified experts who calculated damages for US$2,034,040.00.",1,1,NA,NA,NA,1,NA,NA,NA,NA,NA,NA,NA,parties shoud ideally be bearing their own costs.,NA,NA,NA,NA,NA,NA,NA,NA,NA,NA,NA,NA,NA,NA,NA,NA,NA,NA,NA,NA,NA,NA,NA,NA,NA,NA,NA,NA,NA,NA,NA,NA,786,3,Respondent,Parties,3,1,0,0,0
FS_25RRw18nshgXYzr,11/22/2015 23:42,11/23/2015 6:42,0,Claimant,a middle income economy,a middle income economy,Claimant wins,0,by the claimant.,Fortune 500 company,modest but growing local company in an emerging economy country,by majority,"agreed on an independent expert randomly selected from a pool of qualified experts who calculated damages for US$2,034,040.00.",1,NA,NA,NA,NA,NA,NA,NA,NA,NA,NA,NA,NA,NA,NA,NA,NA,NA,NA,NA,NA,NA,NA,NA,NA,NA,NA,NA,NA,NA,NA,NA,NA,NA,NA,NA,NA,NA,NA,NA,NA,NA,NA,NA,NA,NA,789,NA,Claimant,Appointed by Winner,NA,NA,NA,NA,NA
FS_24OQrlS3IU0i0fc,10/28/2015 8:51,10/28/2015 14:51,0,Claimant,a middle income economy,a low income economy,Claimant wins,1,by the claimant.,Fortune 500 company,modest but growing local company in an emerging economy country,by majority,"agreed on an independent expert randomly selected from a pool of qualified experts who calculated damages for US$2,034,040.00.",1,1,NA,NA,NA,NA,NA,NA,NA,NA,NA,NA,NA,NA,NA,NA,NA,NA,NA,NA,NA,NA,NA,NA,NA,NA,NA,NA,NA,NA,NA,NA,NA,NA,NA,NA,NA,NA,NA,NA,NA,NA,NA,NA,NA,NA,790,NA,Claimant,Appointed by Winner,NA,NA,NA,NA,NA
FS_242UZsogXED3069,10/29/2015 6:29,10/29/2015 12:29,0,Parties,a middle income economy,a low income economy,Claimant wins,0,by the parties.,Fortune 500 company,modest but growing local company in an emerging economy country,unanimously,"each presented equally credible witnesses. The claimant’s expert calculated damages for US$4,002,100.00. The respondent’s expert calculated damages for US$1,059,307.00.",1,1,50,NA,NA,NA,NA,NA,NA,NA,NA,NA,NA,"Again, were the matters put before the tribunal of a nature that required consideration or should the defendant have conceded on merits? To the extent the matters required serious contemplation, or were caused by one party's actions, costs should follow the event. As for legal represenation, the costs should be reasonable and the parties' costs should not be disproportionate.",1,NA,50,NA,NA,NA,NA,NA,NA,NA,NA,NA,NA,"Insufficient information provided to be able to answer. Were the merits phase of the proceedings required or was the breach self evident? If self evident and resisted unnecessarily, costs should be awarded. If the merits phase raised valid issues that required serious analysis, then it may be appropriate that the parties bear their own costs. While both experts are seen to be equally credible, which expert's theories parallel those of the merits of the case?",NA,NA,NA,NA,NA,NA,NA,NA,NA,NA,NA,NA,NA,NA,NA,NA,NA,NA,791,NA,Claimant,Parties,NA,NA,NA,NA,NA
FS_22V2vKvPD0EcSqO,10/27/2015 16:48,10/27/2015 22:48,0,Blind,a high income economy,a low income economy,Outside jurisdiction,0,.,modest but growing local company in an emerging economy country,modest but growing local company in an emerging economy country,unanimously,"each presented equally credible witnesses. The claimant’s expert calculated damages for US$4,002,100.00. The respondent’s expert calculated damages for US$1,059,307.00.",1,NA,NA,NA,NA,NA,NA,NA,NA,NA,NA,NA,NA,NA,1,1059307,29,NA,NA,NA,NA,NA,NA,1,NA,NA,NA,"Ideally I would have preferred to have a tribunal appointed expert under Art 25.4 of the ICC Rules examining the damages further. Since this was not an option and the tribunal is not empowered to make a decicion ex equo et bono one has to find that only USD 1.059 mio are proven. Since Claimant prevails only in part, Respondent has to reimburse only a portion of Claimant's costs.",NA,NA,NA,NA,NA,NA,NA,NA,NA,NA,NA,NA,NA,NA,NA,NA,NA,NA,793,NA,Respondent,Blind,NA,NA,NA,NA,NA
FS_21679TP1f4r10EX,10/27/2015 18:30,10/28/2015 0:30,0,Parties,a high income economy,a low income economy,Respondent wins,1,by the parties.,Fortune 500 company,modest but growing local company in an emerging economy country,by majority,"each presented equally credible witnesses. The claimant’s expert calculated damages for US$4,002,100.00. The respondent’s expert calculated damages for US$1,059,307.00.",1,NA,NA,NA,NA,NA,NA,NA,NA,NA,NA,NA,NA,NA,NA,NA,NA,NA,NA,NA,NA,NA,NA,NA,NA,NA,NA,NA,NA,NA,NA,NA,NA,NA,NA,NA,NA,NA,NA,NA,NA,NA,NA,NA,NA,NA,795,NA,Respondent,Parties,NA,NA,NA,NA,NA
FS_20UOpKCgAG7Lk2h,10/28/2015 7:25,10/28/2015 13:25,0,Claimant,a middle income economy,a middle income economy,Respondent wins,0,by the claimant.,modest but growing local company in an emerging economy country,modest but growing local company in an emerging economy country,by majority,"agreed on an independent expert randomly selected from a pool of qualified experts who calculated damages for US$2,034,040.00.",1,NA,NA,NA,NA,NA,NA,NA,NA,NA,NA,NA,NA,NA,1,4002100,100,NA,NA,NA,NA,1,NA,NA,NA,NA,NA,A breach of contract damages the claimant in more ways than could be enumerated. He is demolished. Shunned by the market. Mere financial reimbursement alone is NOT just.,NA,NA,NA,NA,NA,NA,NA,NA,NA,NA,NA,NA,NA,NA,NA,NA,NA,NA,796,NA,Respondent,Appointed by Loser,NA,NA,NA,NA,NA
FS_1QheXmxXyuky7Xq,10/27/2015 18:06,10/28/2015 0:06,0,Respondent,a high income economy,a low income economy,Outside jurisdiction,0,by the respondent.,Fortune 500 company,modest but growing local company in an emerging economy country,by majority,"each presented equally credible witnesses. The claimant’s expert calculated damages for US$4,002,100.00. The respondent’s expert calculated damages for US$1,059,307.00.",1,NA,NA,NA,NA,NA,NA,NA,NA,NA,NA,NA,NA,NA,NA,NA,NA,NA,NA,NA,NA,NA,NA,NA,NA,NA,NA,NA,NA,NA,NA,NA,NA,NA,NA,NA,NA,NA,NA,NA,NA,NA,NA,NA,NA,NA,798,NA,Respondent,Appointed by Winner,NA,NA,NA,NA,NA
FS_1plZUphlUtj7q9v,10/28/2015 13:31,10/28/2015 19:31,0,Respondent,a middle income economy,a middle income economy,Respondent wins,1,by the respondent.,Fortune 500 company,modest but growing local company in an emerging economy country,unanimously,"agreed on an independent expert randomly selected from a pool of qualified experts who calculated damages for US$2,034,040.00.",1,NA,NA,NA,NA,NA,NA,NA,NA,NA,NA,NA,NA,NA,NA,NA,NA,NA,NA,NA,NA,NA,NA,NA,NA,NA,NA,NA,NA,NA,NA,NA,NA,NA,NA,NA,NA,NA,NA,NA,NA,NA,NA,NA,NA,NA,800,NA,Respondent,Appointed by Winner,NA,NA,NA,NA,NA
FS_1NlVtF1LbJf8Gcp,10/27/2015 16:13,10/27/2015 22:13,0,Blind,a high income economy,a middle income economy,Claimant wins,1,.,Fortune 500 company,modest but growing local company in an emerging economy country,by majority,"agreed on an independent expert randomly selected from a pool of qualified experts who calculated damages for US$2,034,040.00.",1,NA,NA,NA,NA,NA,NA,NA,NA,NA,NA,NA,NA,NA,NA,NA,NA,NA,NA,NA,NA,NA,NA,NA,NA,NA,NA,NA,NA,NA,NA,NA,NA,NA,NA,NA,NA,NA,NA,NA,NA,NA,NA,NA,NA,NA,805,NA,Claimant,Blind,NA,NA,NA,NA,NA
FS_1n6eqtEMR2qBlU0,10/27/2015 22:18,10/28/2015 4:18,0,Blind,a high income economy,a low income economy,Claimant without legal merit,1,.,modest but growing local company in an emerging economy country,Fortune 500 company,by majority,"each presented equally credible witnesses. The claimant’s expert calculated damages for US$4,002,100.00. The respondent’s expert calculated damages for US$1,059,307.00.",1,NA,NA,NA,NA,NA,NA,NA,NA,NA,NA,NA,NA,NA,NA,NA,NA,NA,NA,NA,NA,NA,NA,NA,NA,NA,NA,NA,NA,NA,NA,NA,NA,NA,NA,NA,NA,NA,NA,NA,NA,NA,NA,NA,NA,NA,807,NA,Respondent,Blind,NA,NA,NA,NA,NA
FS_1LprYsh5IPSIygT,10/28/2015 11:56,10/28/2015 17:56,0,Blind,a high income economy,a low income economy,Claimant wins,1,.,Fortune 500 company,modest but growing local company in an emerging economy country,by majority,"each presented equally credible witnesses. The claimant’s expert calculated damages for US$4,002,100.00. The respondent’s expert calculated damages for US$1,059,307.00.",1,NA,NA,NA,NA,NA,NA,NA,NA,NA,NA,NA,NA,NA,NA,NA,NA,NA,NA,NA,NA,NA,NA,NA,NA,NA,NA,NA,NA,NA,NA,NA,NA,NA,NA,NA,NA,NA,NA,NA,NA,NA,NA,NA,NA,NA,810,NA,Claimant,Blind,NA,NA,NA,NA,NA
FS_1kXE9xCXOuHqOds,10/27/2015 16:40,10/27/2015 22:40,0,Claimant,a middle income economy,a middle income economy,Respondent wins,0,by the claimant.,modest but growing local company in an emerging economy country,modest but growing local company in an emerging economy country,by majority,"each presented equally credible witnesses. The claimant’s expert calculated damages for US$4,002,100.00. The respondent’s expert calculated damages for US$1,059,307.00.",1,NA,NA,NA,NA,NA,NA,NA,NA,NA,NA,NA,NA,NA,1,NA,NA,NA,NA,NA,NA,NA,NA,NA,NA,NA,NA,NA,NA,NA,NA,NA,NA,NA,NA,NA,NA,NA,NA,NA,NA,NA,NA,NA,NA,NA,813,NA,Respondent,Appointed by Loser,NA,NA,NA,NA,NA
FS_1jNgqnde5OXIH5h,10/27/2015 21:56,10/28/2015 3:56,0,Claimant,a middle income economy,a middle income economy,Claimant wins,0,by the claimant.,Fortune 500 company,modest but growing local company in an emerging economy country,by majority,"each presented equally credible witnesses. The claimant’s expert calculated damages for US$4,002,100.00. The respondent’s expert calculated damages for US$1,059,307.00.",1,NA,NA,NA,NA,NA,NA,NA,NA,NA,NA,NA,NA,NA,NA,NA,NA,NA,NA,NA,NA,NA,NA,NA,NA,NA,NA,NA,NA,NA,NA,NA,NA,NA,NA,NA,NA,NA,NA,NA,NA,NA,NA,NA,NA,NA,816,NA,Claimant,Appointed by Winner,NA,NA,NA,NA,NA
FS_1JEfXYBdPJ2uP5u,10/28/2015 14:32,10/28/2015 20:32,0,Parties,a middle income economy,a middle income economy,Claimant wins,1,by the parties.,Fortune 500 company,modest but growing local company in an emerging economy country,by majority,"agreed on an independent expert randomly selected from a pool of qualified experts who calculated damages for US$2,034,040.00.",1,NA,NA,NA,NA,NA,NA,NA,NA,NA,NA,NA,NA,NA,NA,NA,NA,NA,NA,NA,NA,NA,NA,NA,NA,NA,NA,NA,NA,NA,NA,NA,NA,NA,NA,NA,NA,NA,NA,NA,NA,NA,NA,NA,NA,NA,817,NA,Claimant,Parties,NA,NA,NA,NA,NA
FS_1istD39prFRzwlr,10/29/2015 7:36,10/29/2015 13:36,0,Parties,a middle income economy,a middle income economy,Respondent wins,0,by the parties.,Fortune 500 company,Fortune 500 company,unanimously,"each presented equally credible witnesses. The claimant’s expert calculated damages for US$4,002,100.00. The respondent’s expert calculated damages for US$1,059,307.00.",1,1,NA,NA,NA,NA,NA,NA,NA,NA,NA,NA,NA,NA,1,NA,NA,NA,NA,NA,NA,NA,NA,NA,NA,NA,NA,NA,NA,NA,NA,NA,NA,NA,NA,NA,NA,NA,NA,NA,NA,NA,NA,NA,NA,NA,818,NA,Respondent,Parties,NA,NA,NA,NA,NA
FS_1hMwcqkhzrCMzEh,11/15/2015 13:03,11/15/2015 20:03,0,Parties,a high income economy,a middle income economy,Claimant wins,1,by the parties.,modest but growing local company in an emerging economy country,Fortune 500 company,by majority,"agreed on an independent expert randomly selected from a pool of qualified experts who calculated damages for US$2,034,040.00.",1,NA,NA,NA,NA,NA,NA,NA,NA,NA,NA,NA,NA,NA,NA,NA,NA,NA,NA,NA,NA,NA,NA,NA,NA,NA,NA,NA,NA,NA,NA,NA,NA,NA,NA,NA,NA,NA,NA,NA,NA,NA,NA,NA,NA,NA,823,NA,Claimant,Parties,NA,NA,NA,NA,NA
FS_1gUwB5HpFBbFS5N,10/30/2015 12:40,10/30/2015 18:40,0,Respondent,a middle income economy,a middle income economy,Claimant wins,1,by the respondent.,modest but growing local company in an emerging economy country,modest but growing local company in an emerging economy country,unanimously,"agreed on an independent expert randomly selected from a pool of qualified experts who calculated damages for US$2,034,040.00.",1,NA,NA,NA,NA,NA,NA,NA,NA,NA,NA,NA,NA,NA,NA,NA,NA,NA,NA,NA,NA,NA,NA,NA,NA,NA,NA,NA,NA,NA,NA,NA,NA,NA,NA,NA,NA,NA,NA,NA,NA,NA,NA,NA,NA,NA,827,NA,Claimant,Appointed by Loser,NA,NA,NA,NA,NA
FS_1gO5lLTdAuXGKgw,10/28/2015 13:01,10/28/2015 19:01,0,Claimant,a middle income economy,a middle income economy,Claimant without legal merit,1,by the claimant.,Fortune 500 company,modest but growing local company in an emerging economy country,by majority,"each presented equally credible witnesses. The claimant’s expert calculated damages for US$4,002,100.00. The respondent’s expert calculated damages for US$1,059,307.00.",1,NA,NA,NA,NA,NA,NA,NA,NA,NA,NA,NA,NA,NA,NA,NA,NA,NA,NA,NA,NA,NA,NA,NA,NA,NA,NA,NA,NA,NA,NA,NA,NA,NA,NA,NA,NA,NA,NA,NA,NA,NA,NA,NA,NA,NA,828,NA,Respondent,Appointed by Loser,NA,NA,NA,NA,NA
FS_1ghgvdIKTwE2eTd,10/28/2015 9:23,10/28/2015 15:23,0,Parties,a high income economy,a low income economy,Respondent wins,0,by the parties.,modest but growing local company in an emerging economy country,Fortune 500 company,by majority,"agreed on an independent expert randomly selected from a pool of qualified experts who calculated damages for US$2,034,040.00.",1,NA,NA,NA,NA,NA,NA,NA,NA,NA,NA,NA,NA,NA,NA,NA,NA,NA,NA,NA,NA,NA,NA,NA,NA,NA,NA,NA,NA,NA,NA,NA,NA,NA,NA,NA,NA,NA,NA,NA,NA,NA,NA,NA,NA,NA,831,NA,Respondent,Parties,NA,NA,NA,NA,NA
FS_1eXG7MkZRE53YkE,10/29/2015 11:37,10/29/2015 17:37,0,Blind,a middle income economy,a low income economy,Claimant without legal merit,1,.,modest but growing local company in an emerging economy country,modest but growing local company in an emerging economy country,by majority,"each presented equally credible witnesses. The claimant’s expert calculated damages for US$4,002,100.00. The respondent’s expert calculated damages for US$1,059,307.00.",1,NA,NA,NA,NA,NA,NA,NA,NA,NA,NA,NA,NA,NA,NA,NA,NA,NA,NA,NA,NA,NA,NA,NA,NA,NA,NA,NA,NA,NA,NA,NA,NA,NA,NA,NA,NA,NA,NA,NA,NA,NA,NA,NA,NA,NA,836,NA,Respondent,Blind,NA,NA,NA,NA,NA
FS_1EcGtairBIhGRrD,10/27/2015 15:15,10/27/2015 21:15,0,Claimant,a high income economy,a low income economy,Respondent wins,1,by the claimant.,modest but growing local company in an emerging economy country,modest but growing local company in an emerging economy country,by majority,"agreed on an independent expert randomly selected from a pool of qualified experts who calculated damages for US$2,034,040.00.",1,1,20,NA,1,NA,NA,NA,NA,NA,NA,1,NA,A state will always face cases that fail but fail some kind of frivolous test.  Bust cost-shifting is the norm.  The facts however are not usually so clear that there would be full indemnity shifting.,NA,NA,NA,NA,NA,NA,NA,NA,NA,NA,NA,NA,NA,NA,NA,NA,NA,NA,NA,NA,NA,NA,NA,NA,NA,NA,NA,NA,NA,NA,NA,NA,838,2,Respondent,Appointed by Loser,4,0,1,0,1
FS_1Eb6swPxYuFlRc8,10/28/2015 9:25,10/28/2015 15:25,0,Claimant,a high income economy,a low income economy,Outside jurisdiction,1,by the claimant.,modest but growing local company in an emerging economy country,Fortune 500 company,by majority,"each presented equally credible witnesses. The claimant’s expert calculated damages for US$4,002,100.00. The respondent’s expert calculated damages for US$1,059,307.00.",1,NA,NA,NA,NA,NA,NA,NA,NA,NA,NA,NA,NA,NA,NA,NA,NA,NA,NA,NA,NA,NA,NA,NA,NA,NA,NA,NA,NA,NA,NA,NA,NA,NA,NA,NA,NA,NA,NA,NA,NA,NA,NA,NA,NA,NA,839,NA,Respondent,Appointed by Loser,NA,NA,NA,NA,NA
FS_1DA6N4LuoxksQ6y,10/28/2015 4:41,10/28/2015 10:41,0,Claimant,a high income economy,a low income economy,Claimant wins,0,by the claimant.,modest but growing local company in an emerging economy country,modest but growing local company in an emerging economy country,unanimously,"agreed on an independent expert randomly selected from a pool of qualified experts who calculated damages for US$2,034,040.00.",1,1,NA,NA,NA,NA,NA,NA,NA,NA,NA,NA,NA,NA,1,NA,NA,NA,NA,NA,NA,NA,NA,NA,NA,NA,NA,NA,NA,NA,NA,NA,NA,NA,NA,NA,NA,NA,NA,NA,NA,NA,NA,NA,NA,NA,841,NA,Claimant,Appointed by Winner,NA,NA,NA,NA,NA
FS_1d5dNdh5tzoPvUF,10/29/2015 4:46,10/29/2015 10:46,0,Claimant,a middle income economy,a middle income economy,Respondent wins,0,by the claimant.,Fortune 500 company,modest but growing local company in an emerging economy country,unanimously,"each presented equally credible witnesses. The claimant’s expert calculated damages for US$4,002,100.00. The respondent’s expert calculated damages for US$1,059,307.00.",1,NA,NA,NA,NA,NA,NA,NA,NA,NA,NA,NA,NA,NA,NA,NA,NA,NA,NA,NA,NA,NA,NA,NA,NA,NA,NA,NA,NA,NA,NA,NA,NA,NA,NA,NA,NA,NA,NA,NA,NA,NA,NA,NA,NA,NA,842,NA,Respondent,Appointed by Loser,NA,NA,NA,NA,NA
FS_1C9YWkjXIUp8fd9,10/30/2015 5:17,10/30/2015 11:17,0,Parties,a high income economy,a low income economy,Claimant wins,0,by the parties.,Fortune 500 company,Fortune 500 company,unanimously,"agreed on an independent expert randomly selected from a pool of qualified experts who calculated damages for US$2,034,040.00.",1,NA,NA,NA,NA,NA,NA,NA,NA,NA,NA,NA,NA,NA,NA,NA,NA,NA,NA,NA,NA,NA,NA,NA,NA,NA,NA,NA,NA,NA,NA,NA,NA,NA,NA,NA,NA,NA,NA,NA,NA,NA,NA,NA,NA,NA,845,NA,Claimant,Parties,NA,NA,NA,NA,NA
FS_1C7wLQmprypTmHR,10/28/2015 1:18,10/28/2015 7:18,0,Parties,a middle income economy,a middle income economy,Respondent wins,0,by the parties.,Fortune 500 company,Fortune 500 company,unanimously,"each presented equally credible witnesses. The claimant’s expert calculated damages for US$4,002,100.00. The respondent’s expert calculated damages for US$1,059,307.00.",1,NA,NA,NA,NA,NA,NA,NA,NA,NA,NA,NA,NA,NA,NA,NA,NA,NA,NA,NA,NA,NA,NA,NA,NA,NA,NA,NA,NA,NA,NA,NA,NA,NA,NA,NA,NA,NA,NA,NA,NA,NA,NA,NA,NA,NA,847,NA,Respondent,Parties,NA,NA,NA,NA,NA
FS_1BPBw8FQ62OHntQ,10/27/2015 15:32,10/27/2015 21:32,0,Blind,a high income economy,a middle income economy,Respondent wins,0,.,Fortune 500 company,modest but growing local company in an emerging economy country,by majority,"agreed on an independent expert randomly selected from a pool of qualified experts who calculated damages for US$2,034,040.00.",1,NA,NA,NA,NA,NA,NA,NA,NA,NA,NA,NA,NA,NA,NA,NA,NA,NA,NA,NA,NA,NA,NA,NA,NA,NA,NA,NA,NA,NA,NA,NA,NA,NA,NA,NA,NA,NA,NA,NA,NA,NA,NA,NA,NA,NA,850,NA,Respondent,Blind,NA,NA,NA,NA,NA
FS_12JrvhJWATVhiMP,10/28/2015 3:21,10/28/2015 9:21,0,Parties,a high income economy,a low income economy,Respondent wins,1,by the parties.,Fortune 500 company,modest but growing local company in an emerging economy country,by majority,"each presented equally credible witnesses. The claimant’s expert calculated damages for US$4,002,100.00. The respondent’s expert calculated damages for US$1,059,307.00.",1,NA,NA,NA,NA,NA,NA,NA,NA,NA,NA,NA,NA,NA,NA,NA,NA,NA,NA,NA,NA,NA,NA,NA,NA,NA,NA,NA,NA,NA,NA,NA,NA,NA,NA,NA,NA,NA,NA,NA,NA,NA,NA,NA,NA,NA,851,NA,Respondent,Parties,NA,NA,NA,NA,NA
FS_10DIqC7IASwhY5P,10/27/2015 16:26,10/27/2015 22:26,0,Claimant,a high income economy,a middle income economy,Claimant without legal merit,0,by the claimant.,modest but growing local company in an emerging economy country,Fortune 500 company,by majority,"each presented equally credible witnesses. The claimant’s expert calculated damages for US$4,002,100.00. The respondent’s expert calculated damages for US$1,059,307.00.",1,1,50,NA,NA,NA,NA,NA,NA,NA,NA,NA,NA,NA,NA,NA,NA,NA,NA,NA,NA,NA,NA,NA,NA,NA,NA,NA,NA,NA,NA,NA,NA,NA,NA,NA,NA,NA,NA,NA,NA,NA,NA,NA,NA,NA,853,NA,Respondent,Appointed by Loser,NA,NA,NA,NA,NA
FS_03bCaRr7GELMGlz,10/27/2015 20:10,10/28/2015 2:10,0,Claimant,a high income economy,a middle income economy,Claimant without legal merit,0,by the claimant.,modest but growing local company in an emerging economy country,Fortune 500 company,unanimously,"each presented equally credible witnesses. The claimant’s expert calculated damages for US$4,002,100.00. The respondent’s expert calculated damages for US$1,059,307.00.",1,NA,NA,NA,NA,NA,NA,NA,NA,NA,NA,NA,NA,NA,1,2500000,75,NA,NA,NA,NA,NA,NA,1,NA,NA,NA,NA,NA,NA,NA,NA,NA,NA,NA,NA,NA,NA,NA,NA,NA,NA,NA,NA,NA,NA,858,NA,Respondent,Appointed by Loser,NA,NA,NA,NA,NA
